Customer_ID,Customer_Name,Gender,Age,Email,City,State,City_Tier,Signup_Date
CUST00001,Rahul Kumar,Male,36,rahul.kumar1@example.com,Pune,Maharashtra,Tier 1,2024-05-10
CUST00002,Vikram Verma,Male,26,vikram.verma2@example.com,Coimbatore,Tamil Nadu,Tier 2,2022-05-02
CUST00003,Manoj Reddy,Male,18,manoj.reddy3@example.com,Pune,Maharashtra,Tier 1,2022-11-27
CUST00004,Amit Gupta,Male,27,amit.gupta4@example.com,Mumbai,Maharashtra,Tier 1,2022-05-11
CUST00005,Deepak Gupta,Male,34,deepak.gupta5@example.com,Delhi,Delhi,Tier 1,2024-02-09
CUST00006,Pooja Iyer,Female,33,pooja.iyer6@example.com,Pune,Maharashtra,Tier 1,2024-08-13
CUST00007,Priya Patel,Female,32,priya.patel7@example.com,Chennai,Tamil Nadu,Tier 1,2023-04-05
CUST00008,Kavita Kumar,Female,28,kavita.kumar8@example.com,Pune,Maharashtra,Tier 1,2023-12-01
CUST00009,Arjun Verma,Male,33,arjun.verma9@example.com,Delhi,Delhi,Tier 1,2022-07-09
CUST00010,Anjali Singh,Female,25,anjali.singh10@example.com,Mumbai,Maharashtra,Tier 1,2024-04-11
CUST00011,Priya Iyer,Female,26,priya.iyer11@example.com,Nashik,Maharashtra,Tier 2,2023-10-09
CUST00012,Karan Verma,Male,40,karan.verma12@example.com,Chennai,Tamil Nadu,Tier 1,2022-04-02
CUST00013,Shreya Singh,Female,28,shreya.singh13@example.com,Chennai,Tamil Nadu,Tier 1,2023-05-24
CUST00014,Amit Sharma,Male,35,amit.sharma14@example.com,Chennai,Tamil Nadu,Tier 1,2024-10-22
CUST00015,Suresh Verma,Male,20,suresh.verma15@example.com,Pune,Maharashtra,Tier 1,2023-07-20
CUST00016,Karan Kumar,Male,33,karan.kumar16@example.com,Sagar,Madhya Pradesh,Tier 3,2023-12-31
CUST00017,Neha Singh,Female,33,neha.singh17@example.com,Hyderabad,Telangana,Tier 1,2022-07-21
CUST00018,Suresh Verma,Male,39,suresh.verma18@example.com,Ratlam,Madhya Pradesh,Tier 3,2023-04-01
CUST00019,Deepak Gupta,Male,34,deepak.gupta19@example.com,Jodhpur,Rajasthan,Tier 2,2024-10-13
CUST00020,Ritu Kumar,Female,46,ritu.kumar20@example.com,Bhopal,Madhya Pradesh,Tier 2,2022-08-05
CUST00021,Arjun Sharma,Male,23,arjun.sharma21@example.com,Pune,Maharashtra,Tier 1,2023-01-15
CUST00022,Arjun Reddy,Male,22,arjun.reddy22@example.com,Delhi,Delhi,Tier 1,2023-06-05
CUST00023,Rohan Joshi,Male,41,rohan.joshi23@example.com,Rewa,Madhya Pradesh,Tier 3,2023-10-10
CUST00024,Pooja Iyer,Female,40,pooja.iyer24@example.com,Shillong,Meghalaya,Tier 3,2022-08-19
CUST00025,Neha Kumar,Female,34,neha.kumar25@example.com,Aurangabad,Maharashtra,Tier 2,2024-11-17
CUST00026,Deepak Nair,Male,40,deepak.nair26@example.com,Delhi,Delhi,Tier 1,2023-05-18
CUST00027,Shreya Reddy,Female,39,shreya.reddy27@example.com,Bangalore,Karnataka,Tier 1,2024-03-15
CUST00028,Vikram Nair,Male,44,vikram.nair28@example.com,Ratlam,Madhya Pradesh,Tier 3,2024-08-18
CUST00029,Rahul Verma,Male,35,rahul.verma29@example.com,Hyderabad,Telangana,Tier 1,2023-10-05
CUST00030,Karan Joshi,Male,45,karan.joshi30@example.com,Bhavnagar,Gujarat,Tier 3,2024-05-20
CUST00031,Ritu Joshi,Female,28,ritu.joshi31@example.com,Mumbai,Maharashtra,Tier 1,2022-07-26
CUST00032,Meera Sharma,Female,31,meera.sharma32@example.com,Hyderabad,Telangana,Tier 1,2024-05-13
CUST00033,Deepak Kumar,Male,48,deepak.kumar33@example.com,Amritsar,Punjab,Tier 2,2023-07-18
CUST00034,Anjali Kumar,Female,37,anjali.kumar34@example.com,Kolkata,West Bengal,Tier 1,2022-08-19
CUST00035,Sanjay Sharma,Male,24,sanjay.sharma35@example.com,Hyderabad,Telangana,Tier 1,2023-06-25
CUST00036,Meera Patel,Female,27,meera.patel36@example.com,Shillong,Meghalaya,Tier 3,2023-07-11
CUST00037,Suresh Nair,Male,34,suresh.nair37@example.com,Chennai,Tamil Nadu,Tier 1,2024-10-09
CUST00038,Vikram Singh,Male,34,vikram.singh38@example.com,Chennai,Tamil Nadu,Tier 1,2022-07-09
CUST00039,Deepak Nair,Male,34,deepak.nair39@example.com,Kolkata,West Bengal,Tier 1,2023-09-25
CUST00040,Divya Sharma,Female,34,divya.sharma40@example.com,Mumbai,Maharashtra,Tier 1,2023-10-11
CUST00041,Sneha Gupta,Female,26,sneha.gupta41@example.com,Indore,Madhya Pradesh,Tier 2,2023-11-15
CUST00042,Manoj Verma,Male,27,manoj.verma42@example.com,Mumbai,Maharashtra,Tier 1,2023-03-18
CUST00043,Anjali Nair,Female,32,anjali.nair43@example.com,Akola,Maharashtra,Tier 3,2024-08-09
CUST00044,Sanjay Nair,Male,28,sanjay.nair44@example.com,Bhopal,Madhya Pradesh,Tier 2,2024-05-04
CUST00045,Meera Joshi,Female,26,meera.joshi45@example.com,Delhi,Delhi,Tier 1,2023-01-20
CUST00046,Deepak Gupta,Male,28,deepak.gupta46@example.com,Aurangabad,Maharashtra,Tier 2,2022-09-04
CUST00047,Ritu Singh,Female,20,ritu.singh47@example.com,Raipur,Chhattisgarh,Tier 2,2022-07-22
CUST00048,Anjali Gupta,Female,25,anjali.gupta48@example.com,Hisar,Haryana,Tier 3,2024-06-02
CUST00049,Arjun Sharma,Male,24,arjun.sharma49@example.com,Sagar,Madhya Pradesh,Tier 3,2024-09-08
CUST00050,Manoj Gupta,Male,32,manoj.gupta50@example.com,Bilaspur,Chhattisgarh,Tier 3,2022-07-06
CUST00051,Rahul Gupta,Male,22,rahul.gupta51@example.com,Mumbai,Maharashtra,Tier 1,2023-10-22
CUST00052,Arjun Verma,Male,25,arjun.verma52@example.com,Indore,Madhya Pradesh,Tier 2,2022-05-27
CUST00053,Suresh Iyer,Male,23,suresh.iyer53@example.com,Chennai,Tamil Nadu,Tier 1,2023-05-04
CUST00054,Manoj Joshi,Male,45,manoj.joshi54@example.com,Sagar,Madhya Pradesh,Tier 3,2023-10-03
CUST00055,Sanjay Reddy,Male,33,sanjay.reddy55@example.com,Rajkot,Gujarat,Tier 2,2023-04-18
CUST00056,Amit Reddy,Male,19,amit.reddy56@example.com,Coimbatore,Tamil Nadu,Tier 2,2022-09-20
CUST00057,Ritu Iyer,Female,32,ritu.iyer57@example.com,Nashik,Maharashtra,Tier 2,2022-12-12
CUST00058,Amit Sharma,Male,35,amit.sharma58@example.com,Kolkata,West Bengal,Tier 1,2024-06-15
CUST00059,Anjali Gupta,Female,34,anjali.gupta59@example.com,Hyderabad,Telangana,Tier 1,2023-03-29
CUST00060,Deepak Iyer,Male,39,deepak.iyer60@example.com,Delhi,Delhi,Tier 1,2024-03-26
CUST00061,Neha Kumar,Female,34,neha.kumar61@example.com,Bhavnagar,Gujarat,Tier 3,2023-02-08
CUST00062,Amit Iyer,Male,35,amit.iyer62@example.com,Rajkot,Gujarat,Tier 2,2023-08-10
CUST00063,Rahul Nair,Male,34,rahul.nair63@example.com,Rohtak,Haryana,Tier 3,2022-04-14
CUST00064,Amit Gupta,Male,25,amit.gupta64@example.com,Kolkata,West Bengal,Tier 1,2024-05-27
CUST00065,Divya Iyer,Female,33,divya.iyer65@example.com,Bhopal,Madhya Pradesh,Tier 2,2024-04-01
CUST00066,Priya Patel,Female,31,priya.patel66@example.com,Delhi,Delhi,Tier 1,2024-03-11
CUST00067,Karan Kumar,Male,38,karan.kumar67@example.com,Aurangabad,Maharashtra,Tier 2,2024-03-26
CUST00068,Ritu Nair,Female,43,ritu.nair68@example.com,Hisar,Haryana,Tier 3,2023-02-05
CUST00069,Neha Gupta,Female,29,neha.gupta69@example.com,Pune,Maharashtra,Tier 1,2023-11-19
CUST00070,Rahul Joshi,Male,25,rahul.joshi70@example.com,Bangalore,Karnataka,Tier 1,2024-01-20
CUST00071,Arjun Sharma,Male,39,arjun.sharma71@example.com,Raipur,Chhattisgarh,Tier 2,2022-08-18
CUST00072,Meera Nair,Female,29,meera.nair72@example.com,Nagpur,Maharashtra,Tier 2,2022-08-14
CUST00073,Deepak Verma,Male,39,deepak.verma73@example.com,Delhi,Delhi,Tier 1,2022-10-11
CUST00074,Amit Joshi,Male,35,amit.joshi74@example.com,Kolkata,West Bengal,Tier 1,2024-03-26
CUST00075,Karan Verma,Male,31,karan.verma75@example.com,Mumbai,Maharashtra,Tier 1,2023-07-01
CUST00076,Manoj Joshi,Male,33,manoj.joshi76@example.com,Chennai,Tamil Nadu,Tier 1,2023-06-02
CUST00077,Karan Joshi,Male,30,karan.joshi77@example.com,Mumbai,Maharashtra,Tier 1,2024-11-26
CUST00078,Sneha Gupta,Female,38,sneha.gupta78@example.com,Bilaspur,Chhattisgarh,Tier 3,2023-12-01
CUST00079,Pooja Kumar,Female,23,pooja.kumar79@example.com,Ambala,Haryana,Tier 3,2022-07-10
CUST00080,Suresh Iyer,Male,26,suresh.iyer80@example.com,Hyderabad,Telangana,Tier 1,2022-05-08
CUST00081,Rahul Iyer,Male,37,rahul.iyer81@example.com,Bangalore,Karnataka,Tier 1,2023-07-20
CUST00082,Amit Nair,Male,47,amit.nair82@example.com,Chennai,Tamil Nadu,Tier 1,2024-05-03
CUST00083,Neha Singh,Female,22,neha.singh83@example.com,Delhi,Delhi,Tier 1,2022-06-04
CUST00084,Arjun Kumar,Male,21,arjun.kumar84@example.com,Akola,Maharashtra,Tier 3,2022-09-03
CUST00085,Meera Kumar,Female,18,meera.kumar85@example.com,Delhi,Delhi,Tier 1,2024-01-29
CUST00086,Deepak Kumar,Male,27,deepak.kumar86@example.com,Jodhpur,Rajasthan,Tier 2,2024-04-07
CUST00087,Vikram Kumar,Male,37,vikram.kumar87@example.com,Amritsar,Punjab,Tier 2,2022-02-05
CUST00088,Deepak Patel,Male,42,deepak.patel88@example.com,Indore,Madhya Pradesh,Tier 2,2023-02-04
CUST00089,Shreya Gupta,Female,32,shreya.gupta89@example.com,Bangalore,Karnataka,Tier 1,2023-04-16
CUST00090,Pooja Kumar,Female,28,pooja.kumar90@example.com,Pune,Maharashtra,Tier 1,2024-05-03
CUST00091,Sneha Sharma,Female,28,sneha.sharma91@example.com,Chennai,Tamil Nadu,Tier 1,2023-07-29
CUST00092,Sneha Sharma,Female,37,sneha.sharma92@example.com,Mumbai,Maharashtra,Tier 1,2024-09-29
CUST00093,Neha Kumar,Female,27,neha.kumar93@example.com,Mumbai,Maharashtra,Tier 1,2024-09-19
CUST00094,Meera Reddy,Female,38,meera.reddy94@example.com,Bhavnagar,Gujarat,Tier 3,2024-02-13
CUST00095,Amit Verma,Male,46,amit.verma95@example.com,Chennai,Tamil Nadu,Tier 1,2024-06-02
CUST00096,Deepak Sharma,Male,25,deepak.sharma96@example.com,Pune,Maharashtra,Tier 1,2023-10-18
CUST00097,Karan Patel,Male,20,karan.patel97@example.com,Ratlam,Madhya Pradesh,Tier 3,2023-09-28
CUST00098,Kavita Sharma,Female,18,kavita.sharma98@example.com,Nagpur,Maharashtra,Tier 2,2024-01-11
CUST00099,Rohan Verma,Male,48,rohan.verma99@example.com,Bangalore,Karnataka,Tier 1,2024-03-01
CUST00100,Shreya Patel,Female,25,shreya.patel100@example.com,Bangalore,Karnataka,Tier 1,2023-09-26
CUST00101,Vikram Reddy,Male,29,vikram.reddy101@example.com,Delhi,Delhi,Tier 1,2024-03-12
CUST00102,Arjun Reddy,Male,30,arjun.reddy102@example.com,Mumbai,Maharashtra,Tier 1,2024-06-15
CUST00103,Suresh Patel,Male,51,suresh.patel103@example.com,Ambala,Haryana,Tier 3,2023-12-05
CUST00104,Karan Sharma,Male,41,karan.sharma104@example.com,Kolkata,West Bengal,Tier 1,2022-06-03
CUST00105,Pooja Gupta,Female,28,pooja.gupta105@example.com,Kolkata,West Bengal,Tier 1,2024-09-23
CUST00106,Kavita Kumar,Female,24,kavita.kumar106@example.com,Kolkata,West Bengal,Tier 1,2024-10-05
CUST00107,Rohan Sharma,Male,29,rohan.sharma107@example.com,Kolkata,West Bengal,Tier 1,2024-08-15
CUST00108,Karan Singh,Male,48,karan.singh108@example.com,Pune,Maharashtra,Tier 1,2023-03-08
CUST00109,Suresh Singh,Male,46,suresh.singh109@example.com,Rewa,Madhya Pradesh,Tier 3,2022-12-23
CUST00110,Meera Singh,Female,19,meera.singh110@example.com,Amritsar,Punjab,Tier 2,2024-03-12
CUST00111,Suresh Patel,Male,32,suresh.patel111@example.com,Mumbai,Maharashtra,Tier 1,2024-02-01
CUST00112,Priya Verma,Female,38,priya.verma112@example.com,Jodhpur,Rajasthan,Tier 2,2023-05-31
CUST00113,Kavita Singh,Female,30,kavita.singh113@example.com,Jodhpur,Rajasthan,Tier 2,2022-12-02
CUST00114,Karan Joshi,Male,32,karan.joshi114@example.com,Aurangabad,Maharashtra,Tier 2,2024-05-01
CUST00115,Priya Reddy,Female,22,priya.reddy115@example.com,Coimbatore,Tamil Nadu,Tier 2,2023-11-21
CUST00116,Arjun Reddy,Male,33,arjun.reddy116@example.com,Latur,Maharashtra,Tier 3,2022-10-12
CUST00117,Shreya Singh,Female,18,shreya.singh117@example.com,Mumbai,Maharashtra,Tier 1,2023-05-14
CUST00118,Suresh Nair,Male,42,suresh.nair118@example.com,Amritsar,Punjab,Tier 2,2023-08-28
CUST00119,Kavita Reddy,Female,26,kavita.reddy119@example.com,Rewa,Madhya Pradesh,Tier 3,2024-10-18
CUST00120,Meera Patel,Female,39,meera.patel120@example.com,Pune,Maharashtra,Tier 1,2023-02-17
CUST00121,Ritu Patel,Female,26,ritu.patel121@example.com,Delhi,Delhi,Tier 1,2023-12-30
CUST00122,Ritu Nair,Female,39,ritu.nair122@example.com,Chennai,Tamil Nadu,Tier 1,2023-04-02
CUST00123,Sneha Gupta,Female,31,sneha.gupta123@example.com,Nagpur,Maharashtra,Tier 2,2024-01-09
CUST00124,Divya Iyer,Female,33,divya.iyer124@example.com,Hyderabad,Telangana,Tier 1,2022-04-06
CUST00125,Deepak Iyer,Male,38,deepak.iyer125@example.com,Hyderabad,Telangana,Tier 1,2022-02-06
CUST00126,Amit Kumar,Male,21,amit.kumar126@example.com,Raipur,Chhattisgarh,Tier 2,2024-05-16
CUST00127,Anjali Gupta,Female,18,anjali.gupta127@example.com,Chennai,Tamil Nadu,Tier 1,2022-03-03
CUST00128,Pooja Gupta,Female,31,pooja.gupta128@example.com,Pune,Maharashtra,Tier 1,2024-11-08
CUST00129,Rahul Gupta,Male,35,rahul.gupta129@example.com,Delhi,Delhi,Tier 1,2023-01-31
CUST00130,Sanjay Reddy,Male,30,sanjay.reddy130@example.com,Rajkot,Gujarat,Tier 2,2024-04-30
CUST00131,Karan Iyer,Male,18,karan.iyer131@example.com,Amritsar,Punjab,Tier 2,2022-05-24
CUST00132,Vikram Sharma,Male,27,vikram.sharma132@example.com,Hyderabad,Telangana,Tier 1,2024-06-09
CUST00133,Karan Gupta,Male,48,karan.gupta133@example.com,Kolkata,West Bengal,Tier 1,2023-07-23
CUST00134,Priya Nair,Female,35,priya.nair134@example.com,Bhavnagar,Gujarat,Tier 3,2024-10-29
CUST00135,Sanjay Patel,Male,32,sanjay.patel135@example.com,Sagar,Madhya Pradesh,Tier 3,2023-05-07
CUST00136,Meera Nair,Female,32,meera.nair136@example.com,Kolkata,West Bengal,Tier 1,2022-06-19
CUST00137,Divya Joshi,Female,27,divya.joshi137@example.com,Chennai,Tamil Nadu,Tier 1,2024-03-05
CUST00138,Meera Iyer,Female,34,meera.iyer138@example.com,Kolkata,West Bengal,Tier 1,2022-12-05
CUST00139,Divya Kumar,Female,34,divya.kumar139@example.com,Bhopal,Madhya Pradesh,Tier 2,2023-05-15
CUST00140,Meera Iyer,Female,30,meera.iyer140@example.com,Coimbatore,Tamil Nadu,Tier 2,2023-03-21
CUST00141,Suresh Iyer,Male,39,suresh.iyer141@example.com,Pune,Maharashtra,Tier 1,2022-06-16
CUST00142,Pooja Kumar,Female,30,pooja.kumar142@example.com,Mumbai,Maharashtra,Tier 1,2022-06-22
CUST00143,Meera Verma,Female,37,meera.verma143@example.com,Bangalore,Karnataka,Tier 1,2023-04-21
CUST00144,Rohan Reddy,Male,36,rohan.reddy144@example.com,Bhopal,Madhya Pradesh,Tier 2,2023-01-22
CUST00145,Rohan Verma,Male,27,rohan.verma145@example.com,Raipur,Chhattisgarh,Tier 2,2022-07-09
CUST00146,Kavita Nair,Female,18,kavita.nair146@example.com,Hyderabad,Telangana,Tier 1,2024-07-17
CUST00147,Priya Gupta,Female,18,priya.gupta147@example.com,Hyderabad,Telangana,Tier 1,2022-05-14
CUST00148,Ritu Joshi,Female,37,ritu.joshi148@example.com,Kolkata,West Bengal,Tier 1,2022-07-22
CUST00149,Manoj Reddy,Male,45,manoj.reddy149@example.com,Shillong,Meghalaya,Tier 3,2022-02-16
CUST00150,Arjun Kumar,Male,40,arjun.kumar150@example.com,Rajkot,Gujarat,Tier 2,2023-10-18
CUST00151,Meera Nair,Female,31,meera.nair151@example.com,Aurangabad,Maharashtra,Tier 2,2024-08-28
CUST00152,Sanjay Gupta,Male,40,sanjay.gupta152@example.com,Jodhpur,Rajasthan,Tier 2,2024-10-28
CUST00153,Divya Sharma,Female,18,divya.sharma153@example.com,Bangalore,Karnataka,Tier 1,2023-11-07
CUST00154,Ritu Patel,Female,27,ritu.patel154@example.com,Aurangabad,Maharashtra,Tier 2,2024-01-02
CUST00155,Neha Joshi,Female,18,neha.joshi155@example.com,Kolkata,West Bengal,Tier 1,2024-01-10
CUST00156,Karan Joshi,Male,35,karan.joshi156@example.com,Rohtak,Haryana,Tier 3,2024-01-02
CUST00157,Amit Reddy,Male,20,amit.reddy157@example.com,Chennai,Tamil Nadu,Tier 1,2024-06-27
CUST00158,Neha Sharma,Female,48,neha.sharma158@example.com,Bhavnagar,Gujarat,Tier 3,2024-05-26
CUST00159,Kavita Gupta,Female,42,kavita.gupta159@example.com,Bangalore,Karnataka,Tier 1,2024-10-12
CUST00160,Kavita Reddy,Female,27,kavita.reddy160@example.com,Hisar,Haryana,Tier 3,2022-06-26
CUST00161,Sneha Verma,Female,42,sneha.verma161@example.com,Bangalore,Karnataka,Tier 1,2022-03-04
CUST00162,Deepak Sharma,Male,28,deepak.sharma162@example.com,Rajkot,Gujarat,Tier 2,2022-04-15
CUST00163,Amit Sharma,Male,35,amit.sharma163@example.com,Bangalore,Karnataka,Tier 1,2023-01-20
CUST00164,Rohan Sharma,Male,49,rohan.sharma164@example.com,Nagpur,Maharashtra,Tier 2,2024-02-10
CUST00165,Rohan Patel,Male,40,rohan.patel165@example.com,Jodhpur,Rajasthan,Tier 2,2024-09-23
CUST00166,Manoj Gupta,Male,39,manoj.gupta166@example.com,Hyderabad,Telangana,Tier 1,2023-04-02
CUST00167,Kavita Patel,Female,24,kavita.patel167@example.com,Hyderabad,Telangana,Tier 1,2022-02-20
CUST00168,Vikram Kumar,Male,25,vikram.kumar168@example.com,Bilaspur,Chhattisgarh,Tier 3,2023-05-03
CUST00169,Suresh Joshi,Male,34,suresh.joshi169@example.com,Indore,Madhya Pradesh,Tier 2,2022-04-05
CUST00170,Ritu Gupta,Female,25,ritu.gupta170@example.com,Amritsar,Punjab,Tier 2,2022-04-28
CUST00171,Amit Kumar,Male,26,amit.kumar171@example.com,Akola,Maharashtra,Tier 3,2022-09-25
CUST00172,Manoj Sharma,Male,54,manoj.sharma172@example.com,Kolkata,West Bengal,Tier 1,2024-05-02
CUST00173,Kavita Verma,Female,28,kavita.verma173@example.com,Nashik,Maharashtra,Tier 2,2022-03-16
CUST00174,Priya Reddy,Female,28,priya.reddy174@example.com,Chennai,Tamil Nadu,Tier 1,2024-03-16
CUST00175,Karan Singh,Male,24,karan.singh175@example.com,Rajkot,Gujarat,Tier 2,2024-03-08
CUST00176,Neha Reddy,Female,33,neha.reddy176@example.com,Amritsar,Punjab,Tier 2,2022-09-06
CUST00177,Shreya Nair,Female,29,shreya.nair177@example.com,Bhopal,Madhya Pradesh,Tier 2,2024-09-10
CUST00178,Ritu Joshi,Female,36,ritu.joshi178@example.com,Rajkot,Gujarat,Tier 2,2022-03-22
CUST00179,Pooja Verma,Female,42,pooja.verma179@example.com,Rewa,Madhya Pradesh,Tier 3,2024-06-18
CUST00180,Pooja Iyer,Female,30,pooja.iyer180@example.com,Rewa,Madhya Pradesh,Tier 3,2024-09-10
CUST00181,Kavita Sharma,Female,21,kavita.sharma181@example.com,Chennai,Tamil Nadu,Tier 1,2022-02-22
CUST00182,Neha Iyer,Female,26,neha.iyer182@example.com,Rajkot,Gujarat,Tier 2,2022-04-21
CUST00183,Sneha Singh,Female,22,sneha.singh183@example.com,Delhi,Delhi,Tier 1,2024-04-27
CUST00184,Meera Sharma,Female,36,meera.sharma184@example.com,Bangalore,Karnataka,Tier 1,2023-10-29
CUST00185,Amit Gupta,Male,27,amit.gupta185@example.com,Ranchi,Jharkhand,Tier 2,2022-03-02
CUST00186,Divya Nair,Female,24,divya.nair186@example.com,Pune,Maharashtra,Tier 1,2024-04-17
CUST00187,Sanjay Iyer,Male,39,sanjay.iyer187@example.com,Kolkata,West Bengal,Tier 1,2022-08-21
CUST00188,Amit Kumar,Male,29,amit.kumar188@example.com,Hyderabad,Telangana,Tier 1,2024-03-04
CUST00189,Pooja Kumar,Female,39,pooja.kumar189@example.com,Sagar,Madhya Pradesh,Tier 3,2022-08-02
CUST00190,Divya Nair,Female,26,divya.nair190@example.com,Amritsar,Punjab,Tier 2,2023-12-20
CUST00191,Ritu Nair,Female,53,ritu.nair191@example.com,Ranchi,Jharkhand,Tier 2,2022-02-25
CUST00192,Divya Kumar,Female,29,divya.kumar192@example.com,Bangalore,Karnataka,Tier 1,2022-12-31
CUST00193,Pooja Verma,Female,39,pooja.verma193@example.com,Bangalore,Karnataka,Tier 1,2023-11-30
CUST00194,Arjun Verma,Male,23,arjun.verma194@example.com,Shillong,Meghalaya,Tier 3,2024-01-20
CUST00195,Rohan Gupta,Male,18,rohan.gupta195@example.com,Raipur,Chhattisgarh,Tier 2,2024-03-16
CUST00196,Sneha Joshi,Female,33,sneha.joshi196@example.com,Pune,Maharashtra,Tier 1,2023-04-30
CUST00197,Anjali Gupta,Female,22,anjali.gupta197@example.com,Kolkata,West Bengal,Tier 1,2024-11-28
CUST00198,Arjun Patel,Male,26,arjun.patel198@example.com,Bangalore,Karnataka,Tier 1,2024-03-22
CUST00199,Deepak Patel,Male,41,deepak.patel199@example.com,Bangalore,Karnataka,Tier 1,2022-01-25
CUST00200,Rahul Nair,Male,37,rahul.nair200@example.com,Vadodara,Gujarat,Tier 2,2022-04-21
CUST00201,Sanjay Verma,Male,50,sanjay.verma201@example.com,Vadodara,Gujarat,Tier 2,2022-02-03
CUST00202,Divya Iyer,Female,44,divya.iyer202@example.com,Nagpur,Maharashtra,Tier 2,2023-03-01
CUST00203,Neha Sharma,Female,40,neha.sharma203@example.com,Hyderabad,Telangana,Tier 1,2023-11-23
CUST00204,Anjali Verma,Female,49,anjali.verma204@example.com,Bangalore,Karnataka,Tier 1,2024-05-26
CUST00205,Anjali Joshi,Female,26,anjali.joshi205@example.com,Hyderabad,Telangana,Tier 1,2023-10-24
CUST00206,Vikram Patel,Male,20,vikram.patel206@example.com,Amritsar,Punjab,Tier 2,2024-04-22
CUST00207,Anjali Gupta,Female,32,anjali.gupta207@example.com,Kolkata,West Bengal,Tier 1,2022-12-16
CUST00208,Shreya Joshi,Female,24,shreya.joshi208@example.com,Mumbai,Maharashtra,Tier 1,2023-07-02
CUST00209,Deepak Reddy,Male,35,deepak.reddy209@example.com,Bilaspur,Chhattisgarh,Tier 3,2022-01-06
CUST00210,Sneha Joshi,Female,31,sneha.joshi210@example.com,Hisar,Haryana,Tier 3,2023-10-08
CUST00211,Shreya Joshi,Female,39,shreya.joshi211@example.com,Karimnagar,Telangana,Tier 3,2023-05-19
CUST00212,Rohan Gupta,Male,37,rohan.gupta212@example.com,Nagpur,Maharashtra,Tier 2,2023-12-16
CUST00213,Vikram Gupta,Male,26,vikram.gupta213@example.com,Vadodara,Gujarat,Tier 2,2022-06-22
CUST00214,Vikram Sharma,Male,37,vikram.sharma214@example.com,Delhi,Delhi,Tier 1,2023-12-25
CUST00215,Shreya Iyer,Female,48,shreya.iyer215@example.com,Aurangabad,Maharashtra,Tier 2,2022-04-23
CUST00216,Rohan Kumar,Male,34,rohan.kumar216@example.com,Rewa,Madhya Pradesh,Tier 3,2022-05-19
CUST00217,Divya Verma,Female,26,divya.verma217@example.com,Shillong,Meghalaya,Tier 3,2024-04-24
CUST00218,Suresh Joshi,Male,32,suresh.joshi218@example.com,Pune,Maharashtra,Tier 1,2022-01-10
CUST00219,Karan Verma,Male,37,karan.verma219@example.com,Amritsar,Punjab,Tier 2,2022-06-21
CUST00220,Vikram Kumar,Male,22,vikram.kumar220@example.com,Chennai,Tamil Nadu,Tier 1,2022-11-25
CUST00221,Rahul Patel,Male,18,rahul.patel221@example.com,Bhavnagar,Gujarat,Tier 3,2024-06-29
CUST00222,Shreya Joshi,Female,24,shreya.joshi222@example.com,Kolkata,West Bengal,Tier 1,2022-11-14
CUST00223,Anjali Iyer,Female,27,anjali.iyer223@example.com,Vadodara,Gujarat,Tier 2,2022-11-30
CUST00224,Ritu Kumar,Female,20,ritu.kumar224@example.com,Shillong,Meghalaya,Tier 3,2024-07-06
CUST00225,Divya Verma,Female,38,divya.verma225@example.com,Chennai,Tamil Nadu,Tier 1,2024-05-22
CUST00226,Karan Singh,Male,37,karan.singh226@example.com,Bilaspur,Chhattisgarh,Tier 3,2022-01-05
CUST00227,Priya Verma,Female,18,priya.verma227@example.com,Chennai,Tamil Nadu,Tier 1,2022-03-19
CUST00228,Suresh Joshi,Male,35,suresh.joshi228@example.com,Sagar,Madhya Pradesh,Tier 3,2022-03-30
CUST00229,Sanjay Nair,Male,25,sanjay.nair229@example.com,Nagpur,Maharashtra,Tier 2,2023-09-08
CUST00230,Sneha Patel,Female,18,sneha.patel230@example.com,Pune,Maharashtra,Tier 1,2024-11-12
CUST00231,Divya Verma,Female,34,divya.verma231@example.com,Chennai,Tamil Nadu,Tier 1,2024-09-19
CUST00232,Ritu Singh,Female,30,ritu.singh232@example.com,Hyderabad,Telangana,Tier 1,2024-03-31
CUST00233,Vikram Singh,Male,18,vikram.singh233@example.com,Ratlam,Madhya Pradesh,Tier 3,2024-11-28
CUST00234,Sneha Reddy,Female,42,sneha.reddy234@example.com,Hyderabad,Telangana,Tier 1,2024-11-04
CUST00235,Sanjay Verma,Male,33,sanjay.verma235@example.com,Rohtak,Haryana,Tier 3,2023-04-23
CUST00236,Kavita Verma,Female,34,kavita.verma236@example.com,Bangalore,Karnataka,Tier 1,2024-10-17
CUST00237,Meera Sharma,Female,28,meera.sharma237@example.com,Kolkata,West Bengal,Tier 1,2024-08-08
CUST00238,Ritu Sharma,Female,28,ritu.sharma238@example.com,Amritsar,Punjab,Tier 2,2023-06-01
CUST00239,Shreya Iyer,Female,32,shreya.iyer239@example.com,Sagar,Madhya Pradesh,Tier 3,2024-05-14
CUST00240,Priya Gupta,Female,23,priya.gupta240@example.com,Pune,Maharashtra,Tier 1,2022-08-04
CUST00241,Suresh Iyer,Male,28,suresh.iyer241@example.com,Vadodara,Gujarat,Tier 2,2022-01-15
CUST00242,Anjali Sharma,Female,35,anjali.sharma242@example.com,Pune,Maharashtra,Tier 1,2024-04-23
CUST00243,Vikram Kumar,Male,43,vikram.kumar243@example.com,Ambala,Haryana,Tier 3,2022-04-05
CUST00244,Deepak Reddy,Male,49,deepak.reddy244@example.com,Ranchi,Jharkhand,Tier 2,2022-03-10
CUST00245,Amit Iyer,Male,18,amit.iyer245@example.com,Akola,Maharashtra,Tier 3,2024-05-21
CUST00246,Sanjay Kumar,Male,45,sanjay.kumar246@example.com,Indore,Madhya Pradesh,Tier 2,2022-10-29
CUST00247,Ritu Iyer,Female,33,ritu.iyer247@example.com,Ranchi,Jharkhand,Tier 2,2022-08-06
CUST00248,Sanjay Nair,Male,55,sanjay.nair248@example.com,Rajkot,Gujarat,Tier 2,2024-04-07
CUST00249,Pooja Joshi,Female,48,pooja.joshi249@example.com,Bhopal,Madhya Pradesh,Tier 2,2024-09-30
CUST00250,Amit Kumar,Male,37,amit.kumar250@example.com,Rohtak,Haryana,Tier 3,2022-05-07
CUST00251,Kavita Nair,Female,26,kavita.nair251@example.com,Kolkata,West Bengal,Tier 1,2023-08-27
CUST00252,Suresh Kumar,Male,30,suresh.kumar252@example.com,Bangalore,Karnataka,Tier 1,2024-02-18
CUST00253,Neha Iyer,Female,26,neha.iyer253@example.com,Jodhpur,Rajasthan,Tier 2,2024-03-24
CUST00254,Kavita Singh,Female,27,kavita.singh254@example.com,Chennai,Tamil Nadu,Tier 1,2024-09-09
CUST00255,Divya Singh,Female,36,divya.singh255@example.com,Rohtak,Haryana,Tier 3,2023-07-21
CUST00256,Rohan Joshi,Male,19,rohan.joshi256@example.com,Kolkata,West Bengal,Tier 1,2022-07-21
CUST00257,Karan Sharma,Male,23,karan.sharma257@example.com,Karimnagar,Telangana,Tier 3,2022-04-27
CUST00258,Ritu Reddy,Female,34,ritu.reddy258@example.com,Bangalore,Karnataka,Tier 1,2022-03-16
CUST00259,Sanjay Sharma,Male,28,sanjay.sharma259@example.com,Ambala,Haryana,Tier 3,2023-04-20
CUST00260,Anjali Iyer,Female,47,anjali.iyer260@example.com,Delhi,Delhi,Tier 1,2024-05-25
CUST00261,Priya Patel,Female,21,priya.patel261@example.com,Akola,Maharashtra,Tier 3,2023-10-26
CUST00262,Amit Iyer,Male,34,amit.iyer262@example.com,Hyderabad,Telangana,Tier 1,2022-06-26
CUST00263,Shreya Reddy,Female,22,shreya.reddy263@example.com,Rewa,Madhya Pradesh,Tier 3,2024-09-29
CUST00264,Arjun Nair,Male,36,arjun.nair264@example.com,Ambala,Haryana,Tier 3,2023-11-20
CUST00265,Divya Nair,Female,55,divya.nair265@example.com,Aurangabad,Maharashtra,Tier 2,2022-12-08
CUST00266,Rohan Kumar,Male,32,rohan.kumar266@example.com,Mumbai,Maharashtra,Tier 1,2022-08-03
CUST00267,Karan Verma,Male,30,karan.verma267@example.com,Delhi,Delhi,Tier 1,2024-08-09
CUST00268,Sanjay Patel,Male,33,sanjay.patel268@example.com,Kolkata,West Bengal,Tier 1,2023-03-05
CUST00269,Priya Sharma,Female,44,priya.sharma269@example.com,Pune,Maharashtra,Tier 1,2024-11-08
CUST00270,Suresh Singh,Male,18,suresh.singh270@example.com,Bangalore,Karnataka,Tier 1,2022-04-24
CUST00271,Neha Gupta,Female,28,neha.gupta271@example.com,Nashik,Maharashtra,Tier 2,2024-08-04
CUST00272,Shreya Patel,Female,28,shreya.patel272@example.com,Rohtak,Haryana,Tier 3,2024-03-10
CUST00273,Amit Joshi,Male,28,amit.joshi273@example.com,Delhi,Delhi,Tier 1,2022-06-11
CUST00274,Shreya Gupta,Female,31,shreya.gupta274@example.com,Kolkata,West Bengal,Tier 1,2024-10-28
CUST00275,Rohan Iyer,Male,25,rohan.iyer275@example.com,Hyderabad,Telangana,Tier 1,2024-01-29
CUST00276,Divya Kumar,Female,26,divya.kumar276@example.com,Amritsar,Punjab,Tier 2,2022-11-24
CUST00277,Sanjay Kumar,Male,33,sanjay.kumar277@example.com,Pune,Maharashtra,Tier 1,2023-08-02
CUST00278,Amit Iyer,Male,40,amit.iyer278@example.com,Amritsar,Punjab,Tier 2,2022-04-06
CUST00279,Ritu Kumar,Female,28,ritu.kumar279@example.com,Ratlam,Madhya Pradesh,Tier 3,2024-03-24
CUST00280,Pooja Reddy,Female,42,pooja.reddy280@example.com,Rajkot,Gujarat,Tier 2,2023-04-14
CUST00281,Anjali Gupta,Female,18,anjali.gupta281@example.com,Kolkata,West Bengal,Tier 1,2024-04-02
CUST00282,Shreya Kumar,Female,47,shreya.kumar282@example.com,Karimnagar,Telangana,Tier 3,2024-03-25
CUST00283,Priya Reddy,Female,27,priya.reddy283@example.com,Raipur,Chhattisgarh,Tier 2,2024-01-16
CUST00284,Manoj Sharma,Male,41,manoj.sharma284@example.com,Bangalore,Karnataka,Tier 1,2022-09-18
CUST00285,Sneha Gupta,Female,18,sneha.gupta285@example.com,Chennai,Tamil Nadu,Tier 1,2024-06-23
CUST00286,Pooja Gupta,Female,27,pooja.gupta286@example.com,Bilaspur,Chhattisgarh,Tier 3,2024-05-03
CUST00287,Neha Verma,Female,31,neha.verma287@example.com,Bilaspur,Chhattisgarh,Tier 3,2023-08-16
CUST00288,Suresh Iyer,Male,41,suresh.iyer288@example.com,Ambala,Haryana,Tier 3,2022-05-08
CUST00289,Neha Verma,Female,39,neha.verma289@example.com,Mumbai,Maharashtra,Tier 1,2023-06-10
CUST00290,Ritu Patel,Female,41,ritu.patel290@example.com,Bangalore,Karnataka,Tier 1,2023-05-09
CUST00291,Deepak Singh,Male,34,deepak.singh291@example.com,Sagar,Madhya Pradesh,Tier 3,2023-03-18
CUST00292,Neha Kumar,Female,37,neha.kumar292@example.com,Ranchi,Jharkhand,Tier 2,2024-04-17
CUST00293,Kavita Verma,Female,18,kavita.verma293@example.com,Hisar,Haryana,Tier 3,2022-02-11
CUST00294,Vikram Gupta,Male,36,vikram.gupta294@example.com,Rajkot,Gujarat,Tier 2,2024-09-24
CUST00295,Meera Singh,Female,34,meera.singh295@example.com,Ambala,Haryana,Tier 3,2022-12-08
CUST00296,Priya Kumar,Female,40,priya.kumar296@example.com,Indore,Madhya Pradesh,Tier 2,2024-03-31
CUST00297,Sanjay Singh,Male,44,sanjay.singh297@example.com,Chennai,Tamil Nadu,Tier 1,2024-07-10
CUST00298,Shreya Reddy,Female,27,shreya.reddy298@example.com,Pune,Maharashtra,Tier 1,2022-05-10
CUST00299,Anjali Gupta,Female,33,anjali.gupta299@example.com,Kolkata,West Bengal,Tier 1,2024-03-29
CUST00300,Manoj Nair,Male,29,manoj.nair300@example.com,Hyderabad,Telangana,Tier 1,2022-01-11
CUST00301,Amit Iyer,Male,37,amit.iyer301@example.com,Bangalore,Karnataka,Tier 1,2022-07-06
CUST00302,Ritu Verma,Female,18,ritu.verma302@example.com,Raipur,Chhattisgarh,Tier 2,2023-09-15
CUST00303,Rahul Kumar,Male,24,rahul.kumar303@example.com,Bhavnagar,Gujarat,Tier 3,2023-02-10
CUST00304,Amit Gupta,Male,38,amit.gupta304@example.com,Hyderabad,Telangana,Tier 1,2024-08-15
CUST00305,Karan Iyer,Male,27,karan.iyer305@example.com,Rohtak,Haryana,Tier 3,2023-04-27
CUST00306,Shreya Patel,Female,52,shreya.patel306@example.com,Bangalore,Karnataka,Tier 1,2022-10-23
CUST00307,Sanjay Joshi,Male,26,sanjay.joshi307@example.com,Aurangabad,Maharashtra,Tier 2,2022-03-02
CUST00308,Priya Singh,Female,48,priya.singh308@example.com,Hyderabad,Telangana,Tier 1,2022-05-11
CUST00309,Divya Gupta,Female,22,divya.gupta309@example.com,Delhi,Delhi,Tier 1,2022-04-18
CUST00310,Arjun Nair,Male,40,arjun.nair310@example.com,Nashik,Maharashtra,Tier 2,2022-10-02
CUST00311,Priya Reddy,Female,20,priya.reddy311@example.com,Pune,Maharashtra,Tier 1,2024-03-27
CUST00312,Amit Iyer,Male,29,amit.iyer312@example.com,Vadodara,Gujarat,Tier 2,2022-08-04
CUST00313,Manoj Sharma,Male,39,manoj.sharma313@example.com,Akola,Maharashtra,Tier 3,2023-10-23
CUST00314,Pooja Patel,Female,40,pooja.patel314@example.com,Nagpur,Maharashtra,Tier 2,2023-04-11
CUST00315,Amit Nair,Male,35,amit.nair315@example.com,Jodhpur,Rajasthan,Tier 2,2023-05-04
CUST00316,Rohan Singh,Male,33,rohan.singh316@example.com,Delhi,Delhi,Tier 1,2024-09-07
CUST00317,Suresh Patel,Male,36,suresh.patel317@example.com,Bhopal,Madhya Pradesh,Tier 2,2023-01-26
CUST00318,Neha Verma,Female,30,neha.verma318@example.com,Bhavnagar,Gujarat,Tier 3,2023-12-28
CUST00319,Vikram Sharma,Male,31,vikram.sharma319@example.com,Ambala,Haryana,Tier 3,2024-09-16
CUST00320,Manoj Singh,Male,26,manoj.singh320@example.com,Nashik,Maharashtra,Tier 2,2023-09-07
CUST00321,Suresh Sharma,Male,24,suresh.sharma321@example.com,Mumbai,Maharashtra,Tier 1,2024-09-21
CUST00322,Meera Verma,Female,56,meera.verma322@example.com,Bhavnagar,Gujarat,Tier 3,2024-07-24
CUST00323,Sanjay Iyer,Male,30,sanjay.iyer323@example.com,Pune,Maharashtra,Tier 1,2024-09-09
CUST00324,Sanjay Nair,Male,28,sanjay.nair324@example.com,Nashik,Maharashtra,Tier 2,2024-09-08
CUST00325,Deepak Kumar,Male,18,deepak.kumar325@example.com,Delhi,Delhi,Tier 1,2023-12-23
CUST00326,Rahul Iyer,Male,38,rahul.iyer326@example.com,Hisar,Haryana,Tier 3,2022-11-07
CUST00327,Anjali Iyer,Female,38,anjali.iyer327@example.com,Aurangabad,Maharashtra,Tier 2,2023-06-30
CUST00328,Anjali Verma,Female,32,anjali.verma328@example.com,Shillong,Meghalaya,Tier 3,2024-11-28
CUST00329,Amit Patel,Male,27,amit.patel329@example.com,Bangalore,Karnataka,Tier 1,2022-01-29
CUST00330,Ritu Joshi,Female,44,ritu.joshi330@example.com,Vadodara,Gujarat,Tier 2,2023-11-28
CUST00331,Divya Nair,Female,27,divya.nair331@example.com,Ranchi,Jharkhand,Tier 2,2023-01-12
CUST00332,Anjali Verma,Female,45,anjali.verma332@example.com,Chennai,Tamil Nadu,Tier 1,2023-01-24
CUST00333,Karan Iyer,Male,18,karan.iyer333@example.com,Amritsar,Punjab,Tier 2,2022-01-03
CUST00334,Kavita Iyer,Female,29,kavita.iyer334@example.com,Sagar,Madhya Pradesh,Tier 3,2022-05-26
CUST00335,Anjali Singh,Female,18,anjali.singh335@example.com,Hyderabad,Telangana,Tier 1,2023-03-08
CUST00336,Sneha Singh,Female,21,sneha.singh336@example.com,Aurangabad,Maharashtra,Tier 2,2022-07-06
CUST00337,Anjali Verma,Female,37,anjali.verma337@example.com,Bhavnagar,Gujarat,Tier 3,2022-03-02
CUST00338,Karan Verma,Male,18,karan.verma338@example.com,Akola,Maharashtra,Tier 3,2022-01-11
CUST00339,Neha Nair,Female,42,neha.nair339@example.com,Shillong,Meghalaya,Tier 3,2022-08-14
CUST00340,Anjali Reddy,Female,46,anjali.reddy340@example.com,Nagpur,Maharashtra,Tier 2,2022-08-14
CUST00341,Priya Kumar,Female,36,priya.kumar341@example.com,Bangalore,Karnataka,Tier 1,2024-07-25
CUST00342,Kavita Verma,Female,26,kavita.verma342@example.com,Chennai,Tamil Nadu,Tier 1,2022-02-23
CUST00343,Vikram Iyer,Male,54,vikram.iyer343@example.com,Bilaspur,Chhattisgarh,Tier 3,2023-11-20
CUST00344,Arjun Nair,Male,36,arjun.nair344@example.com,Coimbatore,Tamil Nadu,Tier 2,2023-02-23
CUST00345,Suresh Joshi,Male,52,suresh.joshi345@example.com,Ratlam,Madhya Pradesh,Tier 3,2022-03-03
CUST00346,Meera Joshi,Female,26,meera.joshi346@example.com,Coimbatore,Tamil Nadu,Tier 2,2022-11-25
CUST00347,Manoj Kumar,Male,26,manoj.kumar347@example.com,Bilaspur,Chhattisgarh,Tier 3,2024-08-09
CUST00348,Suresh Kumar,Male,28,suresh.kumar348@example.com,Latur,Maharashtra,Tier 3,2024-07-09
CUST00349,Priya Patel,Female,36,priya.patel349@example.com,Ratlam,Madhya Pradesh,Tier 3,2022-06-19
CUST00350,Anjali Patel,Female,41,anjali.patel350@example.com,Bhopal,Madhya Pradesh,Tier 2,2024-08-12
CUST00351,Amit Nair,Male,32,amit.nair351@example.com,Pune,Maharashtra,Tier 1,2024-09-01
CUST00352,Ritu Iyer,Female,26,ritu.iyer352@example.com,Sagar,Madhya Pradesh,Tier 3,2024-08-30
CUST00353,Arjun Kumar,Male,31,arjun.kumar353@example.com,Ratlam,Madhya Pradesh,Tier 3,2024-08-30
CUST00354,Shreya Joshi,Female,42,shreya.joshi354@example.com,Raipur,Chhattisgarh,Tier 2,2022-12-15
CUST00355,Vikram Patel,Male,38,vikram.patel355@example.com,Akola,Maharashtra,Tier 3,2024-11-29
CUST00356,Amit Kumar,Male,48,amit.kumar356@example.com,Kolkata,West Bengal,Tier 1,2022-08-04
CUST00357,Divya Joshi,Female,39,divya.joshi357@example.com,Hisar,Haryana,Tier 3,2022-04-02
CUST00358,Sneha Gupta,Female,36,sneha.gupta358@example.com,Rajkot,Gujarat,Tier 2,2022-12-22
CUST00359,Arjun Reddy,Male,33,arjun.reddy359@example.com,Ranchi,Jharkhand,Tier 2,2023-02-26
CUST00360,Shreya Iyer,Female,30,shreya.iyer360@example.com,Akola,Maharashtra,Tier 3,2024-01-31
CUST00361,Priya Gupta,Female,34,priya.gupta361@example.com,Chennai,Tamil Nadu,Tier 1,2023-06-19
CUST00362,Rahul Gupta,Male,30,rahul.gupta362@example.com,Hyderabad,Telangana,Tier 1,2023-08-12
CUST00363,Vikram Kumar,Male,37,vikram.kumar363@example.com,Vadodara,Gujarat,Tier 2,2022-10-22
CUST00364,Anjali Sharma,Female,18,anjali.sharma364@example.com,Bangalore,Karnataka,Tier 1,2024-05-15
CUST00365,Neha Patel,Female,30,neha.patel365@example.com,Rajkot,Gujarat,Tier 2,2024-05-05
CUST00366,Deepak Nair,Male,33,deepak.nair366@example.com,Hyderabad,Telangana,Tier 1,2023-08-09
CUST00367,Anjali Reddy,Female,42,anjali.reddy367@example.com,Kolkata,West Bengal,Tier 1,2024-09-20
CUST00368,Karan Sharma,Male,19,karan.sharma368@example.com,Shillong,Meghalaya,Tier 3,2024-09-15
CUST00369,Arjun Joshi,Male,27,arjun.joshi369@example.com,Hisar,Haryana,Tier 3,2024-07-04
CUST00370,Ritu Kumar,Female,33,ritu.kumar370@example.com,Hyderabad,Telangana,Tier 1,2024-11-06
CUST00371,Priya Singh,Female,18,priya.singh371@example.com,Akola,Maharashtra,Tier 3,2023-02-05
CUST00372,Kavita Verma,Female,40,kavita.verma372@example.com,Bhopal,Madhya Pradesh,Tier 2,2022-07-29
CUST00373,Rohan Reddy,Male,26,rohan.reddy373@example.com,Karimnagar,Telangana,Tier 3,2023-12-05
CUST00374,Meera Verma,Female,49,meera.verma374@example.com,Jodhpur,Rajasthan,Tier 2,2024-08-05
CUST00375,Kavita Gupta,Female,42,kavita.gupta375@example.com,Karimnagar,Telangana,Tier 3,2024-10-27
CUST00376,Amit Nair,Male,27,amit.nair376@example.com,Bangalore,Karnataka,Tier 1,2024-01-08
CUST00377,Deepak Nair,Male,32,deepak.nair377@example.com,Ambala,Haryana,Tier 3,2023-02-01
CUST00378,Kavita Patel,Female,42,kavita.patel378@example.com,Sagar,Madhya Pradesh,Tier 3,2024-06-02
CUST00379,Vikram Kumar,Male,27,vikram.kumar379@example.com,Sagar,Madhya Pradesh,Tier 3,2024-08-31
CUST00380,Manoj Patel,Male,28,manoj.patel380@example.com,Sagar,Madhya Pradesh,Tier 3,2024-01-18
CUST00381,Vikram Iyer,Male,30,vikram.iyer381@example.com,Kolkata,West Bengal,Tier 1,2024-09-15
CUST00382,Shreya Joshi,Female,37,shreya.joshi382@example.com,Rajkot,Gujarat,Tier 2,2023-07-24
CUST00383,Neha Iyer,Female,20,neha.iyer383@example.com,Ratlam,Madhya Pradesh,Tier 3,2024-10-05
CUST00384,Divya Kumar,Female,44,divya.kumar384@example.com,Akola,Maharashtra,Tier 3,2022-07-27
CUST00385,Arjun Nair,Male,30,arjun.nair385@example.com,Vadodara,Gujarat,Tier 2,2023-03-06
CUST00386,Divya Iyer,Female,21,divya.iyer386@example.com,Indore,Madhya Pradesh,Tier 2,2022-07-18
CUST00387,Arjun Kumar,Male,36,arjun.kumar387@example.com,Nagpur,Maharashtra,Tier 2,2024-08-17
CUST00388,Manoj Joshi,Male,29,manoj.joshi388@example.com,Akola,Maharashtra,Tier 3,2024-07-04
CUST00389,Divya Joshi,Female,25,divya.joshi389@example.com,Rohtak,Haryana,Tier 3,2024-01-04
CUST00390,Sanjay Joshi,Male,48,sanjay.joshi390@example.com,Chennai,Tamil Nadu,Tier 1,2024-10-13
CUST00391,Arjun Joshi,Male,18,arjun.joshi391@example.com,Pune,Maharashtra,Tier 1,2023-12-27
CUST00392,Rahul Iyer,Male,37,rahul.iyer392@example.com,Hisar,Haryana,Tier 3,2023-01-30
CUST00393,Anjali Nair,Female,27,anjali.nair393@example.com,Akola,Maharashtra,Tier 3,2023-12-22
CUST00394,Rahul Gupta,Male,18,rahul.gupta394@example.com,Amritsar,Punjab,Tier 2,2022-01-11
CUST00395,Divya Nair,Female,40,divya.nair395@example.com,Raipur,Chhattisgarh,Tier 2,2024-03-11
CUST00396,Arjun Singh,Male,39,arjun.singh396@example.com,Chennai,Tamil Nadu,Tier 1,2023-08-11
CUST00397,Ritu Singh,Female,18,ritu.singh397@example.com,Rewa,Madhya Pradesh,Tier 3,2023-08-15
CUST00398,Arjun Verma,Male,31,arjun.verma398@example.com,Pune,Maharashtra,Tier 1,2024-07-24
CUST00399,Deepak Reddy,Male,41,deepak.reddy399@example.com,Bangalore,Karnataka,Tier 1,2022-01-02
CUST00400,Shreya Patel,Female,32,shreya.patel400@example.com,Bangalore,Karnataka,Tier 1,2023-08-12
CUST00401,Manoj Patel,Male,37,manoj.patel401@example.com,Bangalore,Karnataka,Tier 1,2024-07-06
CUST00402,Ritu Patel,Female,23,ritu.patel402@example.com,Ratlam,Madhya Pradesh,Tier 3,2022-04-16
CUST00403,Suresh Nair,Male,48,suresh.nair403@example.com,Chennai,Tamil Nadu,Tier 1,2022-11-13
CUST00404,Neha Nair,Female,35,neha.nair404@example.com,Karimnagar,Telangana,Tier 3,2022-04-21
CUST00405,Meera Singh,Female,37,meera.singh405@example.com,Akola,Maharashtra,Tier 3,2022-01-07
CUST00406,Sneha Patel,Female,49,sneha.patel406@example.com,Nagpur,Maharashtra,Tier 2,2022-01-22
CUST00407,Divya Gupta,Female,47,divya.gupta407@example.com,Coimbatore,Tamil Nadu,Tier 2,2023-05-30
CUST00408,Vikram Verma,Male,27,vikram.verma408@example.com,Coimbatore,Tamil Nadu,Tier 2,2024-06-27
CUST00409,Deepak Nair,Male,28,deepak.nair409@example.com,Vadodara,Gujarat,Tier 2,2022-05-02
CUST00410,Arjun Joshi,Male,18,arjun.joshi410@example.com,Raipur,Chhattisgarh,Tier 2,2022-11-05
CUST00411,Neha Patel,Female,20,neha.patel411@example.com,Bhopal,Madhya Pradesh,Tier 2,2022-11-03
CUST00412,Sanjay Sharma,Male,42,sanjay.sharma412@example.com,Bhopal,Madhya Pradesh,Tier 2,2024-07-12
CUST00413,Pooja Iyer,Female,28,pooja.iyer413@example.com,Hyderabad,Telangana,Tier 1,2022-02-04
CUST00414,Divya Gupta,Female,19,divya.gupta414@example.com,Chennai,Tamil Nadu,Tier 1,2024-06-21
CUST00415,Suresh Iyer,Male,31,suresh.iyer415@example.com,Ranchi,Jharkhand,Tier 2,2024-05-11
CUST00416,Shreya Iyer,Female,36,shreya.iyer416@example.com,Sagar,Madhya Pradesh,Tier 3,2024-03-15
CUST00417,Ritu Nair,Female,59,ritu.nair417@example.com,Hyderabad,Telangana,Tier 1,2023-06-16
CUST00418,Neha Gupta,Female,35,neha.gupta418@example.com,Ranchi,Jharkhand,Tier 2,2023-02-24
CUST00419,Suresh Sharma,Male,41,suresh.sharma419@example.com,Kolkata,West Bengal,Tier 1,2024-05-15
CUST00420,Kavita Nair,Female,31,kavita.nair420@example.com,Ambala,Haryana,Tier 3,2022-10-22
CUST00421,Suresh Verma,Male,45,suresh.verma421@example.com,Mumbai,Maharashtra,Tier 1,2022-07-05
CUST00422,Divya Nair,Female,44,divya.nair422@example.com,Bhopal,Madhya Pradesh,Tier 2,2024-05-16
CUST00423,Anjali Gupta,Female,34,anjali.gupta423@example.com,Bhavnagar,Gujarat,Tier 3,2022-04-10
CUST00424,Priya Reddy,Female,29,priya.reddy424@example.com,Rajkot,Gujarat,Tier 2,2022-11-14
CUST00425,Meera Singh,Female,38,meera.singh425@example.com,Mumbai,Maharashtra,Tier 1,2023-01-16
CUST00426,Anjali Singh,Female,18,anjali.singh426@example.com,Delhi,Delhi,Tier 1,2022-05-10
CUST00427,Arjun Verma,Male,24,arjun.verma427@example.com,Delhi,Delhi,Tier 1,2024-06-09
CUST00428,Neha Patel,Female,18,neha.patel428@example.com,Shillong,Meghalaya,Tier 3,2022-09-18
CUST00429,Divya Patel,Female,18,divya.patel429@example.com,Mumbai,Maharashtra,Tier 1,2023-04-05
CUST00430,Divya Joshi,Female,29,divya.joshi430@example.com,Kolkata,West Bengal,Tier 1,2022-09-27
CUST00431,Rahul Kumar,Male,29,rahul.kumar431@example.com,Mumbai,Maharashtra,Tier 1,2024-04-23
CUST00432,Deepak Joshi,Male,43,deepak.joshi432@example.com,Delhi,Delhi,Tier 1,2024-08-29
CUST00433,Anjali Kumar,Female,20,anjali.kumar433@example.com,Ranchi,Jharkhand,Tier 2,2023-07-30
CUST00434,Anjali Sharma,Female,18,anjali.sharma434@example.com,Coimbatore,Tamil Nadu,Tier 2,2023-11-18
CUST00435,Shreya Iyer,Female,38,shreya.iyer435@example.com,Coimbatore,Tamil Nadu,Tier 2,2022-06-14
CUST00436,Sanjay Joshi,Male,40,sanjay.joshi436@example.com,Mumbai,Maharashtra,Tier 1,2023-09-12
CUST00437,Deepak Joshi,Male,32,deepak.joshi437@example.com,Ranchi,Jharkhand,Tier 2,2022-11-30
CUST00438,Suresh Reddy,Male,25,suresh.reddy438@example.com,Sagar,Madhya Pradesh,Tier 3,2024-03-07
CUST00439,Pooja Joshi,Female,38,pooja.joshi439@example.com,Nagpur,Maharashtra,Tier 2,2024-11-24
CUST00440,Amit Nair,Male,31,amit.nair440@example.com,Hyderabad,Telangana,Tier 1,2024-10-05
CUST00441,Deepak Nair,Male,33,deepak.nair441@example.com,Nashik,Maharashtra,Tier 2,2024-11-01
CUST00442,Karan Iyer,Male,36,karan.iyer442@example.com,Rohtak,Haryana,Tier 3,2023-05-10
CUST00443,Kavita Kumar,Female,24,kavita.kumar443@example.com,Nagpur,Maharashtra,Tier 2,2024-07-07
CUST00444,Arjun Verma,Male,35,arjun.verma444@example.com,Pune,Maharashtra,Tier 1,2022-11-04
CUST00445,Amit Joshi,Male,25,amit.joshi445@example.com,Nashik,Maharashtra,Tier 2,2024-01-16
CUST00446,Neha Sharma,Female,36,neha.sharma446@example.com,Pune,Maharashtra,Tier 1,2024-10-11
CUST00447,Neha Iyer,Female,31,neha.iyer447@example.com,Nashik,Maharashtra,Tier 2,2023-06-01
CUST00448,Neha Patel,Female,31,neha.patel448@example.com,Pune,Maharashtra,Tier 1,2022-10-30
CUST00449,Priya Kumar,Female,33,priya.kumar449@example.com,Indore,Madhya Pradesh,Tier 2,2023-08-11
CUST00450,Rohan Sharma,Male,29,rohan.sharma450@example.com,Sagar,Madhya Pradesh,Tier 3,2024-10-21
CUST00451,Meera Reddy,Female,34,meera.reddy451@example.com,Bangalore,Karnataka,Tier 1,2022-12-27
CUST00452,Sneha Sharma,Female,25,sneha.sharma452@example.com,Rohtak,Haryana,Tier 3,2023-07-29
CUST00453,Suresh Singh,Male,28,suresh.singh453@example.com,Ambala,Haryana,Tier 3,2023-11-19
CUST00454,Arjun Kumar,Male,33,arjun.kumar454@example.com,Kolkata,West Bengal,Tier 1,2024-08-28
CUST00455,Ritu Reddy,Female,30,ritu.reddy455@example.com,Akola,Maharashtra,Tier 3,2023-05-09
CUST00456,Ritu Singh,Female,38,ritu.singh456@example.com,Shillong,Meghalaya,Tier 3,2023-02-01
CUST00457,Divya Singh,Female,29,divya.singh457@example.com,Bhavnagar,Gujarat,Tier 3,2024-04-30
CUST00458,Anjali Reddy,Female,40,anjali.reddy458@example.com,Kolkata,West Bengal,Tier 1,2023-03-31
CUST00459,Shreya Patel,Female,18,shreya.patel459@example.com,Mumbai,Maharashtra,Tier 1,2023-12-12
CUST00460,Kavita Verma,Female,41,kavita.verma460@example.com,Ranchi,Jharkhand,Tier 2,2022-11-01
CUST00461,Sneha Kumar,Female,46,sneha.kumar461@example.com,Indore,Madhya Pradesh,Tier 2,2022-10-18
CUST00462,Neha Iyer,Female,41,neha.iyer462@example.com,Rajkot,Gujarat,Tier 2,2024-07-30
CUST00463,Priya Singh,Female,32,priya.singh463@example.com,Nashik,Maharashtra,Tier 2,2022-03-26
CUST00464,Sneha Sharma,Female,42,sneha.sharma464@example.com,Jodhpur,Rajasthan,Tier 2,2023-09-21
CUST00465,Kavita Nair,Female,19,kavita.nair465@example.com,Akola,Maharashtra,Tier 3,2023-10-27
CUST00466,Rahul Patel,Male,18,rahul.patel466@example.com,Raipur,Chhattisgarh,Tier 2,2024-02-22
CUST00467,Priya Patel,Female,37,priya.patel467@example.com,Kolkata,West Bengal,Tier 1,2022-12-09
CUST00468,Arjun Singh,Male,39,arjun.singh468@example.com,Akola,Maharashtra,Tier 3,2024-10-01
CUST00469,Manoj Patel,Male,29,manoj.patel469@example.com,Karimnagar,Telangana,Tier 3,2023-09-11
CUST00470,Kavita Singh,Female,35,kavita.singh470@example.com,Ambala,Haryana,Tier 3,2022-11-20
CUST00471,Manoj Patel,Male,27,manoj.patel471@example.com,Hisar,Haryana,Tier 3,2023-04-15
CUST00472,Ritu Singh,Female,28,ritu.singh472@example.com,Ranchi,Jharkhand,Tier 2,2023-01-08
CUST00473,Pooja Verma,Female,54,pooja.verma473@example.com,Pune,Maharashtra,Tier 1,2024-01-21
CUST00474,Sanjay Nair,Male,40,sanjay.nair474@example.com,Mumbai,Maharashtra,Tier 1,2023-11-01
CUST00475,Suresh Kumar,Male,23,suresh.kumar475@example.com,Aurangabad,Maharashtra,Tier 2,2023-08-12
CUST00476,Pooja Joshi,Female,29,pooja.joshi476@example.com,Pune,Maharashtra,Tier 1,2024-11-28
CUST00477,Pooja Verma,Female,33,pooja.verma477@example.com,Vadodara,Gujarat,Tier 2,2024-08-16
CUST00478,Sanjay Patel,Male,23,sanjay.patel478@example.com,Delhi,Delhi,Tier 1,2022-02-05
CUST00479,Anjali Singh,Female,33,anjali.singh479@example.com,Pune,Maharashtra,Tier 1,2023-07-13
CUST00480,Anjali Nair,Female,36,anjali.nair480@example.com,Ambala,Haryana,Tier 3,2023-12-27
CUST00481,Sneha Patel,Female,36,sneha.patel481@example.com,Ranchi,Jharkhand,Tier 2,2024-11-15
CUST00482,Arjun Nair,Male,20,arjun.nair482@example.com,Pune,Maharashtra,Tier 1,2023-11-13
CUST00483,Rohan Patel,Male,18,rohan.patel483@example.com,Sagar,Madhya Pradesh,Tier 3,2023-12-21
CUST00484,Priya Singh,Female,35,priya.singh484@example.com,Delhi,Delhi,Tier 1,2023-10-26
CUST00485,Divya Nair,Female,34,divya.nair485@example.com,Rohtak,Haryana,Tier 3,2024-05-06
CUST00486,Amit Kumar,Male,24,amit.kumar486@example.com,Bhopal,Madhya Pradesh,Tier 2,2022-08-30
CUST00487,Meera Reddy,Female,31,meera.reddy487@example.com,Hyderabad,Telangana,Tier 1,2023-04-28
CUST00488,Vikram Singh,Male,41,vikram.singh488@example.com,Aurangabad,Maharashtra,Tier 2,2023-10-24
CUST00489,Sanjay Iyer,Male,40,sanjay.iyer489@example.com,Pune,Maharashtra,Tier 1,2023-02-23
CUST00490,Neha Nair,Female,51,neha.nair490@example.com,Pune,Maharashtra,Tier 1,2023-08-13
CUST00491,Vikram Reddy,Male,34,vikram.reddy491@example.com,Amritsar,Punjab,Tier 2,2023-03-17
CUST00492,Amit Nair,Male,31,amit.nair492@example.com,Chennai,Tamil Nadu,Tier 1,2023-09-29
CUST00493,Neha Patel,Female,34,neha.patel493@example.com,Bhopal,Madhya Pradesh,Tier 2,2023-04-04
CUST00494,Arjun Nair,Male,27,arjun.nair494@example.com,Nashik,Maharashtra,Tier 2,2023-09-13
CUST00495,Suresh Gupta,Male,42,suresh.gupta495@example.com,Bangalore,Karnataka,Tier 1,2024-01-14
CUST00496,Neha Kumar,Female,47,neha.kumar496@example.com,Pune,Maharashtra,Tier 1,2023-03-01
CUST00497,Deepak Patel,Male,36,deepak.patel497@example.com,Jodhpur,Rajasthan,Tier 2,2023-07-15
CUST00498,Vikram Joshi,Male,40,vikram.joshi498@example.com,Chennai,Tamil Nadu,Tier 1,2022-06-09
CUST00499,Shreya Sharma,Female,18,shreya.sharma499@example.com,Raipur,Chhattisgarh,Tier 2,2022-03-08
CUST00500,Amit Sharma,Male,35,amit.sharma500@example.com,Kolkata,West Bengal,Tier 1,2023-12-28
CUST00501,Pooja Joshi,Female,47,pooja.joshi501@example.com,Pune,Maharashtra,Tier 1,2023-09-06
CUST00502,Sanjay Nair,Male,35,sanjay.nair502@example.com,Aurangabad,Maharashtra,Tier 2,2023-10-24
CUST00503,Divya Gupta,Female,36,divya.gupta503@example.com,Vadodara,Gujarat,Tier 2,2023-03-29
CUST00504,Sneha Iyer,Female,23,sneha.iyer504@example.com,Kolkata,West Bengal,Tier 1,2022-07-27
CUST00505,Vikram Iyer,Male,46,vikram.iyer505@example.com,Mumbai,Maharashtra,Tier 1,2023-11-01
CUST00506,Divya Gupta,Female,29,divya.gupta506@example.com,Hyderabad,Telangana,Tier 1,2024-09-06
CUST00507,Arjun Singh,Male,25,arjun.singh507@example.com,Nashik,Maharashtra,Tier 2,2022-08-25
CUST00508,Ritu Patel,Female,39,ritu.patel508@example.com,Raipur,Chhattisgarh,Tier 2,2023-02-10
CUST00509,Meera Nair,Female,33,meera.nair509@example.com,Kolkata,West Bengal,Tier 1,2024-03-10
CUST00510,Pooja Iyer,Female,30,pooja.iyer510@example.com,Akola,Maharashtra,Tier 3,2024-01-08
CUST00511,Divya Gupta,Female,25,divya.gupta511@example.com,Mumbai,Maharashtra,Tier 1,2023-04-26
CUST00512,Rahul Kumar,Male,21,rahul.kumar512@example.com,Delhi,Delhi,Tier 1,2024-02-09
CUST00513,Pooja Patel,Female,43,pooja.patel513@example.com,Karimnagar,Telangana,Tier 3,2024-08-26
CUST00514,Shreya Singh,Female,32,shreya.singh514@example.com,Kolkata,West Bengal,Tier 1,2022-11-07
CUST00515,Sanjay Nair,Male,34,sanjay.nair515@example.com,Delhi,Delhi,Tier 1,2023-02-10
CUST00516,Sneha Iyer,Female,31,sneha.iyer516@example.com,Hisar,Haryana,Tier 3,2023-05-05
CUST00517,Karan Nair,Male,32,karan.nair517@example.com,Nagpur,Maharashtra,Tier 2,2023-07-15
CUST00518,Rohan Joshi,Male,31,rohan.joshi518@example.com,Hyderabad,Telangana,Tier 1,2022-05-14
CUST00519,Rahul Kumar,Male,27,rahul.kumar519@example.com,Bangalore,Karnataka,Tier 1,2024-10-27
CUST00520,Sneha Nair,Female,29,sneha.nair520@example.com,Hyderabad,Telangana,Tier 1,2023-08-01
CUST00521,Karan Patel,Male,32,karan.patel521@example.com,Mumbai,Maharashtra,Tier 1,2024-07-19
CUST00522,Ritu Singh,Female,31,ritu.singh522@example.com,Vadodara,Gujarat,Tier 2,2024-03-03
CUST00523,Priya Joshi,Female,22,priya.joshi523@example.com,Nagpur,Maharashtra,Tier 2,2022-06-13
CUST00524,Arjun Nair,Male,34,arjun.nair524@example.com,Rohtak,Haryana,Tier 3,2022-08-26
CUST00525,Karan Nair,Male,24,karan.nair525@example.com,Bangalore,Karnataka,Tier 1,2024-06-17
CUST00526,Shreya Joshi,Female,35,shreya.joshi526@example.com,Rajkot,Gujarat,Tier 2,2024-08-21
CUST00527,Amit Reddy,Male,31,amit.reddy527@example.com,Mumbai,Maharashtra,Tier 1,2024-11-01
CUST00528,Meera Singh,Female,36,meera.singh528@example.com,Bangalore,Karnataka,Tier 1,2024-04-25
CUST00529,Manoj Nair,Male,34,manoj.nair529@example.com,Bhavnagar,Gujarat,Tier 3,2024-09-15
CUST00530,Rahul Sharma,Male,24,rahul.sharma530@example.com,Hyderabad,Telangana,Tier 1,2022-09-11
CUST00531,Divya Nair,Female,30,divya.nair531@example.com,Bhopal,Madhya Pradesh,Tier 2,2023-10-25
CUST00532,Manoj Nair,Male,45,manoj.nair532@example.com,Hyderabad,Telangana,Tier 1,2023-11-21
CUST00533,Shreya Singh,Female,20,shreya.singh533@example.com,Delhi,Delhi,Tier 1,2023-04-02
CUST00534,Shreya Kumar,Female,29,shreya.kumar534@example.com,Delhi,Delhi,Tier 1,2022-07-09
CUST00535,Meera Nair,Female,28,meera.nair535@example.com,Chennai,Tamil Nadu,Tier 1,2022-09-20
CUST00536,Shreya Kumar,Female,33,shreya.kumar536@example.com,Ranchi,Jharkhand,Tier 2,2024-02-24
CUST00537,Arjun Singh,Male,36,arjun.singh537@example.com,Hyderabad,Telangana,Tier 1,2024-03-30
CUST00538,Karan Joshi,Male,22,karan.joshi538@example.com,Ambala,Haryana,Tier 3,2024-02-07
CUST00539,Manoj Iyer,Male,18,manoj.iyer539@example.com,Bangalore,Karnataka,Tier 1,2023-06-03
CUST00540,Rahul Joshi,Male,56,rahul.joshi540@example.com,Bangalore,Karnataka,Tier 1,2023-08-21
CUST00541,Deepak Joshi,Male,29,deepak.joshi541@example.com,Hisar,Haryana,Tier 3,2023-01-21
CUST00542,Rohan Sharma,Male,22,rohan.sharma542@example.com,Karimnagar,Telangana,Tier 3,2023-10-23
CUST00543,Rohan Sharma,Male,23,rohan.sharma543@example.com,Bilaspur,Chhattisgarh,Tier 3,2024-06-19
CUST00544,Ritu Patel,Female,31,ritu.patel544@example.com,Rajkot,Gujarat,Tier 2,2023-12-04
CUST00545,Karan Nair,Male,28,karan.nair545@example.com,Aurangabad,Maharashtra,Tier 2,2022-07-02
CUST00546,Priya Patel,Female,36,priya.patel546@example.com,Jodhpur,Rajasthan,Tier 2,2023-07-08
CUST00547,Deepak Singh,Male,36,deepak.singh547@example.com,Rohtak,Haryana,Tier 3,2023-02-01
CUST00548,Meera Reddy,Female,33,meera.reddy548@example.com,Ambala,Haryana,Tier 3,2022-01-29
CUST00549,Sanjay Nair,Male,51,sanjay.nair549@example.com,Bangalore,Karnataka,Tier 1,2022-08-30
CUST00550,Sneha Joshi,Female,26,sneha.joshi550@example.com,Nashik,Maharashtra,Tier 2,2023-12-27
CUST00551,Rohan Kumar,Male,30,rohan.kumar551@example.com,Rajkot,Gujarat,Tier 2,2022-03-20
CUST00552,Pooja Kumar,Female,40,pooja.kumar552@example.com,Rohtak,Haryana,Tier 3,2023-08-04
CUST00553,Sanjay Singh,Male,26,sanjay.singh553@example.com,Vadodara,Gujarat,Tier 2,2023-03-25
CUST00554,Meera Kumar,Female,31,meera.kumar554@example.com,Hyderabad,Telangana,Tier 1,2022-03-28
CUST00555,Manoj Nair,Male,18,manoj.nair555@example.com,Vadodara,Gujarat,Tier 2,2023-02-12
CUST00556,Kavita Patel,Female,33,kavita.patel556@example.com,Aurangabad,Maharashtra,Tier 2,2023-03-12
CUST00557,Suresh Verma,Male,27,suresh.verma557@example.com,Rewa,Madhya Pradesh,Tier 3,2023-05-14
CUST00558,Sneha Iyer,Female,28,sneha.iyer558@example.com,Bangalore,Karnataka,Tier 1,2022-12-16
CUST00559,Deepak Kumar,Male,40,deepak.kumar559@example.com,Sagar,Madhya Pradesh,Tier 3,2023-06-04
CUST00560,Neha Verma,Female,25,neha.verma560@example.com,Ranchi,Jharkhand,Tier 2,2024-08-19
CUST00561,Rohan Sharma,Male,34,rohan.sharma561@example.com,Jodhpur,Rajasthan,Tier 2,2024-08-20
CUST00562,Rohan Sharma,Male,23,rohan.sharma562@example.com,Ambala,Haryana,Tier 3,2022-06-18
CUST00563,Kavita Iyer,Female,26,kavita.iyer563@example.com,Akola,Maharashtra,Tier 3,2022-04-29
CUST00564,Rahul Nair,Male,40,rahul.nair564@example.com,Akola,Maharashtra,Tier 3,2023-01-09
CUST00565,Divya Iyer,Female,38,divya.iyer565@example.com,Bhopal,Madhya Pradesh,Tier 2,2022-06-09
CUST00566,Suresh Singh,Male,37,suresh.singh566@example.com,Amritsar,Punjab,Tier 2,2023-06-07
CUST00567,Amit Joshi,Male,22,amit.joshi567@example.com,Bangalore,Karnataka,Tier 1,2022-09-30
CUST00568,Vikram Reddy,Male,18,vikram.reddy568@example.com,Delhi,Delhi,Tier 1,2024-09-11
CUST00569,Rahul Reddy,Male,33,rahul.reddy569@example.com,Kolkata,West Bengal,Tier 1,2023-02-18
CUST00570,Suresh Sharma,Male,36,suresh.sharma570@example.com,Rajkot,Gujarat,Tier 2,2022-04-23
CUST00571,Shreya Joshi,Female,34,shreya.joshi571@example.com,Nagpur,Maharashtra,Tier 2,2022-05-02
CUST00572,Sneha Iyer,Female,34,sneha.iyer572@example.com,Akola,Maharashtra,Tier 3,2024-07-31
CUST00573,Neha Nair,Female,42,neha.nair573@example.com,Pune,Maharashtra,Tier 1,2024-10-18
CUST00574,Pooja Verma,Female,30,pooja.verma574@example.com,Rajkot,Gujarat,Tier 2,2023-10-09
CUST00575,Sanjay Kumar,Male,42,sanjay.kumar575@example.com,Bangalore,Karnataka,Tier 1,2022-07-22
CUST00576,Rahul Singh,Male,24,rahul.singh576@example.com,Pune,Maharashtra,Tier 1,2024-05-09
CUST00577,Shreya Gupta,Female,35,shreya.gupta577@example.com,Kolkata,West Bengal,Tier 1,2024-02-09
CUST00578,Ritu Nair,Female,26,ritu.nair578@example.com,Bhavnagar,Gujarat,Tier 3,2022-03-29
CUST00579,Karan Verma,Male,52,karan.verma579@example.com,Bangalore,Karnataka,Tier 1,2022-10-05
CUST00580,Sanjay Singh,Male,41,sanjay.singh580@example.com,Bhopal,Madhya Pradesh,Tier 2,2023-12-04
CUST00581,Suresh Reddy,Male,38,suresh.reddy581@example.com,Delhi,Delhi,Tier 1,2022-01-23
CUST00582,Sneha Singh,Female,35,sneha.singh582@example.com,Coimbatore,Tamil Nadu,Tier 2,2022-05-16
CUST00583,Suresh Singh,Male,36,suresh.singh583@example.com,Vadodara,Gujarat,Tier 2,2022-05-09
CUST00584,Rahul Verma,Male,35,rahul.verma584@example.com,Pune,Maharashtra,Tier 1,2024-05-23
CUST00585,Neha Reddy,Female,47,neha.reddy585@example.com,Rajkot,Gujarat,Tier 2,2023-04-18
CUST00586,Anjali Kumar,Female,35,anjali.kumar586@example.com,Amritsar,Punjab,Tier 2,2024-07-11
CUST00587,Rohan Patel,Male,34,rohan.patel587@example.com,Nashik,Maharashtra,Tier 2,2022-04-22
CUST00588,Sanjay Joshi,Male,45,sanjay.joshi588@example.com,Hyderabad,Telangana,Tier 1,2023-08-25
CUST00589,Meera Iyer,Female,24,meera.iyer589@example.com,Ratlam,Madhya Pradesh,Tier 3,2024-11-01
CUST00590,Rohan Joshi,Male,37,rohan.joshi590@example.com,Rohtak,Haryana,Tier 3,2024-11-09
CUST00591,Deepak Iyer,Male,34,deepak.iyer591@example.com,Kolkata,West Bengal,Tier 1,2024-10-11
CUST00592,Anjali Joshi,Female,18,anjali.joshi592@example.com,Chennai,Tamil Nadu,Tier 1,2024-11-09
CUST00593,Deepak Nair,Male,18,deepak.nair593@example.com,Akola,Maharashtra,Tier 3,2024-10-10
CUST00594,Vikram Singh,Male,45,vikram.singh594@example.com,Delhi,Delhi,Tier 1,2024-05-20
CUST00595,Anjali Gupta,Female,28,anjali.gupta595@example.com,Kolkata,West Bengal,Tier 1,2022-02-07
CUST00596,Anjali Nair,Female,28,anjali.nair596@example.com,Pune,Maharashtra,Tier 1,2022-09-30
CUST00597,Sanjay Patel,Male,48,sanjay.patel597@example.com,Rajkot,Gujarat,Tier 2,2023-05-31
CUST00598,Divya Joshi,Female,32,divya.joshi598@example.com,Chennai,Tamil Nadu,Tier 1,2023-11-29
CUST00599,Sneha Sharma,Female,31,sneha.sharma599@example.com,Nagpur,Maharashtra,Tier 2,2024-06-18
CUST00600,Priya Gupta,Female,26,priya.gupta600@example.com,Aurangabad,Maharashtra,Tier 2,2022-06-08
CUST00601,Rahul Reddy,Male,24,rahul.reddy601@example.com,Chennai,Tamil Nadu,Tier 1,2024-07-03
CUST00602,Deepak Sharma,Male,31,deepak.sharma602@example.com,Bangalore,Karnataka,Tier 1,2023-06-26
CUST00603,Priya Kumar,Female,32,priya.kumar603@example.com,Akola,Maharashtra,Tier 3,2024-07-15
CUST00604,Vikram Reddy,Male,43,vikram.reddy604@example.com,Hyderabad,Telangana,Tier 1,2022-07-02
CUST00605,Divya Reddy,Female,31,divya.reddy605@example.com,Nashik,Maharashtra,Tier 2,2023-04-26
CUST00606,Deepak Patel,Male,30,deepak.patel606@example.com,Aurangabad,Maharashtra,Tier 2,2024-02-02
CUST00607,Anjali Patel,Female,24,anjali.patel607@example.com,Ambala,Haryana,Tier 3,2024-10-16
CUST00608,Meera Patel,Female,27,meera.patel608@example.com,Ranchi,Jharkhand,Tier 2,2023-10-22
CUST00609,Rahul Sharma,Male,42,rahul.sharma609@example.com,Shillong,Meghalaya,Tier 3,2023-02-03
CUST00610,Meera Reddy,Female,29,meera.reddy610@example.com,Bangalore,Karnataka,Tier 1,2022-05-17
CUST00611,Pooja Gupta,Female,27,pooja.gupta611@example.com,Rohtak,Haryana,Tier 3,2024-04-16
CUST00612,Neha Kumar,Female,21,neha.kumar612@example.com,Hyderabad,Telangana,Tier 1,2024-08-30
CUST00613,Rahul Reddy,Male,47,rahul.reddy613@example.com,Coimbatore,Tamil Nadu,Tier 2,2022-09-11
CUST00614,Rohan Gupta,Male,38,rohan.gupta614@example.com,Bilaspur,Chhattisgarh,Tier 3,2023-07-17
CUST00615,Manoj Sharma,Male,41,manoj.sharma615@example.com,Akola,Maharashtra,Tier 3,2023-07-01
CUST00616,Rohan Sharma,Male,30,rohan.sharma616@example.com,Hisar,Haryana,Tier 3,2022-02-18
CUST00617,Pooja Nair,Female,21,pooja.nair617@example.com,Hyderabad,Telangana,Tier 1,2023-12-05
CUST00618,Vikram Nair,Male,31,vikram.nair618@example.com,Delhi,Delhi,Tier 1,2024-01-13
CUST00619,Manoj Singh,Male,46,manoj.singh619@example.com,Rewa,Madhya Pradesh,Tier 3,2024-07-19
CUST00620,Pooja Kumar,Female,27,pooja.kumar620@example.com,Bilaspur,Chhattisgarh,Tier 3,2023-11-17
CUST00621,Karan Kumar,Male,38,karan.kumar621@example.com,Bhopal,Madhya Pradesh,Tier 2,2022-07-07
CUST00622,Deepak Joshi,Male,30,deepak.joshi622@example.com,Vadodara,Gujarat,Tier 2,2023-12-26
CUST00623,Karan Nair,Male,23,karan.nair623@example.com,Pune,Maharashtra,Tier 1,2024-05-25
CUST00624,Arjun Reddy,Male,23,arjun.reddy624@example.com,Hisar,Haryana,Tier 3,2024-06-24
CUST00625,Ritu Reddy,Female,25,ritu.reddy625@example.com,Kolkata,West Bengal,Tier 1,2022-07-24
CUST00626,Ritu Patel,Female,27,ritu.patel626@example.com,Bhavnagar,Gujarat,Tier 3,2023-08-19
CUST00627,Pooja Gupta,Female,32,pooja.gupta627@example.com,Ranchi,Jharkhand,Tier 2,2024-05-24
CUST00628,Sanjay Sharma,Male,21,sanjay.sharma628@example.com,Bangalore,Karnataka,Tier 1,2023-10-01
CUST00629,Ritu Nair,Female,34,ritu.nair629@example.com,Chennai,Tamil Nadu,Tier 1,2023-11-03
CUST00630,Karan Gupta,Male,32,karan.gupta630@example.com,Ranchi,Jharkhand,Tier 2,2022-07-18
CUST00631,Arjun Verma,Male,36,arjun.verma631@example.com,Bangalore,Karnataka,Tier 1,2023-05-07
CUST00632,Anjali Nair,Female,43,anjali.nair632@example.com,Rajkot,Gujarat,Tier 2,2022-01-21
CUST00633,Rahul Kumar,Male,20,rahul.kumar633@example.com,Pune,Maharashtra,Tier 1,2024-09-10
CUST00634,Amit Gupta,Male,22,amit.gupta634@example.com,Karimnagar,Telangana,Tier 3,2023-03-21
CUST00635,Sanjay Gupta,Male,25,sanjay.gupta635@example.com,Kolkata,West Bengal,Tier 1,2023-09-21
CUST00636,Priya Gupta,Female,24,priya.gupta636@example.com,Ratlam,Madhya Pradesh,Tier 3,2024-10-11
CUST00637,Sanjay Gupta,Male,35,sanjay.gupta637@example.com,Coimbatore,Tamil Nadu,Tier 2,2023-07-27
CUST00638,Karan Gupta,Male,38,karan.gupta638@example.com,Pune,Maharashtra,Tier 1,2022-06-26
CUST00639,Sneha Reddy,Female,36,sneha.reddy639@example.com,Ranchi,Jharkhand,Tier 2,2024-08-23
CUST00640,Sneha Kumar,Female,28,sneha.kumar640@example.com,Hyderabad,Telangana,Tier 1,2022-01-22
CUST00641,Divya Verma,Female,18,divya.verma641@example.com,Ratlam,Madhya Pradesh,Tier 3,2024-04-21
CUST00642,Kavita Gupta,Female,22,kavita.gupta642@example.com,Raipur,Chhattisgarh,Tier 2,2023-08-11
CUST00643,Ritu Sharma,Female,26,ritu.sharma643@example.com,Bangalore,Karnataka,Tier 1,2023-07-25
CUST00644,Vikram Sharma,Male,31,vikram.sharma644@example.com,Bilaspur,Chhattisgarh,Tier 3,2024-08-17
CUST00645,Sneha Patel,Female,27,sneha.patel645@example.com,Bangalore,Karnataka,Tier 1,2022-10-04
CUST00646,Pooja Reddy,Female,23,pooja.reddy646@example.com,Sagar,Madhya Pradesh,Tier 3,2022-08-02
CUST00647,Sanjay Nair,Male,28,sanjay.nair647@example.com,Chennai,Tamil Nadu,Tier 1,2024-01-14
CUST00648,Sneha Iyer,Female,36,sneha.iyer648@example.com,Amritsar,Punjab,Tier 2,2022-02-27
CUST00649,Divya Patel,Female,39,divya.patel649@example.com,Shillong,Meghalaya,Tier 3,2024-05-30
CUST00650,Neha Patel,Female,31,neha.patel650@example.com,Raipur,Chhattisgarh,Tier 2,2024-10-08
CUST00651,Neha Nair,Female,41,neha.nair651@example.com,Shillong,Meghalaya,Tier 3,2023-11-10
CUST00652,Deepak Sharma,Male,36,deepak.sharma652@example.com,Pune,Maharashtra,Tier 1,2023-12-10
CUST00653,Rahul Reddy,Male,43,rahul.reddy653@example.com,Akola,Maharashtra,Tier 3,2023-05-19
CUST00654,Amit Patel,Male,25,amit.patel654@example.com,Delhi,Delhi,Tier 1,2023-07-21
CUST00655,Deepak Iyer,Male,21,deepak.iyer655@example.com,Nagpur,Maharashtra,Tier 2,2022-08-26
CUST00656,Manoj Joshi,Male,33,manoj.joshi656@example.com,Nashik,Maharashtra,Tier 2,2023-01-21
CUST00657,Priya Sharma,Female,39,priya.sharma657@example.com,Hyderabad,Telangana,Tier 1,2023-01-22
CUST00658,Priya Sharma,Female,29,priya.sharma658@example.com,Chennai,Tamil Nadu,Tier 1,2023-05-01
CUST00659,Meera Kumar,Female,23,meera.kumar659@example.com,Chennai,Tamil Nadu,Tier 1,2024-10-11
CUST00660,Neha Verma,Female,35,neha.verma660@example.com,Mumbai,Maharashtra,Tier 1,2024-08-23
CUST00661,Rohan Gupta,Male,35,rohan.gupta661@example.com,Akola,Maharashtra,Tier 3,2023-06-28
CUST00662,Kavita Kumar,Female,27,kavita.kumar662@example.com,Chennai,Tamil Nadu,Tier 1,2023-07-29
CUST00663,Arjun Reddy,Male,42,arjun.reddy663@example.com,Aurangabad,Maharashtra,Tier 2,2024-10-09
CUST00664,Rohan Kumar,Male,44,rohan.kumar664@example.com,Hyderabad,Telangana,Tier 1,2022-09-04
CUST00665,Rahul Verma,Male,48,rahul.verma665@example.com,Pune,Maharashtra,Tier 1,2022-05-11
CUST00666,Ritu Nair,Female,34,ritu.nair666@example.com,Karimnagar,Telangana,Tier 3,2024-10-18
CUST00667,Rahul Patel,Male,20,rahul.patel667@example.com,Rajkot,Gujarat,Tier 2,2023-12-02
CUST00668,Ritu Singh,Female,22,ritu.singh668@example.com,Akola,Maharashtra,Tier 3,2023-10-08
CUST00669,Deepak Sharma,Male,20,deepak.sharma669@example.com,Jodhpur,Rajasthan,Tier 2,2024-07-31
CUST00670,Manoj Iyer,Male,41,manoj.iyer670@example.com,Delhi,Delhi,Tier 1,2024-09-08
CUST00671,Amit Kumar,Male,18,amit.kumar671@example.com,Rewa,Madhya Pradesh,Tier 3,2023-04-21
CUST00672,Vikram Singh,Male,33,vikram.singh672@example.com,Chennai,Tamil Nadu,Tier 1,2022-07-09
CUST00673,Manoj Patel,Male,26,manoj.patel673@example.com,Nagpur,Maharashtra,Tier 2,2023-06-30
CUST00674,Anjali Kumar,Female,18,anjali.kumar674@example.com,Raipur,Chhattisgarh,Tier 2,2024-08-10
CUST00675,Manoj Reddy,Male,40,manoj.reddy675@example.com,Delhi,Delhi,Tier 1,2024-06-14
CUST00676,Ritu Patel,Female,28,ritu.patel676@example.com,Amritsar,Punjab,Tier 2,2024-07-19
CUST00677,Deepak Singh,Male,21,deepak.singh677@example.com,Kolkata,West Bengal,Tier 1,2024-06-11
CUST00678,Karan Gupta,Male,42,karan.gupta678@example.com,Nagpur,Maharashtra,Tier 2,2022-06-05
CUST00679,Shreya Joshi,Female,28,shreya.joshi679@example.com,Indore,Madhya Pradesh,Tier 2,2023-03-30
CUST00680,Kavita Sharma,Female,36,kavita.sharma680@example.com,Bilaspur,Chhattisgarh,Tier 3,2024-05-04
CUST00681,Divya Iyer,Female,28,divya.iyer681@example.com,Pune,Maharashtra,Tier 1,2023-05-31
CUST00682,Meera Reddy,Female,35,meera.reddy682@example.com,Delhi,Delhi,Tier 1,2023-06-17
CUST00683,Manoj Reddy,Male,36,manoj.reddy683@example.com,Hyderabad,Telangana,Tier 1,2024-08-06
CUST00684,Pooja Verma,Female,33,pooja.verma684@example.com,Akola,Maharashtra,Tier 3,2023-07-05
CUST00685,Neha Reddy,Female,34,neha.reddy685@example.com,Akola,Maharashtra,Tier 3,2024-04-24
CUST00686,Karan Singh,Male,38,karan.singh686@example.com,Shillong,Meghalaya,Tier 3,2022-08-07
CUST00687,Amit Sharma,Male,20,amit.sharma687@example.com,Nashik,Maharashtra,Tier 2,2024-06-06
CUST00688,Kavita Kumar,Female,26,kavita.kumar688@example.com,Bangalore,Karnataka,Tier 1,2023-12-03
CUST00689,Amit Patel,Male,31,amit.patel689@example.com,Mumbai,Maharashtra,Tier 1,2023-08-19
CUST00690,Meera Nair,Female,29,meera.nair690@example.com,Hyderabad,Telangana,Tier 1,2023-09-06
CUST00691,Anjali Sharma,Female,39,anjali.sharma691@example.com,Chennai,Tamil Nadu,Tier 1,2022-03-24
CUST00692,Meera Verma,Female,36,meera.verma692@example.com,Akola,Maharashtra,Tier 3,2024-02-02
CUST00693,Ritu Sharma,Female,37,ritu.sharma693@example.com,Jodhpur,Rajasthan,Tier 2,2023-09-25
CUST00694,Ritu Verma,Female,28,ritu.verma694@example.com,Bangalore,Karnataka,Tier 1,2024-07-22
CUST00695,Manoj Nair,Male,29,manoj.nair695@example.com,Pune,Maharashtra,Tier 1,2023-11-07
CUST00696,Neha Patel,Female,28,neha.patel696@example.com,Delhi,Delhi,Tier 1,2024-03-30
CUST00697,Sneha Iyer,Female,22,sneha.iyer697@example.com,Bangalore,Karnataka,Tier 1,2024-03-31
CUST00698,Vikram Reddy,Male,22,vikram.reddy698@example.com,Bhopal,Madhya Pradesh,Tier 2,2022-03-09
CUST00699,Sneha Iyer,Female,40,sneha.iyer699@example.com,Rewa,Madhya Pradesh,Tier 3,2023-05-29
CUST00700,Sneha Gupta,Female,47,sneha.gupta700@example.com,Akola,Maharashtra,Tier 3,2023-11-26
CUST00701,Shreya Joshi,Female,26,shreya.joshi701@example.com,Raipur,Chhattisgarh,Tier 2,2024-05-30
CUST00702,Anjali Patel,Female,18,anjali.patel702@example.com,Delhi,Delhi,Tier 1,2023-05-09
CUST00703,Karan Singh,Male,23,karan.singh703@example.com,Rewa,Madhya Pradesh,Tier 3,2023-10-23
CUST00704,Kavita Iyer,Female,34,kavita.iyer704@example.com,Kolkata,West Bengal,Tier 1,2024-11-24
CUST00705,Shreya Patel,Female,27,shreya.patel705@example.com,Ratlam,Madhya Pradesh,Tier 3,2023-12-29
CUST00706,Shreya Gupta,Female,34,shreya.gupta706@example.com,Rewa,Madhya Pradesh,Tier 3,2022-06-23
CUST00707,Neha Reddy,Female,30,neha.reddy707@example.com,Hisar,Haryana,Tier 3,2023-10-21
CUST00708,Divya Joshi,Female,40,divya.joshi708@example.com,Nashik,Maharashtra,Tier 2,2023-05-20
CUST00709,Ritu Kumar,Female,24,ritu.kumar709@example.com,Coimbatore,Tamil Nadu,Tier 2,2022-05-12
CUST00710,Kavita Verma,Female,35,kavita.verma710@example.com,Kolkata,West Bengal,Tier 1,2022-03-17
CUST00711,Manoj Nair,Male,23,manoj.nair711@example.com,Jodhpur,Rajasthan,Tier 2,2024-05-03
CUST00712,Sanjay Gupta,Male,23,sanjay.gupta712@example.com,Bhopal,Madhya Pradesh,Tier 2,2022-08-02
CUST00713,Anjali Reddy,Female,26,anjali.reddy713@example.com,Hyderabad,Telangana,Tier 1,2023-07-27
CUST00714,Neha Kumar,Female,31,neha.kumar714@example.com,Pune,Maharashtra,Tier 1,2022-12-28
CUST00715,Neha Reddy,Female,52,neha.reddy715@example.com,Sagar,Madhya Pradesh,Tier 3,2022-04-03
CUST00716,Sanjay Joshi,Male,27,sanjay.joshi716@example.com,Aurangabad,Maharashtra,Tier 2,2024-01-19
CUST00717,Meera Nair,Female,42,meera.nair717@example.com,Rajkot,Gujarat,Tier 2,2023-10-15
CUST00718,Meera Sharma,Female,33,meera.sharma718@example.com,Kolkata,West Bengal,Tier 1,2023-07-09
CUST00719,Amit Gupta,Male,41,amit.gupta719@example.com,Ratlam,Madhya Pradesh,Tier 3,2024-05-14
CUST00720,Neha Joshi,Female,26,neha.joshi720@example.com,Amritsar,Punjab,Tier 2,2022-11-14
CUST00721,Kavita Reddy,Female,39,kavita.reddy721@example.com,Mumbai,Maharashtra,Tier 1,2023-01-17
CUST00722,Amit Kumar,Male,26,amit.kumar722@example.com,Mumbai,Maharashtra,Tier 1,2024-05-05
CUST00723,Sanjay Singh,Male,31,sanjay.singh723@example.com,Coimbatore,Tamil Nadu,Tier 2,2022-07-02
CUST00724,Shreya Nair,Female,41,shreya.nair724@example.com,Aurangabad,Maharashtra,Tier 2,2024-06-25
CUST00725,Priya Iyer,Female,45,priya.iyer725@example.com,Delhi,Delhi,Tier 1,2022-01-01
CUST00726,Ritu Verma,Female,25,ritu.verma726@example.com,Akola,Maharashtra,Tier 3,2024-08-14
CUST00727,Arjun Kumar,Male,40,arjun.kumar727@example.com,Indore,Madhya Pradesh,Tier 2,2023-03-21
CUST00728,Pooja Nair,Female,27,pooja.nair728@example.com,Ratlam,Madhya Pradesh,Tier 3,2023-06-04
CUST00729,Divya Verma,Female,33,divya.verma729@example.com,Hisar,Haryana,Tier 3,2022-06-23
CUST00730,Kavita Verma,Female,26,kavita.verma730@example.com,Rajkot,Gujarat,Tier 2,2024-09-16
CUST00731,Amit Sharma,Male,24,amit.sharma731@example.com,Rewa,Madhya Pradesh,Tier 3,2023-02-24
CUST00732,Anjali Patel,Female,29,anjali.patel732@example.com,Kolkata,West Bengal,Tier 1,2022-11-28
CUST00733,Deepak Patel,Male,27,deepak.patel733@example.com,Pune,Maharashtra,Tier 1,2023-10-17
CUST00734,Arjun Nair,Male,45,arjun.nair734@example.com,Ranchi,Jharkhand,Tier 2,2022-07-21
CUST00735,Pooja Reddy,Female,38,pooja.reddy735@example.com,Hyderabad,Telangana,Tier 1,2024-06-28
CUST00736,Vikram Reddy,Male,34,vikram.reddy736@example.com,Amritsar,Punjab,Tier 2,2024-02-10
CUST00737,Manoj Gupta,Male,33,manoj.gupta737@example.com,Aurangabad,Maharashtra,Tier 2,2023-10-29
CUST00738,Ritu Sharma,Female,47,ritu.sharma738@example.com,Hisar,Haryana,Tier 3,2022-10-23
CUST00739,Rohan Kumar,Male,30,rohan.kumar739@example.com,Shillong,Meghalaya,Tier 3,2022-09-25
CUST00740,Manoj Verma,Male,18,manoj.verma740@example.com,Raipur,Chhattisgarh,Tier 2,2024-09-12
CUST00741,Arjun Singh,Male,18,arjun.singh741@example.com,Rohtak,Haryana,Tier 3,2023-07-28
CUST00742,Anjali Kumar,Female,38,anjali.kumar742@example.com,Coimbatore,Tamil Nadu,Tier 2,2022-10-04
CUST00743,Meera Singh,Female,21,meera.singh743@example.com,Amritsar,Punjab,Tier 2,2023-02-24
CUST00744,Shreya Reddy,Female,40,shreya.reddy744@example.com,Chennai,Tamil Nadu,Tier 1,2024-11-19
CUST00745,Arjun Singh,Male,18,arjun.singh745@example.com,Chennai,Tamil Nadu,Tier 1,2022-07-14
CUST00746,Suresh Joshi,Male,25,suresh.joshi746@example.com,Rajkot,Gujarat,Tier 2,2023-11-10
CUST00747,Vikram Singh,Male,28,vikram.singh747@example.com,Jodhpur,Rajasthan,Tier 2,2024-07-21
CUST00748,Suresh Verma,Male,33,suresh.verma748@example.com,Akola,Maharashtra,Tier 3,2023-07-13
CUST00749,Neha Nair,Female,19,neha.nair749@example.com,Delhi,Delhi,Tier 1,2024-07-02
CUST00750,Shreya Patel,Female,42,shreya.patel750@example.com,Hyderabad,Telangana,Tier 1,2022-05-06
CUST00751,Ritu Patel,Female,40,ritu.patel751@example.com,Jodhpur,Rajasthan,Tier 2,2024-05-30
CUST00752,Deepak Patel,Male,46,deepak.patel752@example.com,Hyderabad,Telangana,Tier 1,2024-04-12
CUST00753,Neha Patel,Female,21,neha.patel753@example.com,Hyderabad,Telangana,Tier 1,2024-04-16
CUST00754,Shreya Sharma,Female,32,shreya.sharma754@example.com,Bangalore,Karnataka,Tier 1,2022-12-29
CUST00755,Priya Iyer,Female,29,priya.iyer755@example.com,Kolkata,West Bengal,Tier 1,2022-09-19
CUST00756,Karan Nair,Male,46,karan.nair756@example.com,Delhi,Delhi,Tier 1,2023-04-30
CUST00757,Ritu Iyer,Female,27,ritu.iyer757@example.com,Rohtak,Haryana,Tier 3,2022-06-19
CUST00758,Divya Patel,Female,18,divya.patel758@example.com,Hyderabad,Telangana,Tier 1,2024-02-25
CUST00759,Rohan Kumar,Male,33,rohan.kumar759@example.com,Akola,Maharashtra,Tier 3,2023-01-04
CUST00760,Pooja Nair,Female,24,pooja.nair760@example.com,Mumbai,Maharashtra,Tier 1,2022-04-19
CUST00761,Sanjay Joshi,Male,31,sanjay.joshi761@example.com,Rewa,Madhya Pradesh,Tier 3,2022-03-09
CUST00762,Meera Nair,Female,35,meera.nair762@example.com,Raipur,Chhattisgarh,Tier 2,2022-12-31
CUST00763,Suresh Nair,Male,18,suresh.nair763@example.com,Akola,Maharashtra,Tier 3,2022-12-09
CUST00764,Meera Sharma,Female,27,meera.sharma764@example.com,Kolkata,West Bengal,Tier 1,2024-02-01
CUST00765,Meera Gupta,Female,21,meera.gupta765@example.com,Kolkata,West Bengal,Tier 1,2024-07-30
CUST00766,Rohan Kumar,Male,38,rohan.kumar766@example.com,Karimnagar,Telangana,Tier 3,2024-04-15
CUST00767,Sanjay Kumar,Male,34,sanjay.kumar767@example.com,Kolkata,West Bengal,Tier 1,2023-04-28
CUST00768,Sanjay Verma,Male,28,sanjay.verma768@example.com,Bangalore,Karnataka,Tier 1,2023-05-24
CUST00769,Manoj Singh,Male,41,manoj.singh769@example.com,Sagar,Madhya Pradesh,Tier 3,2022-04-14
CUST00770,Neha Joshi,Female,26,neha.joshi770@example.com,Raipur,Chhattisgarh,Tier 2,2024-09-25
CUST00771,Rohan Sharma,Male,55,rohan.sharma771@example.com,Delhi,Delhi,Tier 1,2023-06-01
CUST00772,Meera Kumar,Female,18,meera.kumar772@example.com,Chennai,Tamil Nadu,Tier 1,2022-03-05
CUST00773,Arjun Kumar,Male,26,arjun.kumar773@example.com,Jodhpur,Rajasthan,Tier 2,2022-09-24
CUST00774,Meera Verma,Female,18,meera.verma774@example.com,Bangalore,Karnataka,Tier 1,2023-01-30
CUST00775,Priya Kumar,Female,28,priya.kumar775@example.com,Bhopal,Madhya Pradesh,Tier 2,2024-09-03
CUST00776,Vikram Gupta,Male,49,vikram.gupta776@example.com,Kolkata,West Bengal,Tier 1,2024-06-01
CUST00777,Pooja Reddy,Female,42,pooja.reddy777@example.com,Bhopal,Madhya Pradesh,Tier 2,2023-09-12
CUST00778,Manoj Kumar,Male,31,manoj.kumar778@example.com,Rajkot,Gujarat,Tier 2,2023-02-11
CUST00779,Ritu Iyer,Female,30,ritu.iyer779@example.com,Pune,Maharashtra,Tier 1,2023-12-16
CUST00780,Karan Nair,Male,38,karan.nair780@example.com,Indore,Madhya Pradesh,Tier 2,2024-08-31
CUST00781,Kavita Iyer,Female,36,kavita.iyer781@example.com,Raipur,Chhattisgarh,Tier 2,2023-08-27
CUST00782,Shreya Sharma,Female,37,shreya.sharma782@example.com,Rajkot,Gujarat,Tier 2,2022-12-31
CUST00783,Sanjay Singh,Male,42,sanjay.singh783@example.com,Raipur,Chhattisgarh,Tier 2,2023-05-26
CUST00784,Pooja Reddy,Female,30,pooja.reddy784@example.com,Akola,Maharashtra,Tier 3,2022-05-27
CUST00785,Sanjay Kumar,Male,38,sanjay.kumar785@example.com,Kolkata,West Bengal,Tier 1,2023-03-19
CUST00786,Kavita Nair,Female,24,kavita.nair786@example.com,Ratlam,Madhya Pradesh,Tier 3,2022-01-22
CUST00787,Manoj Iyer,Male,32,manoj.iyer787@example.com,Jodhpur,Rajasthan,Tier 2,2023-11-14
CUST00788,Rahul Verma,Male,41,rahul.verma788@example.com,Nashik,Maharashtra,Tier 2,2022-10-04
CUST00789,Priya Verma,Female,42,priya.verma789@example.com,Pune,Maharashtra,Tier 1,2022-07-13
CUST00790,Divya Sharma,Female,24,divya.sharma790@example.com,Bhopal,Madhya Pradesh,Tier 2,2022-01-19
CUST00791,Vikram Kumar,Male,27,vikram.kumar791@example.com,Hyderabad,Telangana,Tier 1,2024-03-04
CUST00792,Anjali Singh,Female,39,anjali.singh792@example.com,Delhi,Delhi,Tier 1,2022-01-25
CUST00793,Arjun Patel,Male,35,arjun.patel793@example.com,Vadodara,Gujarat,Tier 2,2024-06-29
CUST00794,Sneha Gupta,Female,26,sneha.gupta794@example.com,Latur,Maharashtra,Tier 3,2022-07-20
CUST00795,Amit Sharma,Male,25,amit.sharma795@example.com,Karimnagar,Telangana,Tier 3,2023-07-01
CUST00796,Anjali Patel,Female,33,anjali.patel796@example.com,Coimbatore,Tamil Nadu,Tier 2,2024-07-30
CUST00797,Deepak Iyer,Male,50,deepak.iyer797@example.com,Chennai,Tamil Nadu,Tier 1,2023-02-18
CUST00798,Arjun Verma,Male,39,arjun.verma798@example.com,Nagpur,Maharashtra,Tier 2,2022-02-14
CUST00799,Sanjay Verma,Male,27,sanjay.verma799@example.com,Karimnagar,Telangana,Tier 3,2022-12-24
CUST00800,Anjali Verma,Female,30,anjali.verma800@example.com,Coimbatore,Tamil Nadu,Tier 2,2022-11-18
CUST00801,Kavita Kumar,Female,22,kavita.kumar801@example.com,Mumbai,Maharashtra,Tier 1,2024-11-02
CUST00802,Neha Patel,Female,37,neha.patel802@example.com,Bhavnagar,Gujarat,Tier 3,2024-06-22
CUST00803,Manoj Patel,Male,39,manoj.patel803@example.com,Mumbai,Maharashtra,Tier 1,2023-09-24
CUST00804,Pooja Patel,Female,30,pooja.patel804@example.com,Hyderabad,Telangana,Tier 1,2022-11-17
CUST00805,Pooja Verma,Female,45,pooja.verma805@example.com,Aurangabad,Maharashtra,Tier 2,2023-03-13
CUST00806,Amit Joshi,Male,27,amit.joshi806@example.com,Mumbai,Maharashtra,Tier 1,2022-07-02
CUST00807,Kavita Reddy,Female,33,kavita.reddy807@example.com,Raipur,Chhattisgarh,Tier 2,2024-10-30
CUST00808,Rohan Kumar,Male,43,rohan.kumar808@example.com,Nashik,Maharashtra,Tier 2,2024-11-03
CUST00809,Rohan Nair,Male,22,rohan.nair809@example.com,Amritsar,Punjab,Tier 2,2024-10-08
CUST00810,Priya Kumar,Female,22,priya.kumar810@example.com,Jodhpur,Rajasthan,Tier 2,2022-09-17
CUST00811,Karan Kumar,Male,31,karan.kumar811@example.com,Delhi,Delhi,Tier 1,2024-02-15
CUST00812,Rohan Iyer,Male,18,rohan.iyer812@example.com,Pune,Maharashtra,Tier 1,2024-04-29
CUST00813,Rohan Iyer,Male,24,rohan.iyer813@example.com,Karimnagar,Telangana,Tier 3,2024-05-22
CUST00814,Deepak Sharma,Male,42,deepak.sharma814@example.com,Pune,Maharashtra,Tier 1,2024-10-14
CUST00815,Neha Reddy,Female,33,neha.reddy815@example.com,Ratlam,Madhya Pradesh,Tier 3,2022-10-21
CUST00816,Kavita Nair,Female,40,kavita.nair816@example.com,Jodhpur,Rajasthan,Tier 2,2023-01-25
CUST00817,Sanjay Verma,Male,30,sanjay.verma817@example.com,Pune,Maharashtra,Tier 1,2024-06-07
CUST00818,Rahul Kumar,Male,33,rahul.kumar818@example.com,Nagpur,Maharashtra,Tier 2,2023-03-04
CUST00819,Rahul Reddy,Male,30,rahul.reddy819@example.com,Coimbatore,Tamil Nadu,Tier 2,2024-06-29
CUST00820,Meera Reddy,Female,37,meera.reddy820@example.com,Chennai,Tamil Nadu,Tier 1,2023-11-22
CUST00821,Anjali Nair,Female,18,anjali.nair821@example.com,Hyderabad,Telangana,Tier 1,2023-04-16
CUST00822,Suresh Verma,Male,30,suresh.verma822@example.com,Ranchi,Jharkhand,Tier 2,2023-09-24
CUST00823,Deepak Gupta,Male,36,deepak.gupta823@example.com,Vadodara,Gujarat,Tier 2,2022-06-24
CUST00824,Ritu Joshi,Female,24,ritu.joshi824@example.com,Bhopal,Madhya Pradesh,Tier 2,2024-07-17
CUST00825,Suresh Reddy,Male,32,suresh.reddy825@example.com,Pune,Maharashtra,Tier 1,2023-06-07
CUST00826,Rahul Gupta,Male,33,rahul.gupta826@example.com,Pune,Maharashtra,Tier 1,2023-06-17
CUST00827,Anjali Iyer,Female,31,anjali.iyer827@example.com,Indore,Madhya Pradesh,Tier 2,2024-03-20
CUST00828,Suresh Patel,Male,23,suresh.patel828@example.com,Chennai,Tamil Nadu,Tier 1,2024-10-20
CUST00829,Vikram Sharma,Male,27,vikram.sharma829@example.com,Mumbai,Maharashtra,Tier 1,2022-08-15
CUST00830,Kavita Nair,Female,30,kavita.nair830@example.com,Bhavnagar,Gujarat,Tier 3,2022-07-29
CUST00831,Neha Singh,Female,24,neha.singh831@example.com,Ranchi,Jharkhand,Tier 2,2022-01-31
CUST00832,Anjali Sharma,Female,44,anjali.sharma832@example.com,Bhavnagar,Gujarat,Tier 3,2024-08-09
CUST00833,Sneha Nair,Female,38,sneha.nair833@example.com,Nashik,Maharashtra,Tier 2,2023-09-13
CUST00834,Shreya Verma,Female,30,shreya.verma834@example.com,Mumbai,Maharashtra,Tier 1,2024-10-23
CUST00835,Meera Singh,Female,45,meera.singh835@example.com,Hyderabad,Telangana,Tier 1,2024-07-28
CUST00836,Shreya Patel,Female,25,shreya.patel836@example.com,Mumbai,Maharashtra,Tier 1,2022-12-22
CUST00837,Suresh Verma,Male,27,suresh.verma837@example.com,Bangalore,Karnataka,Tier 1,2022-08-23
CUST00838,Rohan Nair,Male,30,rohan.nair838@example.com,Chennai,Tamil Nadu,Tier 1,2023-07-19
CUST00839,Rahul Gupta,Male,22,rahul.gupta839@example.com,Mumbai,Maharashtra,Tier 1,2022-02-22
CUST00840,Kavita Reddy,Female,39,kavita.reddy840@example.com,Latur,Maharashtra,Tier 3,2024-05-17
CUST00841,Rahul Nair,Male,18,rahul.nair841@example.com,Bhavnagar,Gujarat,Tier 3,2023-11-06
CUST00842,Pooja Singh,Female,30,pooja.singh842@example.com,Raipur,Chhattisgarh,Tier 2,2024-06-02
CUST00843,Kavita Kumar,Female,44,kavita.kumar843@example.com,Delhi,Delhi,Tier 1,2022-06-20
CUST00844,Anjali Nair,Female,27,anjali.nair844@example.com,Indore,Madhya Pradesh,Tier 2,2024-02-23
CUST00845,Vikram Gupta,Male,25,vikram.gupta845@example.com,Ambala,Haryana,Tier 3,2022-04-14
CUST00846,Karan Verma,Male,33,karan.verma846@example.com,Kolkata,West Bengal,Tier 1,2024-01-15
CUST00847,Sneha Singh,Female,32,sneha.singh847@example.com,Hyderabad,Telangana,Tier 1,2023-10-27
CUST00848,Priya Singh,Female,45,priya.singh848@example.com,Mumbai,Maharashtra,Tier 1,2022-01-12
CUST00849,Shreya Kumar,Female,37,shreya.kumar849@example.com,Delhi,Delhi,Tier 1,2023-07-09
CUST00850,Sanjay Singh,Male,49,sanjay.singh850@example.com,Shillong,Meghalaya,Tier 3,2022-11-03
CUST00851,Pooja Nair,Female,35,pooja.nair851@example.com,Chennai,Tamil Nadu,Tier 1,2022-11-27
CUST00852,Vikram Sharma,Male,42,vikram.sharma852@example.com,Kolkata,West Bengal,Tier 1,2023-10-06
CUST00853,Rohan Nair,Male,33,rohan.nair853@example.com,Karimnagar,Telangana,Tier 3,2023-05-04
CUST00854,Arjun Sharma,Male,37,arjun.sharma854@example.com,Nashik,Maharashtra,Tier 2,2023-04-16
CUST00855,Sneha Verma,Female,36,sneha.verma855@example.com,Amritsar,Punjab,Tier 2,2023-05-31
CUST00856,Karan Iyer,Male,32,karan.iyer856@example.com,Delhi,Delhi,Tier 1,2022-08-21
CUST00857,Suresh Verma,Male,21,suresh.verma857@example.com,Mumbai,Maharashtra,Tier 1,2022-12-28
CUST00858,Deepak Reddy,Male,23,deepak.reddy858@example.com,Latur,Maharashtra,Tier 3,2023-04-01
CUST00859,Divya Verma,Female,35,divya.verma859@example.com,Raipur,Chhattisgarh,Tier 2,2024-10-03
CUST00860,Deepak Patel,Male,22,deepak.patel860@example.com,Bilaspur,Chhattisgarh,Tier 3,2023-07-18
CUST00861,Anjali Joshi,Female,33,anjali.joshi861@example.com,Pune,Maharashtra,Tier 1,2023-07-13
CUST00862,Karan Patel,Male,28,karan.patel862@example.com,Jodhpur,Rajasthan,Tier 2,2022-01-05
CUST00863,Sneha Singh,Female,22,sneha.singh863@example.com,Coimbatore,Tamil Nadu,Tier 2,2022-12-27
CUST00864,Kavita Iyer,Female,30,kavita.iyer864@example.com,Karimnagar,Telangana,Tier 3,2022-01-15
CUST00865,Amit Gupta,Male,32,amit.gupta865@example.com,Bangalore,Karnataka,Tier 1,2022-10-04
CUST00866,Vikram Verma,Male,35,vikram.verma866@example.com,Bhavnagar,Gujarat,Tier 3,2023-03-22
CUST00867,Divya Singh,Female,30,divya.singh867@example.com,Bhopal,Madhya Pradesh,Tier 2,2023-12-15
CUST00868,Deepak Singh,Male,20,deepak.singh868@example.com,Aurangabad,Maharashtra,Tier 2,2023-06-04
CUST00869,Sanjay Kumar,Male,36,sanjay.kumar869@example.com,Kolkata,West Bengal,Tier 1,2023-09-12
CUST00870,Anjali Verma,Female,35,anjali.verma870@example.com,Hyderabad,Telangana,Tier 1,2022-09-29
CUST00871,Shreya Sharma,Female,36,shreya.sharma871@example.com,Bhopal,Madhya Pradesh,Tier 2,2023-07-14
CUST00872,Neha Verma,Female,30,neha.verma872@example.com,Coimbatore,Tamil Nadu,Tier 2,2022-12-23
CUST00873,Arjun Reddy,Male,27,arjun.reddy873@example.com,Pune,Maharashtra,Tier 1,2024-11-08
CUST00874,Suresh Kumar,Male,26,suresh.kumar874@example.com,Chennai,Tamil Nadu,Tier 1,2023-09-12
CUST00875,Karan Iyer,Male,35,karan.iyer875@example.com,Bhavnagar,Gujarat,Tier 3,2022-05-05
CUST00876,Amit Iyer,Male,32,amit.iyer876@example.com,Rohtak,Haryana,Tier 3,2022-12-28
CUST00877,Amit Sharma,Male,29,amit.sharma877@example.com,Indore,Madhya Pradesh,Tier 2,2023-05-10
CUST00878,Vikram Gupta,Male,18,vikram.gupta878@example.com,Latur,Maharashtra,Tier 3,2024-01-24
CUST00879,Anjali Joshi,Female,42,anjali.joshi879@example.com,Karimnagar,Telangana,Tier 3,2022-03-27
CUST00880,Anjali Sharma,Female,35,anjali.sharma880@example.com,Bilaspur,Chhattisgarh,Tier 3,2022-06-20
CUST00881,Sanjay Patel,Male,39,sanjay.patel881@example.com,Mumbai,Maharashtra,Tier 1,2022-06-19
CUST00882,Anjali Sharma,Female,27,anjali.sharma882@example.com,Indore,Madhya Pradesh,Tier 2,2024-02-29
CUST00883,Vikram Joshi,Male,39,vikram.joshi883@example.com,Hyderabad,Telangana,Tier 1,2024-06-07
CUST00884,Divya Sharma,Female,30,divya.sharma884@example.com,Hyderabad,Telangana,Tier 1,2024-01-10
CUST00885,Neha Singh,Female,31,neha.singh885@example.com,Hyderabad,Telangana,Tier 1,2023-10-29
CUST00886,Suresh Kumar,Male,37,suresh.kumar886@example.com,Coimbatore,Tamil Nadu,Tier 2,2022-11-23
CUST00887,Rahul Joshi,Male,31,rahul.joshi887@example.com,Hyderabad,Telangana,Tier 1,2024-09-06
CUST00888,Suresh Iyer,Male,25,suresh.iyer888@example.com,Chennai,Tamil Nadu,Tier 1,2024-11-06
CUST00889,Priya Verma,Female,43,priya.verma889@example.com,Karimnagar,Telangana,Tier 3,2022-04-26
CUST00890,Neha Reddy,Female,18,neha.reddy890@example.com,Bangalore,Karnataka,Tier 1,2024-08-18
CUST00891,Deepak Sharma,Male,18,deepak.sharma891@example.com,Delhi,Delhi,Tier 1,2022-06-03
CUST00892,Divya Nair,Female,32,divya.nair892@example.com,Hyderabad,Telangana,Tier 1,2022-12-20
CUST00893,Shreya Nair,Female,47,shreya.nair893@example.com,Rajkot,Gujarat,Tier 2,2024-01-03
CUST00894,Sneha Patel,Female,27,sneha.patel894@example.com,Nashik,Maharashtra,Tier 2,2023-10-23
CUST00895,Shreya Gupta,Female,30,shreya.gupta895@example.com,Nagpur,Maharashtra,Tier 2,2022-10-09
CUST00896,Priya Iyer,Female,33,priya.iyer896@example.com,Mumbai,Maharashtra,Tier 1,2022-11-23
CUST00897,Shreya Gupta,Female,37,shreya.gupta897@example.com,Rohtak,Haryana,Tier 3,2023-02-09
CUST00898,Rohan Gupta,Male,36,rohan.gupta898@example.com,Bhavnagar,Gujarat,Tier 3,2024-01-24
CUST00899,Rohan Joshi,Male,24,rohan.joshi899@example.com,Bangalore,Karnataka,Tier 1,2022-08-09
CUST00900,Neha Patel,Female,22,neha.patel900@example.com,Aurangabad,Maharashtra,Tier 2,2024-07-12
CUST00901,Kavita Joshi,Female,18,kavita.joshi901@example.com,Coimbatore,Tamil Nadu,Tier 2,2023-04-20
CUST00902,Shreya Joshi,Female,33,shreya.joshi902@example.com,Latur,Maharashtra,Tier 3,2022-02-09
CUST00903,Sanjay Nair,Male,26,sanjay.nair903@example.com,Delhi,Delhi,Tier 1,2024-09-20
CUST00904,Sanjay Sharma,Male,42,sanjay.sharma904@example.com,Rewa,Madhya Pradesh,Tier 3,2022-10-17
CUST00905,Rohan Joshi,Male,30,rohan.joshi905@example.com,Akola,Maharashtra,Tier 3,2023-04-16
CUST00906,Deepak Iyer,Male,37,deepak.iyer906@example.com,Coimbatore,Tamil Nadu,Tier 2,2023-11-12
CUST00907,Shreya Gupta,Female,25,shreya.gupta907@example.com,Mumbai,Maharashtra,Tier 1,2023-12-01
CUST00908,Neha Singh,Female,32,neha.singh908@example.com,Bhavnagar,Gujarat,Tier 3,2023-01-26
CUST00909,Vikram Joshi,Male,38,vikram.joshi909@example.com,Mumbai,Maharashtra,Tier 1,2022-07-31
CUST00910,Amit Nair,Male,21,amit.nair910@example.com,Raipur,Chhattisgarh,Tier 2,2022-11-02
CUST00911,Arjun Reddy,Male,39,arjun.reddy911@example.com,Ratlam,Madhya Pradesh,Tier 3,2024-05-18
CUST00912,Arjun Kumar,Male,37,arjun.kumar912@example.com,Chennai,Tamil Nadu,Tier 1,2023-05-11
CUST00913,Vikram Reddy,Male,34,vikram.reddy913@example.com,Ratlam,Madhya Pradesh,Tier 3,2023-05-19
CUST00914,Kavita Patel,Female,46,kavita.patel914@example.com,Kolkata,West Bengal,Tier 1,2022-09-29
CUST00915,Pooja Joshi,Female,24,pooja.joshi915@example.com,Pune,Maharashtra,Tier 1,2024-07-26
CUST00916,Sneha Kumar,Female,36,sneha.kumar916@example.com,Bhavnagar,Gujarat,Tier 3,2023-06-05
CUST00917,Rahul Joshi,Male,18,rahul.joshi917@example.com,Delhi,Delhi,Tier 1,2022-01-10
CUST00918,Vikram Joshi,Male,29,vikram.joshi918@example.com,Karimnagar,Telangana,Tier 3,2022-06-02
CUST00919,Manoj Verma,Male,32,manoj.verma919@example.com,Bangalore,Karnataka,Tier 1,2024-05-18
CUST00920,Arjun Verma,Male,23,arjun.verma920@example.com,Rajkot,Gujarat,Tier 2,2023-05-04
CUST00921,Kavita Patel,Female,29,kavita.patel921@example.com,Delhi,Delhi,Tier 1,2022-04-14
CUST00922,Arjun Iyer,Male,33,arjun.iyer922@example.com,Pune,Maharashtra,Tier 1,2023-05-24
CUST00923,Pooja Gupta,Female,37,pooja.gupta923@example.com,Latur,Maharashtra,Tier 3,2024-02-02
CUST00924,Arjun Kumar,Male,21,arjun.kumar924@example.com,Pune,Maharashtra,Tier 1,2023-07-15
CUST00925,Rahul Reddy,Male,46,rahul.reddy925@example.com,Indore,Madhya Pradesh,Tier 2,2022-06-24
CUST00926,Neha Reddy,Female,18,neha.reddy926@example.com,Hyderabad,Telangana,Tier 1,2024-05-13
CUST00927,Kavita Nair,Female,31,kavita.nair927@example.com,Rajkot,Gujarat,Tier 2,2023-01-04
CUST00928,Sanjay Joshi,Male,36,sanjay.joshi928@example.com,Hyderabad,Telangana,Tier 1,2024-07-13
CUST00929,Vikram Iyer,Male,52,vikram.iyer929@example.com,Ambala,Haryana,Tier 3,2024-06-07
CUST00930,Suresh Sharma,Male,49,suresh.sharma930@example.com,Mumbai,Maharashtra,Tier 1,2022-10-10
CUST00931,Anjali Verma,Female,36,anjali.verma931@example.com,Nashik,Maharashtra,Tier 2,2024-09-26
CUST00932,Karan Patel,Male,27,karan.patel932@example.com,Nashik,Maharashtra,Tier 2,2023-12-17
CUST00933,Deepak Verma,Male,18,deepak.verma933@example.com,Pune,Maharashtra,Tier 1,2023-03-28
CUST00934,Priya Reddy,Female,41,priya.reddy934@example.com,Ratlam,Madhya Pradesh,Tier 3,2022-11-09
CUST00935,Manoj Reddy,Male,35,manoj.reddy935@example.com,Ambala,Haryana,Tier 3,2023-06-03
CUST00936,Amit Singh,Male,30,amit.singh936@example.com,Bhavnagar,Gujarat,Tier 3,2024-10-11
CUST00937,Karan Nair,Male,28,karan.nair937@example.com,Sagar,Madhya Pradesh,Tier 3,2023-05-15
CUST00938,Sneha Kumar,Female,33,sneha.kumar938@example.com,Raipur,Chhattisgarh,Tier 2,2022-11-27
CUST00939,Rahul Reddy,Male,18,rahul.reddy939@example.com,Delhi,Delhi,Tier 1,2022-05-20
CUST00940,Neha Sharma,Female,42,neha.sharma940@example.com,Jodhpur,Rajasthan,Tier 2,2024-04-25
CUST00941,Karan Verma,Male,25,karan.verma941@example.com,Nashik,Maharashtra,Tier 2,2024-06-06
CUST00942,Pooja Verma,Female,40,pooja.verma942@example.com,Bangalore,Karnataka,Tier 1,2022-01-19
CUST00943,Vikram Kumar,Male,33,vikram.kumar943@example.com,Nagpur,Maharashtra,Tier 2,2023-07-13
CUST00944,Anjali Kumar,Female,31,anjali.kumar944@example.com,Akola,Maharashtra,Tier 3,2023-01-26
CUST00945,Divya Kumar,Female,45,divya.kumar945@example.com,Aurangabad,Maharashtra,Tier 2,2022-08-03
CUST00946,Neha Singh,Female,27,neha.singh946@example.com,Mumbai,Maharashtra,Tier 1,2024-11-18
CUST00947,Neha Iyer,Female,35,neha.iyer947@example.com,Hyderabad,Telangana,Tier 1,2024-04-10
CUST00948,Divya Iyer,Female,31,divya.iyer948@example.com,Mumbai,Maharashtra,Tier 1,2022-07-21
CUST00949,Suresh Joshi,Male,35,suresh.joshi949@example.com,Bangalore,Karnataka,Tier 1,2023-06-02
CUST00950,Amit Verma,Male,32,amit.verma950@example.com,Nagpur,Maharashtra,Tier 2,2023-03-01
CUST00951,Meera Reddy,Female,35,meera.reddy951@example.com,Pune,Maharashtra,Tier 1,2024-10-15
CUST00952,Deepak Sharma,Male,54,deepak.sharma952@example.com,Jodhpur,Rajasthan,Tier 2,2023-08-09
CUST00953,Meera Iyer,Female,25,meera.iyer953@example.com,Aurangabad,Maharashtra,Tier 2,2022-06-03
CUST00954,Sanjay Kumar,Male,33,sanjay.kumar954@example.com,Chennai,Tamil Nadu,Tier 1,2022-08-18
CUST00955,Priya Nair,Female,33,priya.nair955@example.com,Mumbai,Maharashtra,Tier 1,2023-07-07
CUST00956,Amit Iyer,Male,24,amit.iyer956@example.com,Jodhpur,Rajasthan,Tier 2,2023-01-02
CUST00957,Rohan Gupta,Male,23,rohan.gupta957@example.com,Bhopal,Madhya Pradesh,Tier 2,2024-03-12
CUST00958,Karan Verma,Male,45,karan.verma958@example.com,Bhopal,Madhya Pradesh,Tier 2,2022-03-14
CUST00959,Pooja Patel,Female,39,pooja.patel959@example.com,Amritsar,Punjab,Tier 2,2023-07-14
CUST00960,Kavita Verma,Female,54,kavita.verma960@example.com,Kolkata,West Bengal,Tier 1,2022-09-15
CUST00961,Meera Reddy,Female,30,meera.reddy961@example.com,Akola,Maharashtra,Tier 3,2023-08-18
CUST00962,Sneha Nair,Female,34,sneha.nair962@example.com,Ranchi,Jharkhand,Tier 2,2023-09-02
CUST00963,Manoj Joshi,Male,19,manoj.joshi963@example.com,Hyderabad,Telangana,Tier 1,2022-10-11
CUST00964,Anjali Reddy,Female,45,anjali.reddy964@example.com,Rohtak,Haryana,Tier 3,2022-03-24
CUST00965,Manoj Joshi,Male,37,manoj.joshi965@example.com,Bhavnagar,Gujarat,Tier 3,2022-02-15
CUST00966,Amit Joshi,Male,22,amit.joshi966@example.com,Bilaspur,Chhattisgarh,Tier 3,2023-10-19
CUST00967,Meera Singh,Female,38,meera.singh967@example.com,Indore,Madhya Pradesh,Tier 2,2022-02-23
CUST00968,Ritu Iyer,Female,29,ritu.iyer968@example.com,Hyderabad,Telangana,Tier 1,2023-01-02
CUST00969,Priya Patel,Female,47,priya.patel969@example.com,Chennai,Tamil Nadu,Tier 1,2023-01-14
CUST00970,Neha Joshi,Female,44,neha.joshi970@example.com,Vadodara,Gujarat,Tier 2,2022-06-19
CUST00971,Priya Reddy,Female,34,priya.reddy971@example.com,Jodhpur,Rajasthan,Tier 2,2022-02-08
CUST00972,Rahul Iyer,Male,29,rahul.iyer972@example.com,Nashik,Maharashtra,Tier 2,2024-10-20
CUST00973,Priya Singh,Female,23,priya.singh973@example.com,Bangalore,Karnataka,Tier 1,2022-03-10
CUST00974,Sneha Kumar,Female,18,sneha.kumar974@example.com,Kolkata,West Bengal,Tier 1,2022-11-27
CUST00975,Rohan Patel,Male,19,rohan.patel975@example.com,Rajkot,Gujarat,Tier 2,2023-10-01
CUST00976,Kavita Kumar,Female,33,kavita.kumar976@example.com,Vadodara,Gujarat,Tier 2,2024-04-12
CUST00977,Shreya Verma,Female,25,shreya.verma977@example.com,Pune,Maharashtra,Tier 1,2023-08-26
CUST00978,Pooja Reddy,Female,32,pooja.reddy978@example.com,Delhi,Delhi,Tier 1,2023-05-24
CUST00979,Meera Singh,Female,24,meera.singh979@example.com,Raipur,Chhattisgarh,Tier 2,2022-10-22
CUST00980,Amit Kumar,Male,19,amit.kumar980@example.com,Latur,Maharashtra,Tier 3,2023-10-11
CUST00981,Neha Nair,Female,40,neha.nair981@example.com,Pune,Maharashtra,Tier 1,2024-05-02
CUST00982,Vikram Gupta,Male,29,vikram.gupta982@example.com,Jodhpur,Rajasthan,Tier 2,2024-01-12
CUST00983,Rahul Gupta,Male,21,rahul.gupta983@example.com,Kolkata,West Bengal,Tier 1,2023-02-24
CUST00984,Priya Singh,Female,33,priya.singh984@example.com,Latur,Maharashtra,Tier 3,2022-03-04
CUST00985,Suresh Singh,Male,18,suresh.singh985@example.com,Pune,Maharashtra,Tier 1,2024-02-11
CUST00986,Anjali Sharma,Female,46,anjali.sharma986@example.com,Rajkot,Gujarat,Tier 2,2022-03-29
CUST00987,Divya Joshi,Female,38,divya.joshi987@example.com,Sagar,Madhya Pradesh,Tier 3,2024-04-02
CUST00988,Sanjay Joshi,Male,30,sanjay.joshi988@example.com,Hyderabad,Telangana,Tier 1,2024-07-13
CUST00989,Kavita Patel,Female,39,kavita.patel989@example.com,Chennai,Tamil Nadu,Tier 1,2023-12-15
CUST00990,Anjali Kumar,Female,36,anjali.kumar990@example.com,Kolkata,West Bengal,Tier 1,2024-08-21
CUST00991,Priya Patel,Female,31,priya.patel991@example.com,Mumbai,Maharashtra,Tier 1,2022-07-15
CUST00992,Rohan Gupta,Male,39,rohan.gupta992@example.com,Jodhpur,Rajasthan,Tier 2,2022-10-04
CUST00993,Suresh Reddy,Male,32,suresh.reddy993@example.com,Amritsar,Punjab,Tier 2,2022-02-21
CUST00994,Rahul Iyer,Male,33,rahul.iyer994@example.com,Chennai,Tamil Nadu,Tier 1,2023-07-21
CUST00995,Manoj Sharma,Male,32,manoj.sharma995@example.com,Bhavnagar,Gujarat,Tier 3,2023-09-14
CUST00996,Shreya Kumar,Female,18,shreya.kumar996@example.com,Sagar,Madhya Pradesh,Tier 3,2022-04-07
CUST00997,Ritu Reddy,Female,41,ritu.reddy997@example.com,Pune,Maharashtra,Tier 1,2024-04-08
CUST00998,Sneha Gupta,Female,18,sneha.gupta998@example.com,Nashik,Maharashtra,Tier 2,2023-10-24
CUST00999,Meera Joshi,Female,40,meera.joshi999@example.com,Rajkot,Gujarat,Tier 2,2022-09-18
CUST01000,Rahul Nair,Male,36,rahul.nair1000@example.com,Karimnagar,Telangana,Tier 3,2023-02-18
CUST01001,Meera Joshi,Female,28,meera.joshi1001@example.com,Pune,Maharashtra,Tier 1,2023-12-27
CUST01002,Sneha Verma,Female,18,sneha.verma1002@example.com,Chennai,Tamil Nadu,Tier 1,2023-11-03
CUST01003,Arjun Kumar,Male,18,arjun.kumar1003@example.com,Rajkot,Gujarat,Tier 2,2023-05-10
CUST01004,Sneha Kumar,Female,28,sneha.kumar1004@example.com,Amritsar,Punjab,Tier 2,2023-08-20
CUST01005,Pooja Patel,Female,25,pooja.patel1005@example.com,Amritsar,Punjab,Tier 2,2023-10-08
CUST01006,Rahul Joshi,Male,40,rahul.joshi1006@example.com,Ranchi,Jharkhand,Tier 2,2023-12-22
CUST01007,Neha Sharma,Female,29,neha.sharma1007@example.com,Hyderabad,Telangana,Tier 1,2023-02-20
CUST01008,Sneha Kumar,Female,35,sneha.kumar1008@example.com,Pune,Maharashtra,Tier 1,2024-10-16
CUST01009,Ritu Sharma,Female,53,ritu.sharma1009@example.com,Aurangabad,Maharashtra,Tier 2,2023-11-05
CUST01010,Arjun Gupta,Male,35,arjun.gupta1010@example.com,Chennai,Tamil Nadu,Tier 1,2022-09-04
CUST01011,Kavita Nair,Female,42,kavita.nair1011@example.com,Pune,Maharashtra,Tier 1,2022-05-27
CUST01012,Deepak Patel,Male,24,deepak.patel1012@example.com,Vadodara,Gujarat,Tier 2,2022-12-29
CUST01013,Sanjay Patel,Male,35,sanjay.patel1013@example.com,Vadodara,Gujarat,Tier 2,2024-08-15
CUST01014,Meera Patel,Female,39,meera.patel1014@example.com,Pune,Maharashtra,Tier 1,2024-09-28
CUST01015,Anjali Gupta,Female,36,anjali.gupta1015@example.com,Pune,Maharashtra,Tier 1,2024-08-03
CUST01016,Suresh Reddy,Male,18,suresh.reddy1016@example.com,Nashik,Maharashtra,Tier 2,2022-04-03
CUST01017,Sneha Joshi,Female,31,sneha.joshi1017@example.com,Nashik,Maharashtra,Tier 2,2022-07-24
CUST01018,Anjali Iyer,Female,49,anjali.iyer1018@example.com,Rewa,Madhya Pradesh,Tier 3,2022-10-22
CUST01019,Sanjay Gupta,Male,27,sanjay.gupta1019@example.com,Mumbai,Maharashtra,Tier 1,2022-01-17
CUST01020,Karan Nair,Male,20,karan.nair1020@example.com,Rohtak,Haryana,Tier 3,2024-10-27
CUST01021,Priya Patel,Female,36,priya.patel1021@example.com,Rewa,Madhya Pradesh,Tier 3,2024-03-31
CUST01022,Arjun Reddy,Male,44,arjun.reddy1022@example.com,Bhavnagar,Gujarat,Tier 3,2022-09-08
CUST01023,Neha Singh,Female,45,neha.singh1023@example.com,Jodhpur,Rajasthan,Tier 2,2023-06-25
CUST01024,Amit Iyer,Male,40,amit.iyer1024@example.com,Kolkata,West Bengal,Tier 1,2022-01-25
CUST01025,Arjun Sharma,Male,29,arjun.sharma1025@example.com,Nashik,Maharashtra,Tier 2,2023-09-24
CUST01026,Sneha Gupta,Female,46,sneha.gupta1026@example.com,Latur,Maharashtra,Tier 3,2023-03-01
CUST01027,Sanjay Verma,Male,34,sanjay.verma1027@example.com,Bhopal,Madhya Pradesh,Tier 2,2024-08-04
CUST01028,Ritu Reddy,Female,18,ritu.reddy1028@example.com,Bhopal,Madhya Pradesh,Tier 2,2023-10-21
CUST01029,Ritu Sharma,Female,29,ritu.sharma1029@example.com,Karimnagar,Telangana,Tier 3,2023-03-05
CUST01030,Arjun Sharma,Male,31,arjun.sharma1030@example.com,Mumbai,Maharashtra,Tier 1,2022-02-26
CUST01031,Rahul Sharma,Male,23,rahul.sharma1031@example.com,Ratlam,Madhya Pradesh,Tier 3,2023-03-11
CUST01032,Rohan Singh,Male,25,rohan.singh1032@example.com,Pune,Maharashtra,Tier 1,2023-06-02
CUST01033,Amit Reddy,Male,37,amit.reddy1033@example.com,Bangalore,Karnataka,Tier 1,2022-07-04
CUST01034,Neha Verma,Female,36,neha.verma1034@example.com,Ranchi,Jharkhand,Tier 2,2023-11-16
CUST01035,Sneha Iyer,Female,29,sneha.iyer1035@example.com,Nagpur,Maharashtra,Tier 2,2022-11-29
CUST01036,Ritu Patel,Female,44,ritu.patel1036@example.com,Shillong,Meghalaya,Tier 3,2023-09-27
CUST01037,Kavita Gupta,Female,26,kavita.gupta1037@example.com,Bangalore,Karnataka,Tier 1,2022-11-19
CUST01038,Priya Gupta,Female,21,priya.gupta1038@example.com,Delhi,Delhi,Tier 1,2022-02-28
CUST01039,Rohan Sharma,Male,47,rohan.sharma1039@example.com,Coimbatore,Tamil Nadu,Tier 2,2023-10-06
CUST01040,Amit Singh,Male,29,amit.singh1040@example.com,Jodhpur,Rajasthan,Tier 2,2023-09-11
CUST01041,Karan Kumar,Male,30,karan.kumar1041@example.com,Shillong,Meghalaya,Tier 3,2024-06-16
CUST01042,Manoj Sharma,Male,50,manoj.sharma1042@example.com,Kolkata,West Bengal,Tier 1,2022-11-13
CUST01043,Rahul Sharma,Male,42,rahul.sharma1043@example.com,Pune,Maharashtra,Tier 1,2022-09-07
CUST01044,Karan Iyer,Male,56,karan.iyer1044@example.com,Pune,Maharashtra,Tier 1,2023-04-30
CUST01045,Deepak Kumar,Male,25,deepak.kumar1045@example.com,Hyderabad,Telangana,Tier 1,2022-02-13
CUST01046,Rohan Sharma,Male,36,rohan.sharma1046@example.com,Hyderabad,Telangana,Tier 1,2022-08-08
CUST01047,Anjali Nair,Female,37,anjali.nair1047@example.com,Bangalore,Karnataka,Tier 1,2023-02-05
CUST01048,Karan Verma,Male,18,karan.verma1048@example.com,Bangalore,Karnataka,Tier 1,2024-05-07
CUST01049,Suresh Verma,Male,25,suresh.verma1049@example.com,Rohtak,Haryana,Tier 3,2024-07-26
CUST01050,Pooja Joshi,Female,18,pooja.joshi1050@example.com,Indore,Madhya Pradesh,Tier 2,2023-06-12
CUST01051,Meera Gupta,Female,41,meera.gupta1051@example.com,Delhi,Delhi,Tier 1,2024-11-29
CUST01052,Sneha Patel,Female,34,sneha.patel1052@example.com,Ratlam,Madhya Pradesh,Tier 3,2023-10-12
CUST01053,Pooja Iyer,Female,22,pooja.iyer1053@example.com,Nagpur,Maharashtra,Tier 2,2023-08-16
CUST01054,Rahul Sharma,Male,34,rahul.sharma1054@example.com,Bangalore,Karnataka,Tier 1,2024-03-01
CUST01055,Amit Joshi,Male,45,amit.joshi1055@example.com,Amritsar,Punjab,Tier 2,2024-01-06
CUST01056,Neha Verma,Female,18,neha.verma1056@example.com,Amritsar,Punjab,Tier 2,2022-07-14
CUST01057,Amit Kumar,Male,21,amit.kumar1057@example.com,Rohtak,Haryana,Tier 3,2022-03-02
CUST01058,Sanjay Kumar,Male,23,sanjay.kumar1058@example.com,Pune,Maharashtra,Tier 1,2024-07-11
CUST01059,Priya Verma,Female,37,priya.verma1059@example.com,Vadodara,Gujarat,Tier 2,2024-09-25
CUST01060,Suresh Singh,Male,36,suresh.singh1060@example.com,Bhopal,Madhya Pradesh,Tier 2,2024-06-05
CUST01061,Ritu Verma,Female,22,ritu.verma1061@example.com,Kolkata,West Bengal,Tier 1,2022-12-06
CUST01062,Rahul Patel,Male,18,rahul.patel1062@example.com,Mumbai,Maharashtra,Tier 1,2023-07-29
CUST01063,Arjun Singh,Male,29,arjun.singh1063@example.com,Pune,Maharashtra,Tier 1,2024-06-11
CUST01064,Anjali Singh,Female,36,anjali.singh1064@example.com,Rajkot,Gujarat,Tier 2,2023-11-21
CUST01065,Amit Reddy,Male,32,amit.reddy1065@example.com,Ratlam,Madhya Pradesh,Tier 3,2022-02-25
CUST01066,Sneha Reddy,Female,19,sneha.reddy1066@example.com,Aurangabad,Maharashtra,Tier 2,2023-03-31
CUST01067,Ritu Patel,Female,34,ritu.patel1067@example.com,Shillong,Meghalaya,Tier 3,2022-08-18
CUST01068,Rahul Patel,Male,28,rahul.patel1068@example.com,Akola,Maharashtra,Tier 3,2024-06-11
CUST01069,Shreya Iyer,Female,54,shreya.iyer1069@example.com,Mumbai,Maharashtra,Tier 1,2023-11-19
CUST01070,Neha Joshi,Female,21,neha.joshi1070@example.com,Kolkata,West Bengal,Tier 1,2024-02-20
CUST01071,Shreya Sharma,Female,30,shreya.sharma1071@example.com,Hyderabad,Telangana,Tier 1,2024-10-08
CUST01072,Sanjay Iyer,Male,31,sanjay.iyer1072@example.com,Kolkata,West Bengal,Tier 1,2023-05-16
CUST01073,Divya Sharma,Female,22,divya.sharma1073@example.com,Mumbai,Maharashtra,Tier 1,2022-06-15
CUST01074,Kavita Sharma,Female,42,kavita.sharma1074@example.com,Mumbai,Maharashtra,Tier 1,2023-05-30
CUST01075,Arjun Nair,Male,26,arjun.nair1075@example.com,Raipur,Chhattisgarh,Tier 2,2022-05-18
CUST01076,Karan Gupta,Male,30,karan.gupta1076@example.com,Ranchi,Jharkhand,Tier 2,2022-01-19
CUST01077,Ritu Patel,Female,34,ritu.patel1077@example.com,Hyderabad,Telangana,Tier 1,2022-03-15
CUST01078,Rahul Patel,Male,22,rahul.patel1078@example.com,Ranchi,Jharkhand,Tier 2,2024-05-04
CUST01079,Divya Patel,Female,35,divya.patel1079@example.com,Rohtak,Haryana,Tier 3,2024-09-20
CUST01080,Kavita Gupta,Female,18,kavita.gupta1080@example.com,Mumbai,Maharashtra,Tier 1,2024-02-19
CUST01081,Priya Nair,Female,38,priya.nair1081@example.com,Nashik,Maharashtra,Tier 2,2022-06-19
CUST01082,Ritu Gupta,Female,46,ritu.gupta1082@example.com,Delhi,Delhi,Tier 1,2022-07-08
CUST01083,Divya Joshi,Female,37,divya.joshi1083@example.com,Indore,Madhya Pradesh,Tier 2,2023-11-25
CUST01084,Sanjay Iyer,Male,30,sanjay.iyer1084@example.com,Hyderabad,Telangana,Tier 1,2023-07-25
CUST01085,Sanjay Sharma,Male,32,sanjay.sharma1085@example.com,Nashik,Maharashtra,Tier 2,2024-09-27
CUST01086,Ritu Sharma,Female,25,ritu.sharma1086@example.com,Indore,Madhya Pradesh,Tier 2,2024-04-18
CUST01087,Amit Joshi,Male,28,amit.joshi1087@example.com,Ranchi,Jharkhand,Tier 2,2023-09-08
CUST01088,Meera Nair,Female,48,meera.nair1088@example.com,Jodhpur,Rajasthan,Tier 2,2022-04-03
CUST01089,Kavita Singh,Female,36,kavita.singh1089@example.com,Sagar,Madhya Pradesh,Tier 3,2023-03-10
CUST01090,Sanjay Singh,Male,43,sanjay.singh1090@example.com,Nagpur,Maharashtra,Tier 2,2024-02-19
CUST01091,Kavita Iyer,Female,32,kavita.iyer1091@example.com,Ranchi,Jharkhand,Tier 2,2023-06-16
CUST01092,Rohan Sharma,Male,37,rohan.sharma1092@example.com,Indore,Madhya Pradesh,Tier 2,2022-01-13
CUST01093,Sneha Nair,Female,36,sneha.nair1093@example.com,Bangalore,Karnataka,Tier 1,2024-03-15
CUST01094,Anjali Sharma,Female,41,anjali.sharma1094@example.com,Chennai,Tamil Nadu,Tier 1,2024-05-25
CUST01095,Neha Reddy,Female,31,neha.reddy1095@example.com,Delhi,Delhi,Tier 1,2023-10-22
CUST01096,Shreya Gupta,Female,27,shreya.gupta1096@example.com,Mumbai,Maharashtra,Tier 1,2023-10-02
CUST01097,Karan Gupta,Male,34,karan.gupta1097@example.com,Coimbatore,Tamil Nadu,Tier 2,2023-03-15
CUST01098,Arjun Verma,Male,39,arjun.verma1098@example.com,Hyderabad,Telangana,Tier 1,2024-08-12
CUST01099,Manoj Verma,Male,42,manoj.verma1099@example.com,Karimnagar,Telangana,Tier 3,2024-08-01
CUST01100,Shreya Nair,Female,27,shreya.nair1100@example.com,Hisar,Haryana,Tier 3,2024-07-19
CUST01101,Priya Nair,Female,34,priya.nair1101@example.com,Delhi,Delhi,Tier 1,2023-04-10
CUST01102,Deepak Reddy,Male,32,deepak.reddy1102@example.com,Raipur,Chhattisgarh,Tier 2,2023-08-30
CUST01103,Meera Patel,Female,27,meera.patel1103@example.com,Bilaspur,Chhattisgarh,Tier 3,2023-01-01
CUST01104,Vikram Verma,Male,30,vikram.verma1104@example.com,Shillong,Meghalaya,Tier 3,2024-08-02
CUST01105,Meera Reddy,Female,26,meera.reddy1105@example.com,Aurangabad,Maharashtra,Tier 2,2024-03-20
CUST01106,Suresh Reddy,Male,30,suresh.reddy1106@example.com,Hyderabad,Telangana,Tier 1,2024-02-02
CUST01107,Divya Patel,Female,18,divya.patel1107@example.com,Nashik,Maharashtra,Tier 2,2023-12-29
CUST01108,Shreya Nair,Female,27,shreya.nair1108@example.com,Bhavnagar,Gujarat,Tier 3,2022-04-20
CUST01109,Meera Gupta,Female,19,meera.gupta1109@example.com,Vadodara,Gujarat,Tier 2,2024-05-11
CUST01110,Manoj Kumar,Male,20,manoj.kumar1110@example.com,Delhi,Delhi,Tier 1,2022-02-05
CUST01111,Neha Patel,Female,31,neha.patel1111@example.com,Pune,Maharashtra,Tier 1,2022-06-15
CUST01112,Anjali Singh,Female,24,anjali.singh1112@example.com,Chennai,Tamil Nadu,Tier 1,2022-04-06
CUST01113,Shreya Joshi,Female,33,shreya.joshi1113@example.com,Chennai,Tamil Nadu,Tier 1,2022-07-11
CUST01114,Meera Kumar,Female,56,meera.kumar1114@example.com,Pune,Maharashtra,Tier 1,2024-01-05
CUST01115,Priya Nair,Female,23,priya.nair1115@example.com,Kolkata,West Bengal,Tier 1,2024-04-04
CUST01116,Karan Patel,Male,40,karan.patel1116@example.com,Mumbai,Maharashtra,Tier 1,2024-02-29
CUST01117,Rohan Kumar,Male,33,rohan.kumar1117@example.com,Nagpur,Maharashtra,Tier 2,2023-11-19
CUST01118,Sneha Patel,Female,32,sneha.patel1118@example.com,Bhopal,Madhya Pradesh,Tier 2,2022-04-16
CUST01119,Suresh Gupta,Male,33,suresh.gupta1119@example.com,Kolkata,West Bengal,Tier 1,2024-04-10
CUST01120,Arjun Iyer,Male,22,arjun.iyer1120@example.com,Rohtak,Haryana,Tier 3,2022-02-09
CUST01121,Deepak Reddy,Male,47,deepak.reddy1121@example.com,Mumbai,Maharashtra,Tier 1,2024-09-07
CUST01122,Priya Reddy,Female,31,priya.reddy1122@example.com,Coimbatore,Tamil Nadu,Tier 2,2024-11-27
CUST01123,Kavita Nair,Female,29,kavita.nair1123@example.com,Karimnagar,Telangana,Tier 3,2024-01-31
CUST01124,Suresh Gupta,Male,41,suresh.gupta1124@example.com,Mumbai,Maharashtra,Tier 1,2022-07-06
CUST01125,Pooja Singh,Female,32,pooja.singh1125@example.com,Bilaspur,Chhattisgarh,Tier 3,2024-04-09
CUST01126,Rohan Kumar,Male,44,rohan.kumar1126@example.com,Jodhpur,Rajasthan,Tier 2,2022-07-07
CUST01127,Amit Patel,Male,34,amit.patel1127@example.com,Rajkot,Gujarat,Tier 2,2022-11-06
CUST01128,Karan Sharma,Male,18,karan.sharma1128@example.com,Delhi,Delhi,Tier 1,2023-05-01
CUST01129,Meera Kumar,Female,26,meera.kumar1129@example.com,Hyderabad,Telangana,Tier 1,2022-04-30
CUST01130,Manoj Kumar,Male,24,manoj.kumar1130@example.com,Delhi,Delhi,Tier 1,2024-01-28
CUST01131,Divya Patel,Female,44,divya.patel1131@example.com,Latur,Maharashtra,Tier 3,2023-02-10
CUST01132,Arjun Joshi,Male,48,arjun.joshi1132@example.com,Nagpur,Maharashtra,Tier 2,2022-07-04
CUST01133,Divya Joshi,Female,25,divya.joshi1133@example.com,Latur,Maharashtra,Tier 3,2024-06-24
CUST01134,Anjali Singh,Female,29,anjali.singh1134@example.com,Ranchi,Jharkhand,Tier 2,2022-12-15
CUST01135,Vikram Nair,Male,22,vikram.nair1135@example.com,Rohtak,Haryana,Tier 3,2022-11-04
CUST01136,Karan Nair,Male,38,karan.nair1136@example.com,Mumbai,Maharashtra,Tier 1,2024-02-01
CUST01137,Anjali Singh,Female,34,anjali.singh1137@example.com,Ranchi,Jharkhand,Tier 2,2023-01-18
CUST01138,Arjun Singh,Male,35,arjun.singh1138@example.com,Coimbatore,Tamil Nadu,Tier 2,2023-12-18
CUST01139,Pooja Joshi,Female,18,pooja.joshi1139@example.com,Bangalore,Karnataka,Tier 1,2024-07-20
CUST01140,Meera Sharma,Female,26,meera.sharma1140@example.com,Chennai,Tamil Nadu,Tier 1,2022-04-19
CUST01141,Divya Gupta,Female,26,divya.gupta1141@example.com,Akola,Maharashtra,Tier 3,2022-11-24
CUST01142,Rahul Singh,Male,25,rahul.singh1142@example.com,Ambala,Haryana,Tier 3,2022-06-05
CUST01143,Karan Kumar,Male,18,karan.kumar1143@example.com,Karimnagar,Telangana,Tier 3,2024-06-05
CUST01144,Priya Nair,Female,27,priya.nair1144@example.com,Ranchi,Jharkhand,Tier 2,2024-05-20
CUST01145,Divya Sharma,Female,42,divya.sharma1145@example.com,Ratlam,Madhya Pradesh,Tier 3,2023-05-13
CUST01146,Arjun Nair,Male,28,arjun.nair1146@example.com,Bangalore,Karnataka,Tier 1,2023-08-29
CUST01147,Vikram Nair,Male,53,vikram.nair1147@example.com,Mumbai,Maharashtra,Tier 1,2024-04-28
CUST01148,Amit Gupta,Male,33,amit.gupta1148@example.com,Rohtak,Haryana,Tier 3,2023-12-15
CUST01149,Karan Verma,Male,18,karan.verma1149@example.com,Ambala,Haryana,Tier 3,2023-07-19
CUST01150,Anjali Patel,Female,47,anjali.patel1150@example.com,Sagar,Madhya Pradesh,Tier 3,2024-10-21
CUST01151,Kavita Sharma,Female,26,kavita.sharma1151@example.com,Latur,Maharashtra,Tier 3,2022-05-20
CUST01152,Rahul Patel,Male,34,rahul.patel1152@example.com,Indore,Madhya Pradesh,Tier 2,2022-03-13
CUST01153,Manoj Gupta,Male,27,manoj.gupta1153@example.com,Rewa,Madhya Pradesh,Tier 3,2022-04-17
CUST01154,Ritu Iyer,Female,43,ritu.iyer1154@example.com,Rewa,Madhya Pradesh,Tier 3,2024-05-12
CUST01155,Ritu Singh,Female,42,ritu.singh1155@example.com,Ambala,Haryana,Tier 3,2023-02-20
CUST01156,Anjali Nair,Female,33,anjali.nair1156@example.com,Latur,Maharashtra,Tier 3,2023-01-25
CUST01157,Manoj Sharma,Male,45,manoj.sharma1157@example.com,Mumbai,Maharashtra,Tier 1,2023-09-06
CUST01158,Arjun Nair,Male,33,arjun.nair1158@example.com,Pune,Maharashtra,Tier 1,2022-05-19
CUST01159,Sneha Joshi,Female,30,sneha.joshi1159@example.com,Mumbai,Maharashtra,Tier 1,2022-04-14
CUST01160,Divya Reddy,Female,33,divya.reddy1160@example.com,Indore,Madhya Pradesh,Tier 2,2022-07-03
CUST01161,Sanjay Patel,Male,34,sanjay.patel1161@example.com,Hyderabad,Telangana,Tier 1,2022-10-20
CUST01162,Vikram Reddy,Male,36,vikram.reddy1162@example.com,Chennai,Tamil Nadu,Tier 1,2022-02-27
CUST01163,Neha Kumar,Female,39,neha.kumar1163@example.com,Ranchi,Jharkhand,Tier 2,2024-09-03
CUST01164,Priya Nair,Female,45,priya.nair1164@example.com,Ambala,Haryana,Tier 3,2022-09-09
CUST01165,Amit Sharma,Male,24,amit.sharma1165@example.com,Kolkata,West Bengal,Tier 1,2024-03-06
CUST01166,Meera Nair,Female,20,meera.nair1166@example.com,Latur,Maharashtra,Tier 3,2023-03-23
CUST01167,Pooja Singh,Female,37,pooja.singh1167@example.com,Akola,Maharashtra,Tier 3,2023-04-17
CUST01168,Meera Patel,Female,30,meera.patel1168@example.com,Delhi,Delhi,Tier 1,2022-05-17
CUST01169,Rohan Joshi,Male,22,rohan.joshi1169@example.com,Delhi,Delhi,Tier 1,2022-07-03
CUST01170,Amit Patel,Male,34,amit.patel1170@example.com,Rewa,Madhya Pradesh,Tier 3,2023-06-21
CUST01171,Deepak Iyer,Male,50,deepak.iyer1171@example.com,Ambala,Haryana,Tier 3,2024-07-08
CUST01172,Suresh Verma,Male,28,suresh.verma1172@example.com,Ambala,Haryana,Tier 3,2024-10-30
CUST01173,Rohan Joshi,Male,37,rohan.joshi1173@example.com,Bangalore,Karnataka,Tier 1,2022-06-01
CUST01174,Kavita Patel,Female,38,kavita.patel1174@example.com,Hyderabad,Telangana,Tier 1,2022-09-28
CUST01175,Amit Kumar,Male,23,amit.kumar1175@example.com,Amritsar,Punjab,Tier 2,2022-04-15
CUST01176,Rohan Singh,Male,47,rohan.singh1176@example.com,Chennai,Tamil Nadu,Tier 1,2022-12-17
CUST01177,Kavita Joshi,Female,29,kavita.joshi1177@example.com,Hyderabad,Telangana,Tier 1,2022-05-20
CUST01178,Shreya Patel,Female,37,shreya.patel1178@example.com,Amritsar,Punjab,Tier 2,2022-05-09
CUST01179,Kavita Reddy,Female,33,kavita.reddy1179@example.com,Chennai,Tamil Nadu,Tier 1,2023-11-01
CUST01180,Arjun Gupta,Male,37,arjun.gupta1180@example.com,Bhavnagar,Gujarat,Tier 3,2023-09-20
CUST01181,Karan Kumar,Male,22,karan.kumar1181@example.com,Kolkata,West Bengal,Tier 1,2023-03-22
CUST01182,Arjun Iyer,Male,31,arjun.iyer1182@example.com,Nashik,Maharashtra,Tier 2,2022-09-07
CUST01183,Kavita Kumar,Female,21,kavita.kumar1183@example.com,Hyderabad,Telangana,Tier 1,2024-09-01
CUST01184,Vikram Joshi,Male,29,vikram.joshi1184@example.com,Hyderabad,Telangana,Tier 1,2022-03-11
CUST01185,Neha Nair,Female,36,neha.nair1185@example.com,Akola,Maharashtra,Tier 3,2023-04-16
CUST01186,Anjali Verma,Female,33,anjali.verma1186@example.com,Sagar,Madhya Pradesh,Tier 3,2023-12-27
CUST01187,Manoj Joshi,Male,30,manoj.joshi1187@example.com,Nagpur,Maharashtra,Tier 2,2022-07-11
CUST01188,Rahul Nair,Male,39,rahul.nair1188@example.com,Hyderabad,Telangana,Tier 1,2024-10-05
CUST01189,Neha Singh,Female,30,neha.singh1189@example.com,Bangalore,Karnataka,Tier 1,2022-07-22
CUST01190,Manoj Kumar,Male,32,manoj.kumar1190@example.com,Aurangabad,Maharashtra,Tier 2,2022-11-07
CUST01191,Meera Nair,Female,33,meera.nair1191@example.com,Delhi,Delhi,Tier 1,2023-03-19
CUST01192,Kavita Nair,Female,25,kavita.nair1192@example.com,Indore,Madhya Pradesh,Tier 2,2024-03-29
CUST01193,Manoj Patel,Male,18,manoj.patel1193@example.com,Nagpur,Maharashtra,Tier 2,2022-04-18
CUST01194,Sanjay Patel,Male,37,sanjay.patel1194@example.com,Rohtak,Haryana,Tier 3,2024-01-02
CUST01195,Sanjay Singh,Male,26,sanjay.singh1195@example.com,Bhavnagar,Gujarat,Tier 3,2023-04-02
CUST01196,Sanjay Gupta,Male,28,sanjay.gupta1196@example.com,Mumbai,Maharashtra,Tier 1,2024-05-06
CUST01197,Kavita Gupta,Female,37,kavita.gupta1197@example.com,Indore,Madhya Pradesh,Tier 2,2022-10-05
CUST01198,Deepak Singh,Male,19,deepak.singh1198@example.com,Mumbai,Maharashtra,Tier 1,2023-11-25
CUST01199,Divya Sharma,Female,18,divya.sharma1199@example.com,Karimnagar,Telangana,Tier 3,2022-01-22
CUST01200,Anjali Nair,Female,29,anjali.nair1200@example.com,Mumbai,Maharashtra,Tier 1,2023-06-13
CUST01201,Sneha Joshi,Female,28,sneha.joshi1201@example.com,Amritsar,Punjab,Tier 2,2023-10-19
CUST01202,Karan Reddy,Male,41,karan.reddy1202@example.com,Rohtak,Haryana,Tier 3,2022-06-12
CUST01203,Deepak Kumar,Male,36,deepak.kumar1203@example.com,Bangalore,Karnataka,Tier 1,2022-03-13
CUST01204,Deepak Reddy,Male,36,deepak.reddy1204@example.com,Hyderabad,Telangana,Tier 1,2023-02-19
CUST01205,Divya Iyer,Female,30,divya.iyer1205@example.com,Bangalore,Karnataka,Tier 1,2023-11-06
CUST01206,Deepak Patel,Male,25,deepak.patel1206@example.com,Jodhpur,Rajasthan,Tier 2,2024-10-25
CUST01207,Rohan Verma,Male,36,rohan.verma1207@example.com,Hyderabad,Telangana,Tier 1,2023-01-25
CUST01208,Pooja Patel,Female,23,pooja.patel1208@example.com,Rohtak,Haryana,Tier 3,2024-02-24
CUST01209,Arjun Joshi,Male,25,arjun.joshi1209@example.com,Bhavnagar,Gujarat,Tier 3,2022-01-13
CUST01210,Rohan Reddy,Male,25,rohan.reddy1210@example.com,Raipur,Chhattisgarh,Tier 2,2023-07-29
CUST01211,Sanjay Iyer,Male,41,sanjay.iyer1211@example.com,Ratlam,Madhya Pradesh,Tier 3,2024-09-30
CUST01212,Manoj Patel,Male,44,manoj.patel1212@example.com,Hyderabad,Telangana,Tier 1,2022-05-02
CUST01213,Priya Gupta,Female,19,priya.gupta1213@example.com,Ambala,Haryana,Tier 3,2023-01-16
CUST01214,Manoj Joshi,Male,25,manoj.joshi1214@example.com,Mumbai,Maharashtra,Tier 1,2024-03-10
CUST01215,Deepak Sharma,Male,18,deepak.sharma1215@example.com,Bhavnagar,Gujarat,Tier 3,2024-04-05
CUST01216,Rahul Patel,Male,34,rahul.patel1216@example.com,Chennai,Tamil Nadu,Tier 1,2024-03-18
CUST01217,Deepak Reddy,Male,32,deepak.reddy1217@example.com,Bangalore,Karnataka,Tier 1,2024-01-02
CUST01218,Suresh Verma,Male,18,suresh.verma1218@example.com,Jodhpur,Rajasthan,Tier 2,2024-02-10
CUST01219,Shreya Iyer,Female,40,shreya.iyer1219@example.com,Delhi,Delhi,Tier 1,2024-03-02
CUST01220,Neha Gupta,Female,27,neha.gupta1220@example.com,Kolkata,West Bengal,Tier 1,2024-05-25
CUST01221,Manoj Patel,Male,21,manoj.patel1221@example.com,Karimnagar,Telangana,Tier 3,2024-09-28
CUST01222,Neha Singh,Female,23,neha.singh1222@example.com,Chennai,Tamil Nadu,Tier 1,2023-10-20
CUST01223,Rohan Reddy,Male,21,rohan.reddy1223@example.com,Hyderabad,Telangana,Tier 1,2024-01-03
CUST01224,Amit Sharma,Male,18,amit.sharma1224@example.com,Karimnagar,Telangana,Tier 3,2023-10-25
CUST01225,Neha Joshi,Female,34,neha.joshi1225@example.com,Sagar,Madhya Pradesh,Tier 3,2023-05-09
CUST01226,Sanjay Joshi,Male,28,sanjay.joshi1226@example.com,Indore,Madhya Pradesh,Tier 2,2023-08-31
CUST01227,Deepak Nair,Male,29,deepak.nair1227@example.com,Chennai,Tamil Nadu,Tier 1,2024-10-26
CUST01228,Amit Iyer,Male,31,amit.iyer1228@example.com,Kolkata,West Bengal,Tier 1,2024-03-21
CUST01229,Manoj Nair,Male,45,manoj.nair1229@example.com,Ambala,Haryana,Tier 3,2024-08-16
CUST01230,Karan Nair,Male,25,karan.nair1230@example.com,Kolkata,West Bengal,Tier 1,2023-12-27
CUST01231,Priya Nair,Female,25,priya.nair1231@example.com,Karimnagar,Telangana,Tier 3,2022-05-30
CUST01232,Sanjay Reddy,Male,39,sanjay.reddy1232@example.com,Karimnagar,Telangana,Tier 3,2022-03-17
CUST01233,Karan Patel,Male,18,karan.patel1233@example.com,Nashik,Maharashtra,Tier 2,2022-08-13
CUST01234,Pooja Verma,Female,26,pooja.verma1234@example.com,Bangalore,Karnataka,Tier 1,2023-12-15
CUST01235,Sneha Gupta,Female,18,sneha.gupta1235@example.com,Vadodara,Gujarat,Tier 2,2024-06-02
CUST01236,Manoj Nair,Male,43,manoj.nair1236@example.com,Mumbai,Maharashtra,Tier 1,2023-01-03
CUST01237,Karan Gupta,Male,40,karan.gupta1237@example.com,Mumbai,Maharashtra,Tier 1,2023-12-19
CUST01238,Ritu Singh,Female,41,ritu.singh1238@example.com,Pune,Maharashtra,Tier 1,2023-10-01
CUST01239,Karan Joshi,Male,26,karan.joshi1239@example.com,Mumbai,Maharashtra,Tier 1,2022-04-26
CUST01240,Meera Reddy,Female,29,meera.reddy1240@example.com,Bangalore,Karnataka,Tier 1,2023-02-09
CUST01241,Shreya Kumar,Female,28,shreya.kumar1241@example.com,Bilaspur,Chhattisgarh,Tier 3,2024-06-21
CUST01242,Pooja Reddy,Female,27,pooja.reddy1242@example.com,Ambala,Haryana,Tier 3,2024-04-23
CUST01243,Neha Singh,Female,18,neha.singh1243@example.com,Chennai,Tamil Nadu,Tier 1,2024-09-04
CUST01244,Sneha Kumar,Female,43,sneha.kumar1244@example.com,Chennai,Tamil Nadu,Tier 1,2023-10-18
CUST01245,Ritu Patel,Female,31,ritu.patel1245@example.com,Chennai,Tamil Nadu,Tier 1,2023-05-06
CUST01246,Rohan Iyer,Male,31,rohan.iyer1246@example.com,Amritsar,Punjab,Tier 2,2024-09-25
CUST01247,Amit Gupta,Male,53,amit.gupta1247@example.com,Kolkata,West Bengal,Tier 1,2024-04-06
CUST01248,Kavita Nair,Female,43,kavita.nair1248@example.com,Rohtak,Haryana,Tier 3,2023-12-04
CUST01249,Vikram Reddy,Male,31,vikram.reddy1249@example.com,Chennai,Tamil Nadu,Tier 1,2023-07-29
CUST01250,Amit Patel,Male,26,amit.patel1250@example.com,Ambala,Haryana,Tier 3,2022-01-17
CUST01251,Anjali Verma,Female,37,anjali.verma1251@example.com,Hyderabad,Telangana,Tier 1,2023-04-10
CUST01252,Arjun Verma,Male,27,arjun.verma1252@example.com,Rewa,Madhya Pradesh,Tier 3,2023-12-21
CUST01253,Karan Reddy,Male,39,karan.reddy1253@example.com,Chennai,Tamil Nadu,Tier 1,2023-09-22
CUST01254,Shreya Sharma,Female,28,shreya.sharma1254@example.com,Chennai,Tamil Nadu,Tier 1,2023-02-04
CUST01255,Sanjay Iyer,Male,22,sanjay.iyer1255@example.com,Kolkata,West Bengal,Tier 1,2024-03-07
CUST01256,Deepak Kumar,Male,18,deepak.kumar1256@example.com,Nagpur,Maharashtra,Tier 2,2023-04-06
CUST01257,Manoj Nair,Male,36,manoj.nair1257@example.com,Coimbatore,Tamil Nadu,Tier 2,2022-03-05
CUST01258,Manoj Patel,Male,29,manoj.patel1258@example.com,Ranchi,Jharkhand,Tier 2,2022-10-08
CUST01259,Arjun Gupta,Male,31,arjun.gupta1259@example.com,Pune,Maharashtra,Tier 1,2024-07-06
CUST01260,Vikram Verma,Male,31,vikram.verma1260@example.com,Ambala,Haryana,Tier 3,2024-11-19
CUST01261,Kavita Reddy,Female,26,kavita.reddy1261@example.com,Bangalore,Karnataka,Tier 1,2023-04-16
CUST01262,Deepak Sharma,Male,38,deepak.sharma1262@example.com,Karimnagar,Telangana,Tier 3,2023-06-18
CUST01263,Amit Nair,Male,39,amit.nair1263@example.com,Pune,Maharashtra,Tier 1,2024-07-20
CUST01264,Kavita Kumar,Female,35,kavita.kumar1264@example.com,Rewa,Madhya Pradesh,Tier 3,2022-05-28
CUST01265,Sanjay Reddy,Male,36,sanjay.reddy1265@example.com,Coimbatore,Tamil Nadu,Tier 2,2023-01-23
CUST01266,Suresh Patel,Male,50,suresh.patel1266@example.com,Chennai,Tamil Nadu,Tier 1,2024-09-15
CUST01267,Deepak Verma,Male,37,deepak.verma1267@example.com,Karimnagar,Telangana,Tier 3,2023-08-12
CUST01268,Kavita Verma,Female,42,kavita.verma1268@example.com,Ranchi,Jharkhand,Tier 2,2023-02-19
CUST01269,Meera Joshi,Female,20,meera.joshi1269@example.com,Kolkata,West Bengal,Tier 1,2022-10-15
CUST01270,Ritu Joshi,Female,47,ritu.joshi1270@example.com,Bangalore,Karnataka,Tier 1,2022-11-12
CUST01271,Arjun Iyer,Male,30,arjun.iyer1271@example.com,Rajkot,Gujarat,Tier 2,2022-05-24
CUST01272,Shreya Sharma,Female,32,shreya.sharma1272@example.com,Pune,Maharashtra,Tier 1,2022-05-09
CUST01273,Suresh Verma,Male,23,suresh.verma1273@example.com,Hyderabad,Telangana,Tier 1,2022-12-07
CUST01274,Rohan Singh,Male,25,rohan.singh1274@example.com,Karimnagar,Telangana,Tier 3,2023-06-15
CUST01275,Meera Nair,Female,40,meera.nair1275@example.com,Hyderabad,Telangana,Tier 1,2024-03-28
CUST01276,Pooja Kumar,Female,36,pooja.kumar1276@example.com,Mumbai,Maharashtra,Tier 1,2023-05-05
CUST01277,Kavita Verma,Female,46,kavita.verma1277@example.com,Akola,Maharashtra,Tier 3,2022-07-01
CUST01278,Sanjay Singh,Male,40,sanjay.singh1278@example.com,Ranchi,Jharkhand,Tier 2,2022-01-30
CUST01279,Manoj Kumar,Male,22,manoj.kumar1279@example.com,Bangalore,Karnataka,Tier 1,2024-02-17
CUST01280,Sanjay Gupta,Male,38,sanjay.gupta1280@example.com,Bhopal,Madhya Pradesh,Tier 2,2023-07-08
CUST01281,Suresh Gupta,Male,24,suresh.gupta1281@example.com,Delhi,Delhi,Tier 1,2022-07-04
CUST01282,Rohan Joshi,Male,43,rohan.joshi1282@example.com,Coimbatore,Tamil Nadu,Tier 2,2022-01-12
CUST01283,Amit Verma,Male,32,amit.verma1283@example.com,Bangalore,Karnataka,Tier 1,2023-08-11
CUST01284,Shreya Sharma,Female,29,shreya.sharma1284@example.com,Akola,Maharashtra,Tier 3,2024-02-27
CUST01285,Sanjay Singh,Male,44,sanjay.singh1285@example.com,Ranchi,Jharkhand,Tier 2,2023-08-01
CUST01286,Divya Joshi,Female,18,divya.joshi1286@example.com,Chennai,Tamil Nadu,Tier 1,2024-07-11
CUST01287,Neha Nair,Female,33,neha.nair1287@example.com,Vadodara,Gujarat,Tier 2,2023-07-23
CUST01288,Pooja Joshi,Female,40,pooja.joshi1288@example.com,Vadodara,Gujarat,Tier 2,2022-10-07
CUST01289,Deepak Reddy,Male,33,deepak.reddy1289@example.com,Delhi,Delhi,Tier 1,2023-09-14
CUST01290,Deepak Singh,Male,24,deepak.singh1290@example.com,Hyderabad,Telangana,Tier 1,2022-11-10
CUST01291,Sanjay Verma,Male,18,sanjay.verma1291@example.com,Hyderabad,Telangana,Tier 1,2022-02-05
CUST01292,Kavita Sharma,Female,39,kavita.sharma1292@example.com,Shillong,Meghalaya,Tier 3,2022-05-28
CUST01293,Karan Joshi,Male,39,karan.joshi1293@example.com,Latur,Maharashtra,Tier 3,2022-07-14
CUST01294,Kavita Joshi,Female,24,kavita.joshi1294@example.com,Mumbai,Maharashtra,Tier 1,2024-08-22
CUST01295,Deepak Kumar,Male,37,deepak.kumar1295@example.com,Vadodara,Gujarat,Tier 2,2023-12-11
CUST01296,Divya Joshi,Female,34,divya.joshi1296@example.com,Sagar,Madhya Pradesh,Tier 3,2022-11-13
CUST01297,Neha Iyer,Female,31,neha.iyer1297@example.com,Bangalore,Karnataka,Tier 1,2023-11-12
CUST01298,Karan Singh,Male,18,karan.singh1298@example.com,Hyderabad,Telangana,Tier 1,2023-01-07
CUST01299,Sneha Iyer,Female,28,sneha.iyer1299@example.com,Nashik,Maharashtra,Tier 2,2024-02-07
CUST01300,Manoj Gupta,Male,34,manoj.gupta1300@example.com,Delhi,Delhi,Tier 1,2024-02-24
CUST01301,Pooja Nair,Female,42,pooja.nair1301@example.com,Indore,Madhya Pradesh,Tier 2,2022-07-09
CUST01302,Pooja Patel,Female,33,pooja.patel1302@example.com,Karimnagar,Telangana,Tier 3,2022-10-18
CUST01303,Sanjay Sharma,Male,28,sanjay.sharma1303@example.com,Shillong,Meghalaya,Tier 3,2022-11-22
CUST01304,Divya Patel,Female,42,divya.patel1304@example.com,Bhopal,Madhya Pradesh,Tier 2,2024-04-16
CUST01305,Divya Kumar,Female,29,divya.kumar1305@example.com,Kolkata,West Bengal,Tier 1,2022-03-13
CUST01306,Karan Verma,Male,26,karan.verma1306@example.com,Bangalore,Karnataka,Tier 1,2023-07-20
CUST01307,Rahul Gupta,Male,43,rahul.gupta1307@example.com,Pune,Maharashtra,Tier 1,2022-02-23
CUST01308,Divya Verma,Female,35,divya.verma1308@example.com,Kolkata,West Bengal,Tier 1,2022-05-09
CUST01309,Sneha Singh,Female,21,sneha.singh1309@example.com,Hyderabad,Telangana,Tier 1,2024-05-01
CUST01310,Kavita Sharma,Female,42,kavita.sharma1310@example.com,Bangalore,Karnataka,Tier 1,2022-05-11
CUST01311,Arjun Joshi,Male,47,arjun.joshi1311@example.com,Aurangabad,Maharashtra,Tier 2,2023-12-10
CUST01312,Suresh Singh,Male,38,suresh.singh1312@example.com,Coimbatore,Tamil Nadu,Tier 2,2022-08-31
CUST01313,Divya Verma,Female,21,divya.verma1313@example.com,Nashik,Maharashtra,Tier 2,2024-09-13
CUST01314,Divya Patel,Female,36,divya.patel1314@example.com,Hyderabad,Telangana,Tier 1,2022-02-21
CUST01315,Ritu Joshi,Female,28,ritu.joshi1315@example.com,Bhopal,Madhya Pradesh,Tier 2,2024-05-26
CUST01316,Anjali Verma,Female,35,anjali.verma1316@example.com,Chennai,Tamil Nadu,Tier 1,2024-05-07
CUST01317,Pooja Singh,Female,22,pooja.singh1317@example.com,Delhi,Delhi,Tier 1,2024-11-15
CUST01318,Sneha Joshi,Female,23,sneha.joshi1318@example.com,Ratlam,Madhya Pradesh,Tier 3,2023-03-16
CUST01319,Sneha Iyer,Female,42,sneha.iyer1319@example.com,Pune,Maharashtra,Tier 1,2023-03-11
CUST01320,Shreya Nair,Female,52,shreya.nair1320@example.com,Kolkata,West Bengal,Tier 1,2023-10-28
CUST01321,Neha Patel,Female,18,neha.patel1321@example.com,Hyderabad,Telangana,Tier 1,2024-03-16
CUST01322,Vikram Gupta,Male,33,vikram.gupta1322@example.com,Kolkata,West Bengal,Tier 1,2024-01-12
CUST01323,Anjali Gupta,Female,46,anjali.gupta1323@example.com,Amritsar,Punjab,Tier 2,2022-11-24
CUST01324,Anjali Verma,Female,37,anjali.verma1324@example.com,Delhi,Delhi,Tier 1,2022-09-24
CUST01325,Meera Sharma,Female,38,meera.sharma1325@example.com,Akola,Maharashtra,Tier 3,2023-10-14
CUST01326,Meera Verma,Female,29,meera.verma1326@example.com,Mumbai,Maharashtra,Tier 1,2023-08-23
CUST01327,Shreya Patel,Female,27,shreya.patel1327@example.com,Akola,Maharashtra,Tier 3,2023-08-24
CUST01328,Sneha Gupta,Female,39,sneha.gupta1328@example.com,Akola,Maharashtra,Tier 3,2022-09-17
CUST01329,Divya Patel,Female,21,divya.patel1329@example.com,Delhi,Delhi,Tier 1,2022-11-01
CUST01330,Rahul Sharma,Male,41,rahul.sharma1330@example.com,Delhi,Delhi,Tier 1,2023-03-05
CUST01331,Kavita Iyer,Female,31,kavita.iyer1331@example.com,Pune,Maharashtra,Tier 1,2024-01-17
CUST01332,Meera Iyer,Female,35,meera.iyer1332@example.com,Hyderabad,Telangana,Tier 1,2024-05-14
CUST01333,Manoj Joshi,Male,31,manoj.joshi1333@example.com,Bhopal,Madhya Pradesh,Tier 2,2022-11-30
CUST01334,Meera Nair,Female,25,meera.nair1334@example.com,Hyderabad,Telangana,Tier 1,2023-05-15
CUST01335,Divya Nair,Female,34,divya.nair1335@example.com,Bangalore,Karnataka,Tier 1,2022-03-20
CUST01336,Sanjay Kumar,Male,31,sanjay.kumar1336@example.com,Delhi,Delhi,Tier 1,2023-05-22
CUST01337,Sneha Patel,Female,18,sneha.patel1337@example.com,Nashik,Maharashtra,Tier 2,2023-07-30
CUST01338,Rahul Nair,Male,23,rahul.nair1338@example.com,Vadodara,Gujarat,Tier 2,2022-08-05
CUST01339,Sneha Iyer,Female,31,sneha.iyer1339@example.com,Bhavnagar,Gujarat,Tier 3,2024-10-05
CUST01340,Sanjay Iyer,Male,21,sanjay.iyer1340@example.com,Ranchi,Jharkhand,Tier 2,2023-01-16
CUST01341,Karan Kumar,Male,24,karan.kumar1341@example.com,Bangalore,Karnataka,Tier 1,2024-03-30
CUST01342,Rahul Nair,Male,27,rahul.nair1342@example.com,Jodhpur,Rajasthan,Tier 2,2024-07-01
CUST01343,Karan Nair,Male,32,karan.nair1343@example.com,Nashik,Maharashtra,Tier 2,2023-05-17
CUST01344,Pooja Patel,Female,25,pooja.patel1344@example.com,Aurangabad,Maharashtra,Tier 2,2023-04-02
CUST01345,Ritu Gupta,Female,33,ritu.gupta1345@example.com,Pune,Maharashtra,Tier 1,2024-07-08
CUST01346,Karan Gupta,Male,44,karan.gupta1346@example.com,Bangalore,Karnataka,Tier 1,2023-01-12
CUST01347,Sneha Nair,Female,33,sneha.nair1347@example.com,Chennai,Tamil Nadu,Tier 1,2023-05-23
CUST01348,Pooja Verma,Female,41,pooja.verma1348@example.com,Rewa,Madhya Pradesh,Tier 3,2024-11-20
CUST01349,Suresh Verma,Male,29,suresh.verma1349@example.com,Bhopal,Madhya Pradesh,Tier 2,2022-10-31
CUST01350,Shreya Iyer,Female,18,shreya.iyer1350@example.com,Amritsar,Punjab,Tier 2,2023-06-26
CUST01351,Pooja Singh,Female,29,pooja.singh1351@example.com,Bangalore,Karnataka,Tier 1,2022-04-18
CUST01352,Rahul Nair,Male,38,rahul.nair1352@example.com,Mumbai,Maharashtra,Tier 1,2022-09-12
CUST01353,Amit Kumar,Male,23,amit.kumar1353@example.com,Latur,Maharashtra,Tier 3,2022-09-14
CUST01354,Sanjay Sharma,Male,18,sanjay.sharma1354@example.com,Vadodara,Gujarat,Tier 2,2023-08-21
CUST01355,Vikram Sharma,Male,36,vikram.sharma1355@example.com,Coimbatore,Tamil Nadu,Tier 2,2023-08-30
CUST01356,Arjun Reddy,Male,43,arjun.reddy1356@example.com,Hyderabad,Telangana,Tier 1,2023-02-09
CUST01357,Kavita Iyer,Female,30,kavita.iyer1357@example.com,Bangalore,Karnataka,Tier 1,2024-01-17
CUST01358,Arjun Verma,Male,22,arjun.verma1358@example.com,Raipur,Chhattisgarh,Tier 2,2022-06-21
CUST01359,Rahul Kumar,Male,30,rahul.kumar1359@example.com,Kolkata,West Bengal,Tier 1,2022-09-16
CUST01360,Deepak Iyer,Male,19,deepak.iyer1360@example.com,Karimnagar,Telangana,Tier 3,2022-12-30
CUST01361,Suresh Reddy,Male,19,suresh.reddy1361@example.com,Delhi,Delhi,Tier 1,2023-01-13
CUST01362,Amit Gupta,Male,29,amit.gupta1362@example.com,Kolkata,West Bengal,Tier 1,2023-08-28
CUST01363,Pooja Sharma,Female,43,pooja.sharma1363@example.com,Hyderabad,Telangana,Tier 1,2023-01-18
CUST01364,Anjali Nair,Female,37,anjali.nair1364@example.com,Coimbatore,Tamil Nadu,Tier 2,2022-05-24
CUST01365,Sanjay Reddy,Male,37,sanjay.reddy1365@example.com,Ambala,Haryana,Tier 3,2022-08-12
CUST01366,Kavita Patel,Female,20,kavita.patel1366@example.com,Amritsar,Punjab,Tier 2,2023-03-05
CUST01367,Deepak Nair,Male,25,deepak.nair1367@example.com,Ambala,Haryana,Tier 3,2023-12-28
CUST01368,Divya Kumar,Female,40,divya.kumar1368@example.com,Akola,Maharashtra,Tier 3,2024-06-08
CUST01369,Priya Gupta,Female,24,priya.gupta1369@example.com,Delhi,Delhi,Tier 1,2024-07-13
CUST01370,Karan Singh,Male,39,karan.singh1370@example.com,Indore,Madhya Pradesh,Tier 2,2023-09-15
CUST01371,Suresh Joshi,Male,24,suresh.joshi1371@example.com,Latur,Maharashtra,Tier 3,2024-06-22
CUST01372,Pooja Sharma,Female,26,pooja.sharma1372@example.com,Indore,Madhya Pradesh,Tier 2,2023-08-20
CUST01373,Shreya Patel,Female,41,shreya.patel1373@example.com,Mumbai,Maharashtra,Tier 1,2024-11-05
CUST01374,Rohan Patel,Male,33,rohan.patel1374@example.com,Nashik,Maharashtra,Tier 2,2024-10-13
CUST01375,Manoj Singh,Male,50,manoj.singh1375@example.com,Hisar,Haryana,Tier 3,2024-04-18
CUST01376,Rahul Singh,Male,37,rahul.singh1376@example.com,Kolkata,West Bengal,Tier 1,2024-08-09
CUST01377,Deepak Verma,Male,31,deepak.verma1377@example.com,Amritsar,Punjab,Tier 2,2022-11-02
CUST01378,Pooja Singh,Female,31,pooja.singh1378@example.com,Delhi,Delhi,Tier 1,2024-07-25
CUST01379,Divya Gupta,Female,41,divya.gupta1379@example.com,Chennai,Tamil Nadu,Tier 1,2022-06-20
CUST01380,Kavita Patel,Female,40,kavita.patel1380@example.com,Mumbai,Maharashtra,Tier 1,2023-10-20
CUST01381,Sanjay Iyer,Male,42,sanjay.iyer1381@example.com,Vadodara,Gujarat,Tier 2,2022-06-28
CUST01382,Meera Iyer,Female,25,meera.iyer1382@example.com,Chennai,Tamil Nadu,Tier 1,2024-09-18
CUST01383,Deepak Singh,Male,36,deepak.singh1383@example.com,Delhi,Delhi,Tier 1,2023-04-26
CUST01384,Sneha Joshi,Female,32,sneha.joshi1384@example.com,Bangalore,Karnataka,Tier 1,2023-03-05
CUST01385,Amit Nair,Male,36,amit.nair1385@example.com,Kolkata,West Bengal,Tier 1,2022-05-28
CUST01386,Sneha Kumar,Female,27,sneha.kumar1386@example.com,Bhopal,Madhya Pradesh,Tier 2,2024-03-23
CUST01387,Divya Sharma,Female,30,divya.sharma1387@example.com,Ranchi,Jharkhand,Tier 2,2023-08-11
CUST01388,Neha Sharma,Female,28,neha.sharma1388@example.com,Kolkata,West Bengal,Tier 1,2022-02-04
CUST01389,Shreya Gupta,Female,32,shreya.gupta1389@example.com,Chennai,Tamil Nadu,Tier 1,2023-06-22
CUST01390,Deepak Reddy,Male,32,deepak.reddy1390@example.com,Bangalore,Karnataka,Tier 1,2022-08-21
CUST01391,Meera Patel,Female,26,meera.patel1391@example.com,Coimbatore,Tamil Nadu,Tier 2,2024-07-27
CUST01392,Kavita Reddy,Female,41,kavita.reddy1392@example.com,Jodhpur,Rajasthan,Tier 2,2023-11-30
CUST01393,Anjali Verma,Female,27,anjali.verma1393@example.com,Pune,Maharashtra,Tier 1,2024-06-09
CUST01394,Rahul Patel,Male,50,rahul.patel1394@example.com,Ranchi,Jharkhand,Tier 2,2024-10-16
CUST01395,Rohan Verma,Male,43,rohan.verma1395@example.com,Bhavnagar,Gujarat,Tier 3,2023-06-12
CUST01396,Amit Sharma,Male,37,amit.sharma1396@example.com,Hisar,Haryana,Tier 3,2024-04-19
CUST01397,Divya Nair,Female,44,divya.nair1397@example.com,Chennai,Tamil Nadu,Tier 1,2022-08-02
CUST01398,Priya Singh,Female,21,priya.singh1398@example.com,Jodhpur,Rajasthan,Tier 2,2024-07-07
CUST01399,Rahul Gupta,Male,20,rahul.gupta1399@example.com,Coimbatore,Tamil Nadu,Tier 2,2023-05-06
CUST01400,Anjali Iyer,Female,25,anjali.iyer1400@example.com,Amritsar,Punjab,Tier 2,2023-09-07
CUST01401,Arjun Nair,Male,27,arjun.nair1401@example.com,Amritsar,Punjab,Tier 2,2024-03-23
CUST01402,Kavita Sharma,Female,38,kavita.sharma1402@example.com,Raipur,Chhattisgarh,Tier 2,2022-12-06
CUST01403,Meera Sharma,Female,27,meera.sharma1403@example.com,Jodhpur,Rajasthan,Tier 2,2023-10-11
CUST01404,Suresh Verma,Male,45,suresh.verma1404@example.com,Pune,Maharashtra,Tier 1,2022-10-23
CUST01405,Amit Gupta,Male,37,amit.gupta1405@example.com,Coimbatore,Tamil Nadu,Tier 2,2022-12-09
CUST01406,Pooja Gupta,Female,29,pooja.gupta1406@example.com,Chennai,Tamil Nadu,Tier 1,2022-01-28
CUST01407,Manoj Patel,Male,31,manoj.patel1407@example.com,Ranchi,Jharkhand,Tier 2,2022-02-27
CUST01408,Anjali Joshi,Female,29,anjali.joshi1408@example.com,Chennai,Tamil Nadu,Tier 1,2023-07-04
CUST01409,Ritu Verma,Female,23,ritu.verma1409@example.com,Bangalore,Karnataka,Tier 1,2024-04-13
CUST01410,Deepak Reddy,Male,31,deepak.reddy1410@example.com,Bhopal,Madhya Pradesh,Tier 2,2024-06-11
CUST01411,Neha Nair,Female,31,neha.nair1411@example.com,Chennai,Tamil Nadu,Tier 1,2024-11-24
CUST01412,Kavita Singh,Female,32,kavita.singh1412@example.com,Chennai,Tamil Nadu,Tier 1,2023-05-23
CUST01413,Kavita Reddy,Female,41,kavita.reddy1413@example.com,Chennai,Tamil Nadu,Tier 1,2022-12-11
CUST01414,Kavita Joshi,Female,18,kavita.joshi1414@example.com,Ambala,Haryana,Tier 3,2024-11-14
CUST01415,Karan Nair,Male,20,karan.nair1415@example.com,Coimbatore,Tamil Nadu,Tier 2,2024-04-20
CUST01416,Kavita Iyer,Female,34,kavita.iyer1416@example.com,Pune,Maharashtra,Tier 1,2024-05-21
CUST01417,Priya Sharma,Female,51,priya.sharma1417@example.com,Hyderabad,Telangana,Tier 1,2022-12-11
CUST01418,Deepak Patel,Male,43,deepak.patel1418@example.com,Bangalore,Karnataka,Tier 1,2024-05-22
CUST01419,Suresh Gupta,Male,40,suresh.gupta1419@example.com,Bangalore,Karnataka,Tier 1,2023-07-05
CUST01420,Priya Kumar,Female,38,priya.kumar1420@example.com,Coimbatore,Tamil Nadu,Tier 2,2022-10-01
CUST01421,Amit Sharma,Male,44,amit.sharma1421@example.com,Chennai,Tamil Nadu,Tier 1,2023-01-16
CUST01422,Neha Patel,Female,42,neha.patel1422@example.com,Hisar,Haryana,Tier 3,2022-09-29
CUST01423,Shreya Gupta,Female,41,shreya.gupta1423@example.com,Bangalore,Karnataka,Tier 1,2022-09-04
CUST01424,Sneha Verma,Female,37,sneha.verma1424@example.com,Sagar,Madhya Pradesh,Tier 3,2023-06-09
CUST01425,Shreya Gupta,Female,35,shreya.gupta1425@example.com,Chennai,Tamil Nadu,Tier 1,2023-09-09
CUST01426,Arjun Iyer,Male,29,arjun.iyer1426@example.com,Pune,Maharashtra,Tier 1,2023-04-30
CUST01427,Shreya Verma,Female,18,shreya.verma1427@example.com,Delhi,Delhi,Tier 1,2023-01-11
CUST01428,Priya Joshi,Female,22,priya.joshi1428@example.com,Bilaspur,Chhattisgarh,Tier 3,2022-03-14
CUST01429,Rahul Singh,Male,37,rahul.singh1429@example.com,Karimnagar,Telangana,Tier 3,2023-07-26
CUST01430,Ritu Verma,Female,33,ritu.verma1430@example.com,Bangalore,Karnataka,Tier 1,2022-06-28
CUST01431,Karan Sharma,Male,23,karan.sharma1431@example.com,Sagar,Madhya Pradesh,Tier 3,2024-01-05
CUST01432,Arjun Nair,Male,29,arjun.nair1432@example.com,Vadodara,Gujarat,Tier 2,2024-11-02
CUST01433,Arjun Nair,Male,32,arjun.nair1433@example.com,Chennai,Tamil Nadu,Tier 1,2024-01-02
CUST01434,Vikram Sharma,Male,18,vikram.sharma1434@example.com,Pune,Maharashtra,Tier 1,2023-08-17
CUST01435,Divya Joshi,Female,24,divya.joshi1435@example.com,Pune,Maharashtra,Tier 1,2024-05-01
CUST01436,Rohan Reddy,Male,38,rohan.reddy1436@example.com,Chennai,Tamil Nadu,Tier 1,2024-06-12
CUST01437,Neha Patel,Female,36,neha.patel1437@example.com,Bangalore,Karnataka,Tier 1,2022-05-24
CUST01438,Sanjay Joshi,Male,36,sanjay.joshi1438@example.com,Ratlam,Madhya Pradesh,Tier 3,2024-08-08
CUST01439,Deepak Reddy,Male,18,deepak.reddy1439@example.com,Shillong,Meghalaya,Tier 3,2022-09-27
CUST01440,Karan Nair,Male,21,karan.nair1440@example.com,Bangalore,Karnataka,Tier 1,2022-04-21
CUST01441,Vikram Iyer,Male,28,vikram.iyer1441@example.com,Hyderabad,Telangana,Tier 1,2023-08-18
CUST01442,Sanjay Reddy,Male,38,sanjay.reddy1442@example.com,Rohtak,Haryana,Tier 3,2023-06-30
CUST01443,Deepak Joshi,Male,34,deepak.joshi1443@example.com,Pune,Maharashtra,Tier 1,2023-06-02
CUST01444,Rohan Verma,Male,33,rohan.verma1444@example.com,Raipur,Chhattisgarh,Tier 2,2023-11-17
CUST01445,Kavita Joshi,Female,40,kavita.joshi1445@example.com,Vadodara,Gujarat,Tier 2,2024-06-12
CUST01446,Karan Reddy,Male,26,karan.reddy1446@example.com,Akola,Maharashtra,Tier 3,2022-03-19
CUST01447,Pooja Singh,Female,42,pooja.singh1447@example.com,Bangalore,Karnataka,Tier 1,2023-11-19
CUST01448,Suresh Patel,Male,20,suresh.patel1448@example.com,Ratlam,Madhya Pradesh,Tier 3,2022-06-28
CUST01449,Shreya Patel,Female,32,shreya.patel1449@example.com,Ratlam,Madhya Pradesh,Tier 3,2024-06-23
CUST01450,Rohan Gupta,Male,33,rohan.gupta1450@example.com,Hyderabad,Telangana,Tier 1,2023-12-09
CUST01451,Neha Verma,Female,30,neha.verma1451@example.com,Amritsar,Punjab,Tier 2,2023-01-22
CUST01452,Rohan Joshi,Male,48,rohan.joshi1452@example.com,Akola,Maharashtra,Tier 3,2022-06-21
CUST01453,Priya Singh,Female,41,priya.singh1453@example.com,Delhi,Delhi,Tier 1,2024-04-22
CUST01454,Suresh Iyer,Male,44,suresh.iyer1454@example.com,Pune,Maharashtra,Tier 1,2022-06-14
CUST01455,Arjun Gupta,Male,45,arjun.gupta1455@example.com,Rajkot,Gujarat,Tier 2,2023-01-18
CUST01456,Rohan Nair,Male,30,rohan.nair1456@example.com,Shillong,Meghalaya,Tier 3,2022-01-03
CUST01457,Meera Iyer,Female,36,meera.iyer1457@example.com,Ranchi,Jharkhand,Tier 2,2023-09-03
CUST01458,Rahul Reddy,Male,40,rahul.reddy1458@example.com,Jodhpur,Rajasthan,Tier 2,2023-02-19
CUST01459,Suresh Patel,Male,26,suresh.patel1459@example.com,Chennai,Tamil Nadu,Tier 1,2024-06-10
CUST01460,Pooja Joshi,Female,34,pooja.joshi1460@example.com,Mumbai,Maharashtra,Tier 1,2023-12-19
CUST01461,Sanjay Sharma,Male,41,sanjay.sharma1461@example.com,Bangalore,Karnataka,Tier 1,2024-11-16
CUST01462,Sneha Singh,Female,45,sneha.singh1462@example.com,Mumbai,Maharashtra,Tier 1,2023-01-22
CUST01463,Suresh Reddy,Male,40,suresh.reddy1463@example.com,Indore,Madhya Pradesh,Tier 2,2024-08-30
CUST01464,Meera Verma,Female,25,meera.verma1464@example.com,Delhi,Delhi,Tier 1,2024-01-23
CUST01465,Shreya Nair,Female,19,shreya.nair1465@example.com,Bangalore,Karnataka,Tier 1,2023-06-30
CUST01466,Rohan Nair,Male,20,rohan.nair1466@example.com,Mumbai,Maharashtra,Tier 1,2023-05-17
CUST01467,Rahul Gupta,Male,25,rahul.gupta1467@example.com,Rajkot,Gujarat,Tier 2,2024-02-04
CUST01468,Kavita Iyer,Female,30,kavita.iyer1468@example.com,Chennai,Tamil Nadu,Tier 1,2023-01-21
CUST01469,Rahul Singh,Male,32,rahul.singh1469@example.com,Hyderabad,Telangana,Tier 1,2024-08-31
CUST01470,Kavita Kumar,Female,41,kavita.kumar1470@example.com,Amritsar,Punjab,Tier 2,2024-01-27
CUST01471,Priya Kumar,Female,23,priya.kumar1471@example.com,Sagar,Madhya Pradesh,Tier 3,2022-11-02
CUST01472,Deepak Kumar,Male,48,deepak.kumar1472@example.com,Aurangabad,Maharashtra,Tier 2,2023-03-18
CUST01473,Arjun Reddy,Male,42,arjun.reddy1473@example.com,Delhi,Delhi,Tier 1,2023-08-20
CUST01474,Amit Reddy,Male,39,amit.reddy1474@example.com,Pune,Maharashtra,Tier 1,2022-11-21
CUST01475,Karan Gupta,Male,27,karan.gupta1475@example.com,Chennai,Tamil Nadu,Tier 1,2023-03-24
CUST01476,Karan Kumar,Male,30,karan.kumar1476@example.com,Chennai,Tamil Nadu,Tier 1,2023-12-10
CUST01477,Divya Nair,Female,38,divya.nair1477@example.com,Bilaspur,Chhattisgarh,Tier 3,2022-09-22
CUST01478,Vikram Joshi,Male,57,vikram.joshi1478@example.com,Delhi,Delhi,Tier 1,2023-11-05
CUST01479,Vikram Kumar,Male,33,vikram.kumar1479@example.com,Chennai,Tamil Nadu,Tier 1,2022-09-08
CUST01480,Karan Patel,Male,29,karan.patel1480@example.com,Shillong,Meghalaya,Tier 3,2022-04-07
CUST01481,Arjun Verma,Male,20,arjun.verma1481@example.com,Amritsar,Punjab,Tier 2,2022-05-05
CUST01482,Vikram Singh,Male,18,vikram.singh1482@example.com,Ranchi,Jharkhand,Tier 2,2022-10-11
CUST01483,Rahul Singh,Male,38,rahul.singh1483@example.com,Kolkata,West Bengal,Tier 1,2022-08-16
CUST01484,Sneha Iyer,Female,24,sneha.iyer1484@example.com,Hyderabad,Telangana,Tier 1,2023-09-17
CUST01485,Neha Gupta,Female,46,neha.gupta1485@example.com,Pune,Maharashtra,Tier 1,2024-11-07
CUST01486,Vikram Sharma,Male,29,vikram.sharma1486@example.com,Indore,Madhya Pradesh,Tier 2,2022-07-08
CUST01487,Shreya Joshi,Female,30,shreya.joshi1487@example.com,Jodhpur,Rajasthan,Tier 2,2023-10-20
CUST01488,Manoj Gupta,Male,45,manoj.gupta1488@example.com,Bilaspur,Chhattisgarh,Tier 3,2022-09-05
CUST01489,Arjun Verma,Male,34,arjun.verma1489@example.com,Delhi,Delhi,Tier 1,2023-08-05
CUST01490,Neha Nair,Female,18,neha.nair1490@example.com,Shillong,Meghalaya,Tier 3,2022-02-21
CUST01491,Kavita Patel,Female,42,kavita.patel1491@example.com,Bilaspur,Chhattisgarh,Tier 3,2024-07-05
CUST01492,Divya Iyer,Female,32,divya.iyer1492@example.com,Kolkata,West Bengal,Tier 1,2023-11-22
CUST01493,Rohan Gupta,Male,22,rohan.gupta1493@example.com,Delhi,Delhi,Tier 1,2023-06-16
CUST01494,Priya Kumar,Female,24,priya.kumar1494@example.com,Mumbai,Maharashtra,Tier 1,2022-03-24
CUST01495,Rohan Gupta,Male,26,rohan.gupta1495@example.com,Hyderabad,Telangana,Tier 1,2024-08-08
CUST01496,Sanjay Joshi,Male,20,sanjay.joshi1496@example.com,Mumbai,Maharashtra,Tier 1,2023-04-04
CUST01497,Divya Gupta,Female,43,divya.gupta1497@example.com,Hisar,Haryana,Tier 3,2023-03-01
CUST01498,Priya Joshi,Female,33,priya.joshi1498@example.com,Hyderabad,Telangana,Tier 1,2023-02-06
CUST01499,Kavita Reddy,Female,42,kavita.reddy1499@example.com,Pune,Maharashtra,Tier 1,2022-09-30
CUST01500,Deepak Verma,Male,21,deepak.verma1500@example.com,Bilaspur,Chhattisgarh,Tier 3,2023-07-23
CUST01501,Priya Gupta,Female,33,priya.gupta1501@example.com,Hyderabad,Telangana,Tier 1,2024-06-15
CUST01502,Priya Nair,Female,43,priya.nair1502@example.com,Chennai,Tamil Nadu,Tier 1,2022-06-28
CUST01503,Rohan Kumar,Male,30,rohan.kumar1503@example.com,Aurangabad,Maharashtra,Tier 2,2024-02-28
CUST01504,Sneha Kumar,Female,33,sneha.kumar1504@example.com,Hisar,Haryana,Tier 3,2023-06-22
CUST01505,Karan Kumar,Male,32,karan.kumar1505@example.com,Rajkot,Gujarat,Tier 2,2022-03-06
CUST01506,Deepak Patel,Male,43,deepak.patel1506@example.com,Chennai,Tamil Nadu,Tier 1,2023-06-19
CUST01507,Anjali Nair,Female,23,anjali.nair1507@example.com,Hisar,Haryana,Tier 3,2023-11-24
CUST01508,Manoj Nair,Male,22,manoj.nair1508@example.com,Mumbai,Maharashtra,Tier 1,2023-03-28
CUST01509,Ritu Singh,Female,36,ritu.singh1509@example.com,Bhavnagar,Gujarat,Tier 3,2024-11-05
CUST01510,Vikram Iyer,Male,24,vikram.iyer1510@example.com,Hyderabad,Telangana,Tier 1,2022-05-05
CUST01511,Sanjay Verma,Male,37,sanjay.verma1511@example.com,Chennai,Tamil Nadu,Tier 1,2023-10-14
CUST01512,Neha Verma,Female,39,neha.verma1512@example.com,Vadodara,Gujarat,Tier 2,2023-03-14
CUST01513,Sanjay Singh,Male,20,sanjay.singh1513@example.com,Mumbai,Maharashtra,Tier 1,2022-07-30
CUST01514,Meera Joshi,Female,18,meera.joshi1514@example.com,Mumbai,Maharashtra,Tier 1,2023-04-06
CUST01515,Meera Reddy,Female,28,meera.reddy1515@example.com,Bhavnagar,Gujarat,Tier 3,2022-01-27
CUST01516,Arjun Joshi,Male,30,arjun.joshi1516@example.com,Mumbai,Maharashtra,Tier 1,2023-12-05
CUST01517,Vikram Patel,Male,31,vikram.patel1517@example.com,Kolkata,West Bengal,Tier 1,2024-04-27
CUST01518,Karan Kumar,Male,33,karan.kumar1518@example.com,Bhavnagar,Gujarat,Tier 3,2022-03-20
CUST01519,Sneha Patel,Female,42,sneha.patel1519@example.com,Vadodara,Gujarat,Tier 2,2023-02-17
CUST01520,Rohan Sharma,Male,36,rohan.sharma1520@example.com,Mumbai,Maharashtra,Tier 1,2024-10-21
CUST01521,Priya Iyer,Female,23,priya.iyer1521@example.com,Jodhpur,Rajasthan,Tier 2,2023-06-02
CUST01522,Meera Sharma,Female,28,meera.sharma1522@example.com,Rajkot,Gujarat,Tier 2,2024-07-05
CUST01523,Pooja Gupta,Female,32,pooja.gupta1523@example.com,Chennai,Tamil Nadu,Tier 1,2022-03-15
CUST01524,Divya Reddy,Female,33,divya.reddy1524@example.com,Jodhpur,Rajasthan,Tier 2,2022-02-25
CUST01525,Manoj Joshi,Male,41,manoj.joshi1525@example.com,Rajkot,Gujarat,Tier 2,2022-02-01
CUST01526,Deepak Kumar,Male,27,deepak.kumar1526@example.com,Mumbai,Maharashtra,Tier 1,2022-07-06
CUST01527,Rahul Patel,Male,34,rahul.patel1527@example.com,Bilaspur,Chhattisgarh,Tier 3,2022-05-10
CUST01528,Arjun Sharma,Male,18,arjun.sharma1528@example.com,Delhi,Delhi,Tier 1,2023-03-20
CUST01529,Manoj Joshi,Male,42,manoj.joshi1529@example.com,Delhi,Delhi,Tier 1,2023-03-23
CUST01530,Anjali Sharma,Female,34,anjali.sharma1530@example.com,Vadodara,Gujarat,Tier 2,2022-06-25
CUST01531,Neha Patel,Female,27,neha.patel1531@example.com,Mumbai,Maharashtra,Tier 1,2022-02-10
CUST01532,Shreya Joshi,Female,29,shreya.joshi1532@example.com,Ambala,Haryana,Tier 3,2024-06-07
CUST01533,Sanjay Joshi,Male,36,sanjay.joshi1533@example.com,Chennai,Tamil Nadu,Tier 1,2024-09-10
CUST01534,Amit Kumar,Male,30,amit.kumar1534@example.com,Bangalore,Karnataka,Tier 1,2023-01-03
CUST01535,Ritu Verma,Female,34,ritu.verma1535@example.com,Nashik,Maharashtra,Tier 2,2024-08-11
CUST01536,Suresh Iyer,Male,46,suresh.iyer1536@example.com,Karimnagar,Telangana,Tier 3,2022-06-01
CUST01537,Suresh Singh,Male,27,suresh.singh1537@example.com,Delhi,Delhi,Tier 1,2024-07-01
CUST01538,Meera Gupta,Female,28,meera.gupta1538@example.com,Rohtak,Haryana,Tier 3,2022-03-14
CUST01539,Manoj Sharma,Male,35,manoj.sharma1539@example.com,Shillong,Meghalaya,Tier 3,2022-06-06
CUST01540,Sanjay Joshi,Male,30,sanjay.joshi1540@example.com,Indore,Madhya Pradesh,Tier 2,2023-07-13
CUST01541,Ritu Joshi,Female,31,ritu.joshi1541@example.com,Shillong,Meghalaya,Tier 3,2022-09-22
CUST01542,Sneha Nair,Female,18,sneha.nair1542@example.com,Kolkata,West Bengal,Tier 1,2022-09-04
CUST01543,Neha Joshi,Female,18,neha.joshi1543@example.com,Jodhpur,Rajasthan,Tier 2,2023-06-22
CUST01544,Meera Iyer,Female,23,meera.iyer1544@example.com,Bilaspur,Chhattisgarh,Tier 3,2022-12-04
CUST01545,Manoj Gupta,Male,32,manoj.gupta1545@example.com,Hisar,Haryana,Tier 3,2023-03-26
CUST01546,Pooja Sharma,Female,39,pooja.sharma1546@example.com,Pune,Maharashtra,Tier 1,2023-08-11
CUST01547,Sanjay Verma,Male,39,sanjay.verma1547@example.com,Akola,Maharashtra,Tier 3,2024-04-10
CUST01548,Manoj Reddy,Male,37,manoj.reddy1548@example.com,Shillong,Meghalaya,Tier 3,2024-05-17
CUST01549,Arjun Singh,Male,26,arjun.singh1549@example.com,Karimnagar,Telangana,Tier 3,2022-10-29
CUST01550,Rahul Gupta,Male,32,rahul.gupta1550@example.com,Ranchi,Jharkhand,Tier 2,2023-07-15
CUST01551,Sneha Verma,Female,44,sneha.verma1551@example.com,Pune,Maharashtra,Tier 1,2023-04-09
CUST01552,Meera Nair,Female,18,meera.nair1552@example.com,Vadodara,Gujarat,Tier 2,2022-05-28
CUST01553,Amit Singh,Male,34,amit.singh1553@example.com,Bangalore,Karnataka,Tier 1,2024-03-21
CUST01554,Shreya Joshi,Female,23,shreya.joshi1554@example.com,Nashik,Maharashtra,Tier 2,2022-10-28
CUST01555,Rohan Singh,Male,31,rohan.singh1555@example.com,Mumbai,Maharashtra,Tier 1,2024-08-20
CUST01556,Divya Sharma,Female,36,divya.sharma1556@example.com,Nashik,Maharashtra,Tier 2,2023-12-31
CUST01557,Sanjay Patel,Male,45,sanjay.patel1557@example.com,Amritsar,Punjab,Tier 2,2024-02-20
CUST01558,Meera Singh,Female,41,meera.singh1558@example.com,Amritsar,Punjab,Tier 2,2023-10-23
CUST01559,Priya Nair,Female,19,priya.nair1559@example.com,Hyderabad,Telangana,Tier 1,2024-09-22
CUST01560,Meera Nair,Female,21,meera.nair1560@example.com,Bangalore,Karnataka,Tier 1,2022-10-31
CUST01561,Manoj Singh,Male,49,manoj.singh1561@example.com,Nagpur,Maharashtra,Tier 2,2023-08-19
CUST01562,Vikram Kumar,Male,31,vikram.kumar1562@example.com,Ratlam,Madhya Pradesh,Tier 3,2022-03-19
CUST01563,Ritu Nair,Female,32,ritu.nair1563@example.com,Nagpur,Maharashtra,Tier 2,2023-11-05
CUST01564,Neha Joshi,Female,38,neha.joshi1564@example.com,Bhopal,Madhya Pradesh,Tier 2,2022-10-05
CUST01565,Kavita Sharma,Female,35,kavita.sharma1565@example.com,Mumbai,Maharashtra,Tier 1,2022-06-29
CUST01566,Anjali Iyer,Female,43,anjali.iyer1566@example.com,Bangalore,Karnataka,Tier 1,2023-04-25
CUST01567,Divya Kumar,Female,36,divya.kumar1567@example.com,Sagar,Madhya Pradesh,Tier 3,2022-03-25
CUST01568,Neha Verma,Female,35,neha.verma1568@example.com,Delhi,Delhi,Tier 1,2022-07-11
CUST01569,Rohan Verma,Male,34,rohan.verma1569@example.com,Ratlam,Madhya Pradesh,Tier 3,2023-08-04
CUST01570,Sanjay Nair,Male,48,sanjay.nair1570@example.com,Rajkot,Gujarat,Tier 2,2022-04-03
CUST01571,Arjun Iyer,Male,38,arjun.iyer1571@example.com,Delhi,Delhi,Tier 1,2023-02-09
CUST01572,Kavita Patel,Female,36,kavita.patel1572@example.com,Raipur,Chhattisgarh,Tier 2,2023-04-17
CUST01573,Rohan Sharma,Male,32,rohan.sharma1573@example.com,Indore,Madhya Pradesh,Tier 2,2023-09-23
CUST01574,Meera Verma,Female,38,meera.verma1574@example.com,Hyderabad,Telangana,Tier 1,2023-06-06
CUST01575,Priya Joshi,Female,34,priya.joshi1575@example.com,Nagpur,Maharashtra,Tier 2,2024-08-20
CUST01576,Divya Sharma,Female,18,divya.sharma1576@example.com,Indore,Madhya Pradesh,Tier 2,2023-05-31
CUST01577,Priya Joshi,Female,45,priya.joshi1577@example.com,Mumbai,Maharashtra,Tier 1,2024-05-15
CUST01578,Arjun Gupta,Male,18,arjun.gupta1578@example.com,Rewa,Madhya Pradesh,Tier 3,2022-07-16
CUST01579,Sneha Nair,Female,36,sneha.nair1579@example.com,Delhi,Delhi,Tier 1,2024-11-01
CUST01580,Anjali Kumar,Female,45,anjali.kumar1580@example.com,Bangalore,Karnataka,Tier 1,2022-11-03
CUST01581,Suresh Verma,Male,27,suresh.verma1581@example.com,Bhopal,Madhya Pradesh,Tier 2,2024-06-13
CUST01582,Rohan Nair,Male,18,rohan.nair1582@example.com,Mumbai,Maharashtra,Tier 1,2023-09-28
CUST01583,Sneha Patel,Female,27,sneha.patel1583@example.com,Nashik,Maharashtra,Tier 2,2023-04-14
CUST01584,Shreya Gupta,Female,36,shreya.gupta1584@example.com,Pune,Maharashtra,Tier 1,2023-04-05
CUST01585,Suresh Joshi,Male,18,suresh.joshi1585@example.com,Bhopal,Madhya Pradesh,Tier 2,2024-01-22
CUST01586,Priya Patel,Female,27,priya.patel1586@example.com,Nashik,Maharashtra,Tier 2,2023-04-23
CUST01587,Priya Verma,Female,18,priya.verma1587@example.com,Latur,Maharashtra,Tier 3,2022-08-04
CUST01588,Amit Reddy,Male,24,amit.reddy1588@example.com,Aurangabad,Maharashtra,Tier 2,2022-03-27
CUST01589,Manoj Joshi,Male,33,manoj.joshi1589@example.com,Hyderabad,Telangana,Tier 1,2023-01-13
CUST01590,Shreya Singh,Female,27,shreya.singh1590@example.com,Pune,Maharashtra,Tier 1,2022-09-23
CUST01591,Pooja Nair,Female,19,pooja.nair1591@example.com,Vadodara,Gujarat,Tier 2,2022-03-11
CUST01592,Shreya Patel,Female,37,shreya.patel1592@example.com,Indore,Madhya Pradesh,Tier 2,2024-11-07
CUST01593,Anjali Iyer,Female,42,anjali.iyer1593@example.com,Mumbai,Maharashtra,Tier 1,2024-04-04
CUST01594,Divya Gupta,Female,30,divya.gupta1594@example.com,Bangalore,Karnataka,Tier 1,2022-04-20
CUST01595,Manoj Kumar,Male,31,manoj.kumar1595@example.com,Sagar,Madhya Pradesh,Tier 3,2023-06-28
CUST01596,Neha Singh,Female,35,neha.singh1596@example.com,Ratlam,Madhya Pradesh,Tier 3,2022-02-26
CUST01597,Divya Iyer,Female,42,divya.iyer1597@example.com,Kolkata,West Bengal,Tier 1,2022-12-09
CUST01598,Sanjay Verma,Male,30,sanjay.verma1598@example.com,Mumbai,Maharashtra,Tier 1,2024-07-17
CUST01599,Divya Patel,Female,51,divya.patel1599@example.com,Bangalore,Karnataka,Tier 1,2023-08-19
CUST01600,Shreya Joshi,Female,19,shreya.joshi1600@example.com,Vadodara,Gujarat,Tier 2,2023-09-14
CUST01601,Karan Verma,Male,29,karan.verma1601@example.com,Delhi,Delhi,Tier 1,2023-08-07
CUST01602,Suresh Nair,Male,24,suresh.nair1602@example.com,Bangalore,Karnataka,Tier 1,2023-03-12
CUST01603,Shreya Reddy,Female,46,shreya.reddy1603@example.com,Hisar,Haryana,Tier 3,2022-07-13
CUST01604,Deepak Patel,Male,39,deepak.patel1604@example.com,Delhi,Delhi,Tier 1,2024-07-03
CUST01605,Anjali Singh,Female,46,anjali.singh1605@example.com,Rajkot,Gujarat,Tier 2,2024-05-11
CUST01606,Ritu Joshi,Female,30,ritu.joshi1606@example.com,Delhi,Delhi,Tier 1,2024-04-12
CUST01607,Meera Gupta,Female,31,meera.gupta1607@example.com,Kolkata,West Bengal,Tier 1,2023-06-30
CUST01608,Manoj Iyer,Male,25,manoj.iyer1608@example.com,Bhavnagar,Gujarat,Tier 3,2022-01-05
CUST01609,Kavita Nair,Female,22,kavita.nair1609@example.com,Mumbai,Maharashtra,Tier 1,2024-11-02
CUST01610,Neha Kumar,Female,25,neha.kumar1610@example.com,Indore,Madhya Pradesh,Tier 2,2023-11-29
CUST01611,Manoj Verma,Male,44,manoj.verma1611@example.com,Aurangabad,Maharashtra,Tier 2,2024-06-16
CUST01612,Kavita Iyer,Female,18,kavita.iyer1612@example.com,Pune,Maharashtra,Tier 1,2024-09-23
CUST01613,Amit Gupta,Male,22,amit.gupta1613@example.com,Pune,Maharashtra,Tier 1,2024-09-12
CUST01614,Vikram Patel,Male,33,vikram.patel1614@example.com,Bhopal,Madhya Pradesh,Tier 2,2022-11-25
CUST01615,Ritu Joshi,Female,19,ritu.joshi1615@example.com,Hyderabad,Telangana,Tier 1,2024-09-23
CUST01616,Pooja Gupta,Female,33,pooja.gupta1616@example.com,Jodhpur,Rajasthan,Tier 2,2023-01-01
CUST01617,Sneha Joshi,Female,33,sneha.joshi1617@example.com,Pune,Maharashtra,Tier 1,2024-01-30
CUST01618,Ritu Singh,Female,34,ritu.singh1618@example.com,Amritsar,Punjab,Tier 2,2022-09-12
CUST01619,Manoj Nair,Male,18,manoj.nair1619@example.com,Indore,Madhya Pradesh,Tier 2,2023-12-11
CUST01620,Suresh Sharma,Male,30,suresh.sharma1620@example.com,Aurangabad,Maharashtra,Tier 2,2023-02-25
CUST01621,Rahul Nair,Male,28,rahul.nair1621@example.com,Ratlam,Madhya Pradesh,Tier 3,2023-05-11
CUST01622,Suresh Sharma,Male,18,suresh.sharma1622@example.com,Ratlam,Madhya Pradesh,Tier 3,2023-04-06
CUST01623,Shreya Reddy,Female,28,shreya.reddy1623@example.com,Delhi,Delhi,Tier 1,2024-09-16
CUST01624,Ritu Reddy,Female,45,ritu.reddy1624@example.com,Amritsar,Punjab,Tier 2,2024-03-31
CUST01625,Meera Gupta,Female,43,meera.gupta1625@example.com,Hyderabad,Telangana,Tier 1,2022-10-27
CUST01626,Sanjay Patel,Male,29,sanjay.patel1626@example.com,Ambala,Haryana,Tier 3,2023-06-08
CUST01627,Kavita Reddy,Female,42,kavita.reddy1627@example.com,Delhi,Delhi,Tier 1,2024-01-26
CUST01628,Neha Patel,Female,28,neha.patel1628@example.com,Delhi,Delhi,Tier 1,2024-05-27
CUST01629,Rahul Patel,Male,33,rahul.patel1629@example.com,Mumbai,Maharashtra,Tier 1,2023-09-07
CUST01630,Ritu Patel,Female,35,ritu.patel1630@example.com,Pune,Maharashtra,Tier 1,2023-02-26
CUST01631,Karan Iyer,Male,37,karan.iyer1631@example.com,Mumbai,Maharashtra,Tier 1,2023-06-29
CUST01632,Shreya Patel,Female,20,shreya.patel1632@example.com,Shillong,Meghalaya,Tier 3,2022-11-03
CUST01633,Meera Iyer,Female,25,meera.iyer1633@example.com,Hyderabad,Telangana,Tier 1,2023-01-12
CUST01634,Pooja Patel,Female,22,pooja.patel1634@example.com,Hyderabad,Telangana,Tier 1,2022-07-01
CUST01635,Manoj Iyer,Male,42,manoj.iyer1635@example.com,Hyderabad,Telangana,Tier 1,2024-10-10
CUST01636,Deepak Kumar,Male,27,deepak.kumar1636@example.com,Kolkata,West Bengal,Tier 1,2023-07-27
CUST01637,Priya Sharma,Female,42,priya.sharma1637@example.com,Karimnagar,Telangana,Tier 3,2024-07-27
CUST01638,Kavita Verma,Female,25,kavita.verma1638@example.com,Chennai,Tamil Nadu,Tier 1,2023-03-05
CUST01639,Anjali Patel,Female,29,anjali.patel1639@example.com,Chennai,Tamil Nadu,Tier 1,2024-11-17
CUST01640,Divya Nair,Female,18,divya.nair1640@example.com,Pune,Maharashtra,Tier 1,2023-01-03
CUST01641,Rohan Iyer,Male,40,rohan.iyer1641@example.com,Akola,Maharashtra,Tier 3,2024-05-05
CUST01642,Deepak Joshi,Male,33,deepak.joshi1642@example.com,Pune,Maharashtra,Tier 1,2023-07-15
CUST01643,Arjun Nair,Male,47,arjun.nair1643@example.com,Bangalore,Karnataka,Tier 1,2024-07-07
CUST01644,Sanjay Iyer,Male,25,sanjay.iyer1644@example.com,Kolkata,West Bengal,Tier 1,2022-07-18
CUST01645,Shreya Singh,Female,34,shreya.singh1645@example.com,Chennai,Tamil Nadu,Tier 1,2023-04-17
CUST01646,Sneha Kumar,Female,28,sneha.kumar1646@example.com,Aurangabad,Maharashtra,Tier 2,2023-07-14
CUST01647,Manoj Kumar,Male,37,manoj.kumar1647@example.com,Delhi,Delhi,Tier 1,2023-11-20
CUST01648,Priya Iyer,Female,46,priya.iyer1648@example.com,Shillong,Meghalaya,Tier 3,2024-06-29
CUST01649,Manoj Sharma,Male,29,manoj.sharma1649@example.com,Chennai,Tamil Nadu,Tier 1,2024-08-17
CUST01650,Shreya Sharma,Female,18,shreya.sharma1650@example.com,Ambala,Haryana,Tier 3,2024-05-03
CUST01651,Anjali Patel,Female,25,anjali.patel1651@example.com,Rewa,Madhya Pradesh,Tier 3,2024-01-24
CUST01652,Suresh Kumar,Male,31,suresh.kumar1652@example.com,Ranchi,Jharkhand,Tier 2,2023-12-09
CUST01653,Sneha Kumar,Female,27,sneha.kumar1653@example.com,Bhavnagar,Gujarat,Tier 3,2022-07-26
CUST01654,Manoj Patel,Male,40,manoj.patel1654@example.com,Mumbai,Maharashtra,Tier 1,2024-10-06
CUST01655,Sanjay Singh,Male,23,sanjay.singh1655@example.com,Bilaspur,Chhattisgarh,Tier 3,2023-02-07
CUST01656,Suresh Gupta,Male,26,suresh.gupta1656@example.com,Kolkata,West Bengal,Tier 1,2024-05-17
CUST01657,Deepak Sharma,Male,18,deepak.sharma1657@example.com,Rajkot,Gujarat,Tier 2,2022-01-19
CUST01658,Vikram Joshi,Male,30,vikram.joshi1658@example.com,Bangalore,Karnataka,Tier 1,2023-08-03
CUST01659,Sanjay Reddy,Male,31,sanjay.reddy1659@example.com,Kolkata,West Bengal,Tier 1,2022-11-21
CUST01660,Pooja Iyer,Female,30,pooja.iyer1660@example.com,Kolkata,West Bengal,Tier 1,2022-08-19
CUST01661,Rohan Joshi,Male,25,rohan.joshi1661@example.com,Shillong,Meghalaya,Tier 3,2023-01-29
CUST01662,Priya Kumar,Female,20,priya.kumar1662@example.com,Raipur,Chhattisgarh,Tier 2,2023-01-27
CUST01663,Rahul Patel,Male,24,rahul.patel1663@example.com,Kolkata,West Bengal,Tier 1,2024-05-30
CUST01664,Divya Kumar,Female,26,divya.kumar1664@example.com,Hyderabad,Telangana,Tier 1,2022-03-10
CUST01665,Karan Reddy,Male,38,karan.reddy1665@example.com,Hyderabad,Telangana,Tier 1,2023-04-24
CUST01666,Neha Nair,Female,30,neha.nair1666@example.com,Rajkot,Gujarat,Tier 2,2022-05-27
CUST01667,Suresh Iyer,Male,30,suresh.iyer1667@example.com,Karimnagar,Telangana,Tier 3,2024-10-12
CUST01668,Meera Sharma,Female,40,meera.sharma1668@example.com,Aurangabad,Maharashtra,Tier 2,2022-04-05
CUST01669,Ritu Joshi,Female,31,ritu.joshi1669@example.com,Akola,Maharashtra,Tier 3,2024-06-15
CUST01670,Kavita Kumar,Female,45,kavita.kumar1670@example.com,Ambala,Haryana,Tier 3,2022-03-21
CUST01671,Suresh Joshi,Male,32,suresh.joshi1671@example.com,Rewa,Madhya Pradesh,Tier 3,2024-09-09
CUST01672,Pooja Joshi,Female,26,pooja.joshi1672@example.com,Karimnagar,Telangana,Tier 3,2023-09-24
CUST01673,Neha Singh,Female,32,neha.singh1673@example.com,Coimbatore,Tamil Nadu,Tier 2,2022-01-19
CUST01674,Rahul Verma,Male,26,rahul.verma1674@example.com,Chennai,Tamil Nadu,Tier 1,2023-10-01
CUST01675,Anjali Nair,Female,31,anjali.nair1675@example.com,Mumbai,Maharashtra,Tier 1,2022-02-24
CUST01676,Kavita Gupta,Female,41,kavita.gupta1676@example.com,Indore,Madhya Pradesh,Tier 2,2023-01-08
CUST01677,Sneha Gupta,Female,29,sneha.gupta1677@example.com,Raipur,Chhattisgarh,Tier 2,2022-07-20
CUST01678,Manoj Verma,Male,32,manoj.verma1678@example.com,Mumbai,Maharashtra,Tier 1,2023-07-29
CUST01679,Manoj Verma,Male,34,manoj.verma1679@example.com,Nagpur,Maharashtra,Tier 2,2024-11-08
CUST01680,Amit Joshi,Male,18,amit.joshi1680@example.com,Raipur,Chhattisgarh,Tier 2,2023-02-28
CUST01681,Shreya Patel,Female,27,shreya.patel1681@example.com,Delhi,Delhi,Tier 1,2022-07-23
CUST01682,Suresh Kumar,Male,29,suresh.kumar1682@example.com,Mumbai,Maharashtra,Tier 1,2023-12-24
CUST01683,Sanjay Kumar,Male,34,sanjay.kumar1683@example.com,Rajkot,Gujarat,Tier 2,2023-06-13
CUST01684,Kavita Kumar,Female,35,kavita.kumar1684@example.com,Kolkata,West Bengal,Tier 1,2023-10-03
CUST01685,Suresh Sharma,Male,33,suresh.sharma1685@example.com,Delhi,Delhi,Tier 1,2022-09-09
CUST01686,Kavita Sharma,Female,18,kavita.sharma1686@example.com,Karimnagar,Telangana,Tier 3,2023-12-26
CUST01687,Neha Iyer,Female,26,neha.iyer1687@example.com,Bangalore,Karnataka,Tier 1,2023-10-03
CUST01688,Pooja Joshi,Female,28,pooja.joshi1688@example.com,Mumbai,Maharashtra,Tier 1,2022-04-13
CUST01689,Sanjay Verma,Male,40,sanjay.verma1689@example.com,Aurangabad,Maharashtra,Tier 2,2024-11-16
CUST01690,Pooja Joshi,Female,43,pooja.joshi1690@example.com,Bhavnagar,Gujarat,Tier 3,2023-03-04
CUST01691,Sanjay Kumar,Male,31,sanjay.kumar1691@example.com,Amritsar,Punjab,Tier 2,2024-07-20
CUST01692,Amit Verma,Male,24,amit.verma1692@example.com,Mumbai,Maharashtra,Tier 1,2023-12-14
CUST01693,Divya Sharma,Female,39,divya.sharma1693@example.com,Chennai,Tamil Nadu,Tier 1,2023-07-01
CUST01694,Rahul Sharma,Male,58,rahul.sharma1694@example.com,Rajkot,Gujarat,Tier 2,2022-06-16
CUST01695,Sneha Patel,Female,27,sneha.patel1695@example.com,Ambala,Haryana,Tier 3,2023-02-13
CUST01696,Ritu Joshi,Female,25,ritu.joshi1696@example.com,Pune,Maharashtra,Tier 1,2024-06-11
CUST01697,Divya Reddy,Female,29,divya.reddy1697@example.com,Mumbai,Maharashtra,Tier 1,2022-03-09
CUST01698,Deepak Gupta,Male,34,deepak.gupta1698@example.com,Aurangabad,Maharashtra,Tier 2,2022-05-20
CUST01699,Divya Verma,Female,45,divya.verma1699@example.com,Latur,Maharashtra,Tier 3,2022-06-27
CUST01700,Kavita Kumar,Female,32,kavita.kumar1700@example.com,Jodhpur,Rajasthan,Tier 2,2022-05-02
CUST01701,Amit Singh,Male,42,amit.singh1701@example.com,Karimnagar,Telangana,Tier 3,2022-11-23
CUST01702,Anjali Iyer,Female,40,anjali.iyer1702@example.com,Ranchi,Jharkhand,Tier 2,2023-05-18
CUST01703,Vikram Nair,Male,34,vikram.nair1703@example.com,Vadodara,Gujarat,Tier 2,2023-12-11
CUST01704,Pooja Kumar,Female,31,pooja.kumar1704@example.com,Mumbai,Maharashtra,Tier 1,2023-02-22
CUST01705,Anjali Singh,Female,30,anjali.singh1705@example.com,Shillong,Meghalaya,Tier 3,2022-11-22
CUST01706,Sanjay Gupta,Male,42,sanjay.gupta1706@example.com,Hyderabad,Telangana,Tier 1,2022-08-02
CUST01707,Rohan Sharma,Male,26,rohan.sharma1707@example.com,Bhopal,Madhya Pradesh,Tier 2,2023-05-24
CUST01708,Sanjay Reddy,Male,21,sanjay.reddy1708@example.com,Raipur,Chhattisgarh,Tier 2,2024-10-24
CUST01709,Divya Nair,Female,25,divya.nair1709@example.com,Mumbai,Maharashtra,Tier 1,2023-08-23
CUST01710,Priya Sharma,Female,25,priya.sharma1710@example.com,Kolkata,West Bengal,Tier 1,2023-12-18
CUST01711,Arjun Sharma,Male,19,arjun.sharma1711@example.com,Bangalore,Karnataka,Tier 1,2023-06-20
CUST01712,Rohan Nair,Male,18,rohan.nair1712@example.com,Hyderabad,Telangana,Tier 1,2023-11-19
CUST01713,Manoj Gupta,Male,24,manoj.gupta1713@example.com,Hyderabad,Telangana,Tier 1,2023-09-12
CUST01714,Vikram Iyer,Male,30,vikram.iyer1714@example.com,Indore,Madhya Pradesh,Tier 2,2023-10-29
CUST01715,Sanjay Joshi,Male,25,sanjay.joshi1715@example.com,Amritsar,Punjab,Tier 2,2022-12-21
CUST01716,Vikram Sharma,Male,38,vikram.sharma1716@example.com,Mumbai,Maharashtra,Tier 1,2023-04-19
CUST01717,Suresh Verma,Male,34,suresh.verma1717@example.com,Delhi,Delhi,Tier 1,2023-03-15
CUST01718,Manoj Verma,Male,34,manoj.verma1718@example.com,Hisar,Haryana,Tier 3,2022-03-25
CUST01719,Sanjay Joshi,Male,38,sanjay.joshi1719@example.com,Akola,Maharashtra,Tier 3,2024-11-02
CUST01720,Amit Gupta,Male,21,amit.gupta1720@example.com,Jodhpur,Rajasthan,Tier 2,2024-08-27
CUST01721,Ritu Singh,Female,48,ritu.singh1721@example.com,Hyderabad,Telangana,Tier 1,2022-02-09
CUST01722,Arjun Gupta,Male,18,arjun.gupta1722@example.com,Mumbai,Maharashtra,Tier 1,2023-06-01
CUST01723,Arjun Verma,Male,33,arjun.verma1723@example.com,Nagpur,Maharashtra,Tier 2,2024-04-18
CUST01724,Neha Reddy,Female,20,neha.reddy1724@example.com,Indore,Madhya Pradesh,Tier 2,2023-06-27
CUST01725,Meera Patel,Female,35,meera.patel1725@example.com,Delhi,Delhi,Tier 1,2024-04-18
CUST01726,Manoj Sharma,Male,30,manoj.sharma1726@example.com,Hyderabad,Telangana,Tier 1,2023-06-16
CUST01727,Manoj Reddy,Male,22,manoj.reddy1727@example.com,Delhi,Delhi,Tier 1,2023-04-09
CUST01728,Sanjay Verma,Male,31,sanjay.verma1728@example.com,Bhavnagar,Gujarat,Tier 3,2023-01-30
CUST01729,Vikram Verma,Male,37,vikram.verma1729@example.com,Mumbai,Maharashtra,Tier 1,2024-01-20
CUST01730,Ritu Iyer,Female,37,ritu.iyer1730@example.com,Shillong,Meghalaya,Tier 3,2023-01-04
CUST01731,Rohan Patel,Male,26,rohan.patel1731@example.com,Shillong,Meghalaya,Tier 3,2022-02-18
CUST01732,Meera Iyer,Female,50,meera.iyer1732@example.com,Amritsar,Punjab,Tier 2,2024-09-25
CUST01733,Vikram Joshi,Male,31,vikram.joshi1733@example.com,Karimnagar,Telangana,Tier 3,2023-01-08
CUST01734,Manoj Patel,Male,42,manoj.patel1734@example.com,Pune,Maharashtra,Tier 1,2023-11-13
CUST01735,Shreya Verma,Female,29,shreya.verma1735@example.com,Pune,Maharashtra,Tier 1,2022-03-23
CUST01736,Kavita Reddy,Female,30,kavita.reddy1736@example.com,Amritsar,Punjab,Tier 2,2023-05-29
CUST01737,Rohan Verma,Male,35,rohan.verma1737@example.com,Nagpur,Maharashtra,Tier 2,2023-11-12
CUST01738,Manoj Singh,Male,29,manoj.singh1738@example.com,Chennai,Tamil Nadu,Tier 1,2024-01-13
CUST01739,Sanjay Gupta,Male,28,sanjay.gupta1739@example.com,Rohtak,Haryana,Tier 3,2023-05-08
CUST01740,Rohan Verma,Male,26,rohan.verma1740@example.com,Bangalore,Karnataka,Tier 1,2023-04-16
CUST01741,Divya Patel,Female,26,divya.patel1741@example.com,Bhavnagar,Gujarat,Tier 3,2022-08-12
CUST01742,Rahul Singh,Male,35,rahul.singh1742@example.com,Bhopal,Madhya Pradesh,Tier 2,2022-12-15
CUST01743,Karan Kumar,Male,23,karan.kumar1743@example.com,Rewa,Madhya Pradesh,Tier 3,2024-10-14
CUST01744,Priya Verma,Female,23,priya.verma1744@example.com,Ratlam,Madhya Pradesh,Tier 3,2022-04-07
CUST01745,Deepak Patel,Male,36,deepak.patel1745@example.com,Shillong,Meghalaya,Tier 3,2024-09-19
CUST01746,Sanjay Nair,Male,41,sanjay.nair1746@example.com,Bhopal,Madhya Pradesh,Tier 2,2023-09-03
CUST01747,Rohan Iyer,Male,38,rohan.iyer1747@example.com,Indore,Madhya Pradesh,Tier 2,2023-09-07
CUST01748,Ritu Gupta,Female,39,ritu.gupta1748@example.com,Jodhpur,Rajasthan,Tier 2,2023-12-04
CUST01749,Pooja Verma,Female,33,pooja.verma1749@example.com,Pune,Maharashtra,Tier 1,2022-07-29
CUST01750,Amit Gupta,Male,26,amit.gupta1750@example.com,Ratlam,Madhya Pradesh,Tier 3,2024-02-16
CUST01751,Pooja Reddy,Female,33,pooja.reddy1751@example.com,Pune,Maharashtra,Tier 1,2022-08-18
CUST01752,Sanjay Joshi,Male,37,sanjay.joshi1752@example.com,Delhi,Delhi,Tier 1,2023-05-17
CUST01753,Karan Patel,Male,41,karan.patel1753@example.com,Hisar,Haryana,Tier 3,2024-04-17
CUST01754,Neha Reddy,Female,36,neha.reddy1754@example.com,Coimbatore,Tamil Nadu,Tier 2,2022-09-12
CUST01755,Sanjay Gupta,Male,29,sanjay.gupta1755@example.com,Bangalore,Karnataka,Tier 1,2022-09-28
CUST01756,Sneha Gupta,Female,32,sneha.gupta1756@example.com,Amritsar,Punjab,Tier 2,2024-08-05
CUST01757,Rahul Joshi,Male,18,rahul.joshi1757@example.com,Nashik,Maharashtra,Tier 2,2023-06-09
CUST01758,Neha Verma,Female,18,neha.verma1758@example.com,Mumbai,Maharashtra,Tier 1,2023-03-14
CUST01759,Ritu Patel,Female,34,ritu.patel1759@example.com,Rajkot,Gujarat,Tier 2,2022-12-24
CUST01760,Pooja Kumar,Female,18,pooja.kumar1760@example.com,Kolkata,West Bengal,Tier 1,2023-06-17
CUST01761,Manoj Patel,Male,36,manoj.patel1761@example.com,Chennai,Tamil Nadu,Tier 1,2024-10-10
CUST01762,Amit Reddy,Male,38,amit.reddy1762@example.com,Chennai,Tamil Nadu,Tier 1,2022-01-31
CUST01763,Pooja Joshi,Female,24,pooja.joshi1763@example.com,Ranchi,Jharkhand,Tier 2,2023-08-28
CUST01764,Sneha Sharma,Female,32,sneha.sharma1764@example.com,Hisar,Haryana,Tier 3,2023-05-17
CUST01765,Pooja Gupta,Female,37,pooja.gupta1765@example.com,Pune,Maharashtra,Tier 1,2024-06-04
CUST01766,Shreya Gupta,Female,30,shreya.gupta1766@example.com,Bangalore,Karnataka,Tier 1,2024-04-27
CUST01767,Manoj Sharma,Male,43,manoj.sharma1767@example.com,Jodhpur,Rajasthan,Tier 2,2023-03-08
CUST01768,Rahul Iyer,Male,34,rahul.iyer1768@example.com,Hyderabad,Telangana,Tier 1,2023-05-26
CUST01769,Karan Nair,Male,46,karan.nair1769@example.com,Shillong,Meghalaya,Tier 3,2024-09-14
CUST01770,Anjali Iyer,Female,36,anjali.iyer1770@example.com,Aurangabad,Maharashtra,Tier 2,2023-11-07
CUST01771,Amit Nair,Male,39,amit.nair1771@example.com,Hyderabad,Telangana,Tier 1,2024-04-13
CUST01772,Pooja Patel,Female,35,pooja.patel1772@example.com,Latur,Maharashtra,Tier 3,2024-04-21
CUST01773,Pooja Verma,Female,48,pooja.verma1773@example.com,Nashik,Maharashtra,Tier 2,2023-10-27
CUST01774,Sneha Patel,Female,43,sneha.patel1774@example.com,Latur,Maharashtra,Tier 3,2023-05-21
CUST01775,Shreya Joshi,Female,27,shreya.joshi1775@example.com,Raipur,Chhattisgarh,Tier 2,2024-10-22
CUST01776,Divya Patel,Female,38,divya.patel1776@example.com,Nagpur,Maharashtra,Tier 2,2024-02-02
CUST01777,Neha Singh,Female,37,neha.singh1777@example.com,Shillong,Meghalaya,Tier 3,2023-09-20
CUST01778,Priya Verma,Female,38,priya.verma1778@example.com,Pune,Maharashtra,Tier 1,2024-08-17
CUST01779,Meera Sharma,Female,27,meera.sharma1779@example.com,Aurangabad,Maharashtra,Tier 2,2024-04-24
CUST01780,Sneha Joshi,Female,28,sneha.joshi1780@example.com,Rewa,Madhya Pradesh,Tier 3,2023-06-24
CUST01781,Amit Joshi,Male,24,amit.joshi1781@example.com,Chennai,Tamil Nadu,Tier 1,2022-01-16
CUST01782,Deepak Singh,Male,39,deepak.singh1782@example.com,Ratlam,Madhya Pradesh,Tier 3,2024-01-31
CUST01783,Karan Singh,Male,24,karan.singh1783@example.com,Mumbai,Maharashtra,Tier 1,2023-12-06
CUST01784,Arjun Singh,Male,41,arjun.singh1784@example.com,Hyderabad,Telangana,Tier 1,2023-02-01
CUST01785,Deepak Gupta,Male,18,deepak.gupta1785@example.com,Bhavnagar,Gujarat,Tier 3,2024-09-04
CUST01786,Pooja Nair,Female,29,pooja.nair1786@example.com,Bhavnagar,Gujarat,Tier 3,2022-06-10
CUST01787,Shreya Gupta,Female,31,shreya.gupta1787@example.com,Mumbai,Maharashtra,Tier 1,2024-10-22
CUST01788,Arjun Singh,Male,36,arjun.singh1788@example.com,Shillong,Meghalaya,Tier 3,2024-11-17
CUST01789,Sneha Sharma,Female,39,sneha.sharma1789@example.com,Vadodara,Gujarat,Tier 2,2022-02-25
CUST01790,Kavita Iyer,Female,18,kavita.iyer1790@example.com,Indore,Madhya Pradesh,Tier 2,2023-08-18
CUST01791,Sanjay Nair,Male,35,sanjay.nair1791@example.com,Hisar,Haryana,Tier 3,2022-11-03
CUST01792,Divya Joshi,Female,23,divya.joshi1792@example.com,Pune,Maharashtra,Tier 1,2022-06-30
CUST01793,Rohan Iyer,Male,44,rohan.iyer1793@example.com,Nashik,Maharashtra,Tier 2,2022-03-09
CUST01794,Karan Patel,Male,20,karan.patel1794@example.com,Indore,Madhya Pradesh,Tier 2,2024-11-10
CUST01795,Amit Patel,Male,35,amit.patel1795@example.com,Bangalore,Karnataka,Tier 1,2022-02-08
CUST01796,Vikram Iyer,Male,18,vikram.iyer1796@example.com,Bangalore,Karnataka,Tier 1,2023-04-24
CUST01797,Deepak Sharma,Male,49,deepak.sharma1797@example.com,Bhavnagar,Gujarat,Tier 3,2022-04-11
CUST01798,Meera Patel,Female,28,meera.patel1798@example.com,Bangalore,Karnataka,Tier 1,2023-05-10
CUST01799,Ritu Iyer,Female,36,ritu.iyer1799@example.com,Hisar,Haryana,Tier 3,2024-01-25
CUST01800,Suresh Gupta,Male,28,suresh.gupta1800@example.com,Shillong,Meghalaya,Tier 3,2022-05-20
CUST01801,Rohan Nair,Male,18,rohan.nair1801@example.com,Indore,Madhya Pradesh,Tier 2,2022-09-27
CUST01802,Ritu Joshi,Female,26,ritu.joshi1802@example.com,Ambala,Haryana,Tier 3,2022-02-01
CUST01803,Divya Joshi,Female,37,divya.joshi1803@example.com,Ratlam,Madhya Pradesh,Tier 3,2024-03-23
CUST01804,Divya Kumar,Female,19,divya.kumar1804@example.com,Amritsar,Punjab,Tier 2,2022-01-09
CUST01805,Suresh Patel,Male,44,suresh.patel1805@example.com,Chennai,Tamil Nadu,Tier 1,2024-11-18
CUST01806,Pooja Iyer,Female,39,pooja.iyer1806@example.com,Kolkata,West Bengal,Tier 1,2023-09-24
CUST01807,Priya Patel,Female,45,priya.patel1807@example.com,Ratlam,Madhya Pradesh,Tier 3,2022-12-01
CUST01808,Divya Patel,Female,19,divya.patel1808@example.com,Bangalore,Karnataka,Tier 1,2023-12-21
CUST01809,Deepak Kumar,Male,23,deepak.kumar1809@example.com,Bilaspur,Chhattisgarh,Tier 3,2023-09-18
CUST01810,Vikram Patel,Male,33,vikram.patel1810@example.com,Delhi,Delhi,Tier 1,2024-08-11
CUST01811,Rahul Singh,Male,30,rahul.singh1811@example.com,Delhi,Delhi,Tier 1,2023-07-24
CUST01812,Sanjay Kumar,Male,25,sanjay.kumar1812@example.com,Jodhpur,Rajasthan,Tier 2,2023-06-04
CUST01813,Rohan Nair,Male,27,rohan.nair1813@example.com,Nashik,Maharashtra,Tier 2,2022-08-24
CUST01814,Arjun Singh,Male,30,arjun.singh1814@example.com,Raipur,Chhattisgarh,Tier 2,2023-08-02
CUST01815,Divya Nair,Female,26,divya.nair1815@example.com,Delhi,Delhi,Tier 1,2022-07-23
CUST01816,Anjali Sharma,Female,37,anjali.sharma1816@example.com,Delhi,Delhi,Tier 1,2024-06-23
CUST01817,Neha Iyer,Female,36,neha.iyer1817@example.com,Hyderabad,Telangana,Tier 1,2022-03-03
CUST01818,Rahul Nair,Male,18,rahul.nair1818@example.com,Nashik,Maharashtra,Tier 2,2024-01-13
CUST01819,Sneha Iyer,Female,35,sneha.iyer1819@example.com,Rohtak,Haryana,Tier 3,2022-11-07
CUST01820,Manoj Iyer,Male,23,manoj.iyer1820@example.com,Vadodara,Gujarat,Tier 2,2022-02-16
CUST01821,Sanjay Sharma,Male,30,sanjay.sharma1821@example.com,Ratlam,Madhya Pradesh,Tier 3,2024-09-04
CUST01822,Suresh Sharma,Male,18,suresh.sharma1822@example.com,Delhi,Delhi,Tier 1,2024-02-07
CUST01823,Sanjay Singh,Male,22,sanjay.singh1823@example.com,Karimnagar,Telangana,Tier 3,2024-09-23
CUST01824,Priya Joshi,Female,32,priya.joshi1824@example.com,Indore,Madhya Pradesh,Tier 2,2023-02-01
CUST01825,Manoj Nair,Male,29,manoj.nair1825@example.com,Pune,Maharashtra,Tier 1,2022-11-09
CUST01826,Pooja Sharma,Female,43,pooja.sharma1826@example.com,Sagar,Madhya Pradesh,Tier 3,2023-11-29
CUST01827,Anjali Nair,Female,47,anjali.nair1827@example.com,Akola,Maharashtra,Tier 3,2023-12-17
CUST01828,Sanjay Singh,Male,18,sanjay.singh1828@example.com,Aurangabad,Maharashtra,Tier 2,2024-09-12
CUST01829,Arjun Reddy,Male,28,arjun.reddy1829@example.com,Chennai,Tamil Nadu,Tier 1,2022-04-10
CUST01830,Kavita Reddy,Female,36,kavita.reddy1830@example.com,Delhi,Delhi,Tier 1,2022-09-12
CUST01831,Suresh Singh,Male,20,suresh.singh1831@example.com,Bangalore,Karnataka,Tier 1,2023-06-26
CUST01832,Divya Nair,Female,32,divya.nair1832@example.com,Ratlam,Madhya Pradesh,Tier 3,2022-10-08
CUST01833,Sanjay Reddy,Male,26,sanjay.reddy1833@example.com,Indore,Madhya Pradesh,Tier 2,2024-04-22
CUST01834,Sneha Patel,Female,35,sneha.patel1834@example.com,Kolkata,West Bengal,Tier 1,2023-07-06
CUST01835,Ritu Patel,Female,42,ritu.patel1835@example.com,Raipur,Chhattisgarh,Tier 2,2022-01-27
CUST01836,Vikram Gupta,Male,18,vikram.gupta1836@example.com,Kolkata,West Bengal,Tier 1,2022-06-16
CUST01837,Meera Singh,Female,24,meera.singh1837@example.com,Vadodara,Gujarat,Tier 2,2022-08-17
CUST01838,Anjali Sharma,Female,38,anjali.sharma1838@example.com,Akola,Maharashtra,Tier 3,2023-06-08
CUST01839,Ritu Patel,Female,41,ritu.patel1839@example.com,Hyderabad,Telangana,Tier 1,2022-04-16
CUST01840,Shreya Patel,Female,35,shreya.patel1840@example.com,Chennai,Tamil Nadu,Tier 1,2023-06-18
CUST01841,Karan Kumar,Male,26,karan.kumar1841@example.com,Coimbatore,Tamil Nadu,Tier 2,2023-11-04
CUST01842,Priya Kumar,Female,32,priya.kumar1842@example.com,Ranchi,Jharkhand,Tier 2,2022-04-27
CUST01843,Divya Nair,Female,18,divya.nair1843@example.com,Jodhpur,Rajasthan,Tier 2,2023-07-05
CUST01844,Pooja Sharma,Female,35,pooja.sharma1844@example.com,Pune,Maharashtra,Tier 1,2023-10-08
CUST01845,Suresh Kumar,Male,39,suresh.kumar1845@example.com,Latur,Maharashtra,Tier 3,2023-11-09
CUST01846,Anjali Kumar,Female,45,anjali.kumar1846@example.com,Pune,Maharashtra,Tier 1,2023-03-22
CUST01847,Sanjay Gupta,Male,30,sanjay.gupta1847@example.com,Hyderabad,Telangana,Tier 1,2022-03-11
CUST01848,Suresh Iyer,Male,43,suresh.iyer1848@example.com,Nagpur,Maharashtra,Tier 2,2024-08-01
CUST01849,Shreya Iyer,Female,31,shreya.iyer1849@example.com,Mumbai,Maharashtra,Tier 1,2024-08-03
CUST01850,Sneha Iyer,Female,38,sneha.iyer1850@example.com,Chennai,Tamil Nadu,Tier 1,2022-09-08
CUST01851,Arjun Nair,Male,29,arjun.nair1851@example.com,Pune,Maharashtra,Tier 1,2024-06-16
CUST01852,Suresh Patel,Male,31,suresh.patel1852@example.com,Shillong,Meghalaya,Tier 3,2024-01-29
CUST01853,Vikram Singh,Male,27,vikram.singh1853@example.com,Chennai,Tamil Nadu,Tier 1,2023-05-12
CUST01854,Arjun Patel,Male,47,arjun.patel1854@example.com,Hyderabad,Telangana,Tier 1,2022-05-13
CUST01855,Kavita Reddy,Female,40,kavita.reddy1855@example.com,Latur,Maharashtra,Tier 3,2022-05-01
CUST01856,Priya Kumar,Female,38,priya.kumar1856@example.com,Amritsar,Punjab,Tier 2,2022-01-29
CUST01857,Deepak Gupta,Male,27,deepak.gupta1857@example.com,Rewa,Madhya Pradesh,Tier 3,2022-11-29
CUST01858,Amit Joshi,Male,32,amit.joshi1858@example.com,Kolkata,West Bengal,Tier 1,2024-11-13
CUST01859,Deepak Singh,Male,35,deepak.singh1859@example.com,Kolkata,West Bengal,Tier 1,2022-12-22
CUST01860,Sneha Kumar,Female,41,sneha.kumar1860@example.com,Kolkata,West Bengal,Tier 1,2022-12-17
CUST01861,Anjali Nair,Female,24,anjali.nair1861@example.com,Pune,Maharashtra,Tier 1,2022-10-26
CUST01862,Neha Sharma,Female,29,neha.sharma1862@example.com,Jodhpur,Rajasthan,Tier 2,2024-01-25
CUST01863,Kavita Iyer,Female,40,kavita.iyer1863@example.com,Delhi,Delhi,Tier 1,2024-04-13
CUST01864,Neha Verma,Female,36,neha.verma1864@example.com,Hyderabad,Telangana,Tier 1,2023-05-21
CUST01865,Deepak Gupta,Male,39,deepak.gupta1865@example.com,Sagar,Madhya Pradesh,Tier 3,2024-03-03
CUST01866,Karan Iyer,Male,34,karan.iyer1866@example.com,Coimbatore,Tamil Nadu,Tier 2,2024-01-31
CUST01867,Vikram Sharma,Male,30,vikram.sharma1867@example.com,Mumbai,Maharashtra,Tier 1,2022-10-10
CUST01868,Sneha Singh,Female,37,sneha.singh1868@example.com,Hisar,Haryana,Tier 3,2022-12-22
CUST01869,Shreya Nair,Female,26,shreya.nair1869@example.com,Delhi,Delhi,Tier 1,2024-11-06
CUST01870,Suresh Sharma,Male,37,suresh.sharma1870@example.com,Ratlam,Madhya Pradesh,Tier 3,2022-03-10
CUST01871,Rohan Patel,Male,34,rohan.patel1871@example.com,Pune,Maharashtra,Tier 1,2022-09-24
CUST01872,Rohan Kumar,Male,20,rohan.kumar1872@example.com,Kolkata,West Bengal,Tier 1,2023-11-04
CUST01873,Vikram Verma,Male,38,vikram.verma1873@example.com,Delhi,Delhi,Tier 1,2022-04-25
CUST01874,Amit Sharma,Male,33,amit.sharma1874@example.com,Aurangabad,Maharashtra,Tier 2,2023-11-23
CUST01875,Priya Gupta,Female,39,priya.gupta1875@example.com,Rajkot,Gujarat,Tier 2,2024-05-10
CUST01876,Deepak Joshi,Male,37,deepak.joshi1876@example.com,Indore,Madhya Pradesh,Tier 2,2024-07-16
CUST01877,Anjali Kumar,Female,42,anjali.kumar1877@example.com,Mumbai,Maharashtra,Tier 1,2024-01-07
CUST01878,Suresh Sharma,Male,33,suresh.sharma1878@example.com,Mumbai,Maharashtra,Tier 1,2024-07-09
CUST01879,Amit Joshi,Male,36,amit.joshi1879@example.com,Kolkata,West Bengal,Tier 1,2022-11-28
CUST01880,Vikram Singh,Male,45,vikram.singh1880@example.com,Delhi,Delhi,Tier 1,2023-11-28
CUST01881,Vikram Kumar,Male,37,vikram.kumar1881@example.com,Latur,Maharashtra,Tier 3,2023-01-22
CUST01882,Kavita Patel,Female,33,kavita.patel1882@example.com,Chennai,Tamil Nadu,Tier 1,2022-07-19
CUST01883,Deepak Joshi,Male,24,deepak.joshi1883@example.com,Ranchi,Jharkhand,Tier 2,2022-07-31
CUST01884,Manoj Sharma,Male,32,manoj.sharma1884@example.com,Mumbai,Maharashtra,Tier 1,2023-07-05
CUST01885,Rohan Kumar,Male,29,rohan.kumar1885@example.com,Rohtak,Haryana,Tier 3,2022-09-13
CUST01886,Amit Gupta,Male,28,amit.gupta1886@example.com,Bhavnagar,Gujarat,Tier 3,2023-10-11
CUST01887,Kavita Joshi,Female,34,kavita.joshi1887@example.com,Chennai,Tamil Nadu,Tier 1,2023-04-16
CUST01888,Anjali Patel,Female,24,anjali.patel1888@example.com,Delhi,Delhi,Tier 1,2024-10-06
CUST01889,Ritu Gupta,Female,23,ritu.gupta1889@example.com,Nashik,Maharashtra,Tier 2,2024-04-10
CUST01890,Karan Verma,Male,21,karan.verma1890@example.com,Rohtak,Haryana,Tier 3,2024-09-04
CUST01891,Anjali Iyer,Female,23,anjali.iyer1891@example.com,Kolkata,West Bengal,Tier 1,2023-05-31
CUST01892,Sanjay Singh,Male,34,sanjay.singh1892@example.com,Mumbai,Maharashtra,Tier 1,2024-10-20
CUST01893,Meera Sharma,Female,32,meera.sharma1893@example.com,Pune,Maharashtra,Tier 1,2024-01-27
CUST01894,Divya Verma,Female,23,divya.verma1894@example.com,Akola,Maharashtra,Tier 3,2023-02-05
CUST01895,Divya Joshi,Female,32,divya.joshi1895@example.com,Aurangabad,Maharashtra,Tier 2,2024-09-29
CUST01896,Divya Gupta,Female,37,divya.gupta1896@example.com,Pune,Maharashtra,Tier 1,2023-08-12
CUST01897,Sneha Reddy,Female,34,sneha.reddy1897@example.com,Rohtak,Haryana,Tier 3,2023-03-22
CUST01898,Sanjay Singh,Male,34,sanjay.singh1898@example.com,Delhi,Delhi,Tier 1,2024-07-17
CUST01899,Sanjay Verma,Male,37,sanjay.verma1899@example.com,Bhavnagar,Gujarat,Tier 3,2022-01-17
CUST01900,Meera Verma,Female,53,meera.verma1900@example.com,Aurangabad,Maharashtra,Tier 2,2024-04-21
CUST01901,Karan Reddy,Male,26,karan.reddy1901@example.com,Mumbai,Maharashtra,Tier 1,2024-05-08
CUST01902,Vikram Verma,Male,36,vikram.verma1902@example.com,Pune,Maharashtra,Tier 1,2023-08-15
CUST01903,Arjun Gupta,Male,27,arjun.gupta1903@example.com,Nashik,Maharashtra,Tier 2,2024-10-14
CUST01904,Anjali Gupta,Female,29,anjali.gupta1904@example.com,Chennai,Tamil Nadu,Tier 1,2022-01-21
CUST01905,Sneha Joshi,Female,24,sneha.joshi1905@example.com,Karimnagar,Telangana,Tier 3,2022-08-16
CUST01906,Ritu Singh,Female,26,ritu.singh1906@example.com,Jodhpur,Rajasthan,Tier 2,2023-02-08
CUST01907,Divya Nair,Female,31,divya.nair1907@example.com,Rajkot,Gujarat,Tier 2,2023-03-13
CUST01908,Sanjay Verma,Male,28,sanjay.verma1908@example.com,Rewa,Madhya Pradesh,Tier 3,2024-09-19
CUST01909,Divya Iyer,Female,28,divya.iyer1909@example.com,Indore,Madhya Pradesh,Tier 2,2024-03-23
CUST01910,Rahul Verma,Male,35,rahul.verma1910@example.com,Sagar,Madhya Pradesh,Tier 3,2024-03-24
CUST01911,Amit Iyer,Male,23,amit.iyer1911@example.com,Shillong,Meghalaya,Tier 3,2024-09-17
CUST01912,Vikram Reddy,Male,23,vikram.reddy1912@example.com,Amritsar,Punjab,Tier 2,2024-02-07
CUST01913,Neha Kumar,Female,38,neha.kumar1913@example.com,Chennai,Tamil Nadu,Tier 1,2024-11-13
CUST01914,Amit Nair,Male,30,amit.nair1914@example.com,Jodhpur,Rajasthan,Tier 2,2024-11-26
CUST01915,Pooja Kumar,Female,27,pooja.kumar1915@example.com,Rajkot,Gujarat,Tier 2,2023-05-23
CUST01916,Divya Nair,Female,31,divya.nair1916@example.com,Amritsar,Punjab,Tier 2,2022-03-27
CUST01917,Meera Nair,Female,29,meera.nair1917@example.com,Bangalore,Karnataka,Tier 1,2022-02-22
CUST01918,Karan Verma,Male,24,karan.verma1918@example.com,Latur,Maharashtra,Tier 3,2023-03-09
CUST01919,Kavita Reddy,Female,26,kavita.reddy1919@example.com,Karimnagar,Telangana,Tier 3,2022-04-10
CUST01920,Priya Sharma,Female,35,priya.sharma1920@example.com,Rajkot,Gujarat,Tier 2,2024-07-27
CUST01921,Neha Iyer,Female,30,neha.iyer1921@example.com,Delhi,Delhi,Tier 1,2023-04-08
CUST01922,Suresh Reddy,Male,34,suresh.reddy1922@example.com,Hyderabad,Telangana,Tier 1,2022-03-25
CUST01923,Manoj Iyer,Male,26,manoj.iyer1923@example.com,Hyderabad,Telangana,Tier 1,2023-01-23
CUST01924,Divya Nair,Female,35,divya.nair1924@example.com,Ambala,Haryana,Tier 3,2024-06-01
CUST01925,Karan Kumar,Male,27,karan.kumar1925@example.com,Bhopal,Madhya Pradesh,Tier 2,2022-05-03
CUST01926,Shreya Singh,Female,35,shreya.singh1926@example.com,Hisar,Haryana,Tier 3,2024-10-18
CUST01927,Priya Sharma,Female,36,priya.sharma1927@example.com,Vadodara,Gujarat,Tier 2,2022-04-28
CUST01928,Vikram Singh,Male,23,vikram.singh1928@example.com,Chennai,Tamil Nadu,Tier 1,2024-07-23
CUST01929,Arjun Reddy,Male,25,arjun.reddy1929@example.com,Bangalore,Karnataka,Tier 1,2022-03-16
CUST01930,Kavita Singh,Female,35,kavita.singh1930@example.com,Akola,Maharashtra,Tier 3,2023-01-07
CUST01931,Priya Gupta,Female,36,priya.gupta1931@example.com,Hyderabad,Telangana,Tier 1,2024-03-28
CUST01932,Suresh Joshi,Male,34,suresh.joshi1932@example.com,Delhi,Delhi,Tier 1,2023-06-05
CUST01933,Suresh Verma,Male,19,suresh.verma1933@example.com,Mumbai,Maharashtra,Tier 1,2022-04-11
CUST01934,Rahul Nair,Male,41,rahul.nair1934@example.com,Nashik,Maharashtra,Tier 2,2024-01-23
CUST01935,Sanjay Reddy,Male,18,sanjay.reddy1935@example.com,Bangalore,Karnataka,Tier 1,2023-07-09
CUST01936,Sneha Sharma,Female,39,sneha.sharma1936@example.com,Jodhpur,Rajasthan,Tier 2,2024-07-13
CUST01937,Shreya Sharma,Female,29,shreya.sharma1937@example.com,Pune,Maharashtra,Tier 1,2023-10-09
CUST01938,Shreya Reddy,Female,24,shreya.reddy1938@example.com,Bangalore,Karnataka,Tier 1,2024-10-02
CUST01939,Sanjay Verma,Male,32,sanjay.verma1939@example.com,Bangalore,Karnataka,Tier 1,2024-04-29
CUST01940,Arjun Iyer,Male,40,arjun.iyer1940@example.com,Pune,Maharashtra,Tier 1,2022-04-26
CUST01941,Neha Joshi,Female,22,neha.joshi1941@example.com,Rohtak,Haryana,Tier 3,2023-01-14
CUST01942,Ritu Gupta,Female,18,ritu.gupta1942@example.com,Bangalore,Karnataka,Tier 1,2023-09-10
CUST01943,Deepak Gupta,Male,18,deepak.gupta1943@example.com,Hisar,Haryana,Tier 3,2022-11-05
CUST01944,Priya Kumar,Female,21,priya.kumar1944@example.com,Rewa,Madhya Pradesh,Tier 3,2022-10-13
CUST01945,Pooja Joshi,Female,22,pooja.joshi1945@example.com,Jodhpur,Rajasthan,Tier 2,2022-03-04
CUST01946,Manoj Verma,Male,28,manoj.verma1946@example.com,Shillong,Meghalaya,Tier 3,2023-10-01
CUST01947,Sneha Verma,Female,32,sneha.verma1947@example.com,Chennai,Tamil Nadu,Tier 1,2023-04-21
CUST01948,Ritu Gupta,Female,18,ritu.gupta1948@example.com,Jodhpur,Rajasthan,Tier 2,2024-04-14
CUST01949,Suresh Nair,Male,41,suresh.nair1949@example.com,Nashik,Maharashtra,Tier 2,2023-01-02
CUST01950,Meera Singh,Female,28,meera.singh1950@example.com,Vadodara,Gujarat,Tier 2,2024-05-21
CUST01951,Ritu Kumar,Female,21,ritu.kumar1951@example.com,Sagar,Madhya Pradesh,Tier 3,2024-02-14
CUST01952,Meera Patel,Female,37,meera.patel1952@example.com,Chennai,Tamil Nadu,Tier 1,2023-02-07
CUST01953,Manoj Iyer,Male,28,manoj.iyer1953@example.com,Nagpur,Maharashtra,Tier 2,2022-07-29
CUST01954,Sneha Nair,Female,27,sneha.nair1954@example.com,Delhi,Delhi,Tier 1,2024-03-03
CUST01955,Shreya Sharma,Female,23,shreya.sharma1955@example.com,Jodhpur,Rajasthan,Tier 2,2022-04-29
CUST01956,Arjun Iyer,Male,21,arjun.iyer1956@example.com,Chennai,Tamil Nadu,Tier 1,2022-11-20
CUST01957,Vikram Kumar,Male,40,vikram.kumar1957@example.com,Bhopal,Madhya Pradesh,Tier 2,2022-10-11
CUST01958,Ritu Singh,Female,36,ritu.singh1958@example.com,Kolkata,West Bengal,Tier 1,2022-12-05
CUST01959,Karan Kumar,Male,40,karan.kumar1959@example.com,Akola,Maharashtra,Tier 3,2022-04-15
CUST01960,Neha Kumar,Female,31,neha.kumar1960@example.com,Kolkata,West Bengal,Tier 1,2024-02-02
CUST01961,Karan Gupta,Male,37,karan.gupta1961@example.com,Pune,Maharashtra,Tier 1,2023-01-14
CUST01962,Rohan Sharma,Male,30,rohan.sharma1962@example.com,Mumbai,Maharashtra,Tier 1,2022-08-13
CUST01963,Divya Iyer,Female,20,divya.iyer1963@example.com,Sagar,Madhya Pradesh,Tier 3,2022-08-24
CUST01964,Ritu Sharma,Female,39,ritu.sharma1964@example.com,Chennai,Tamil Nadu,Tier 1,2023-09-15
CUST01965,Suresh Patel,Male,45,suresh.patel1965@example.com,Sagar,Madhya Pradesh,Tier 3,2024-01-19
CUST01966,Sneha Nair,Female,35,sneha.nair1966@example.com,Nagpur,Maharashtra,Tier 2,2022-10-16
CUST01967,Sanjay Sharma,Male,32,sanjay.sharma1967@example.com,Delhi,Delhi,Tier 1,2023-12-10
CUST01968,Arjun Joshi,Male,23,arjun.joshi1968@example.com,Mumbai,Maharashtra,Tier 1,2022-05-17
CUST01969,Karan Singh,Male,41,karan.singh1969@example.com,Bangalore,Karnataka,Tier 1,2023-03-13
CUST01970,Karan Patel,Male,21,karan.patel1970@example.com,Amritsar,Punjab,Tier 2,2024-10-28
CUST01971,Manoj Nair,Male,27,manoj.nair1971@example.com,Delhi,Delhi,Tier 1,2023-11-06
CUST01972,Divya Verma,Female,43,divya.verma1972@example.com,Mumbai,Maharashtra,Tier 1,2022-12-14
CUST01973,Arjun Singh,Male,47,arjun.singh1973@example.com,Delhi,Delhi,Tier 1,2024-01-18
CUST01974,Pooja Reddy,Female,30,pooja.reddy1974@example.com,Kolkata,West Bengal,Tier 1,2023-03-20
CUST01975,Amit Patel,Male,26,amit.patel1975@example.com,Delhi,Delhi,Tier 1,2023-02-09
CUST01976,Divya Reddy,Female,29,divya.reddy1976@example.com,Coimbatore,Tamil Nadu,Tier 2,2022-04-25
CUST01977,Sanjay Nair,Male,30,sanjay.nair1977@example.com,Vadodara,Gujarat,Tier 2,2022-03-06
CUST01978,Arjun Nair,Male,25,arjun.nair1978@example.com,Bangalore,Karnataka,Tier 1,2024-08-26
CUST01979,Pooja Kumar,Female,39,pooja.kumar1979@example.com,Karimnagar,Telangana,Tier 3,2022-07-14
CUST01980,Arjun Iyer,Male,35,arjun.iyer1980@example.com,Kolkata,West Bengal,Tier 1,2022-08-05
CUST01981,Sneha Sharma,Female,27,sneha.sharma1981@example.com,Raipur,Chhattisgarh,Tier 2,2023-09-22
CUST01982,Rahul Gupta,Male,18,rahul.gupta1982@example.com,Pune,Maharashtra,Tier 1,2024-04-03
CUST01983,Sneha Singh,Female,35,sneha.singh1983@example.com,Bangalore,Karnataka,Tier 1,2022-02-25
CUST01984,Deepak Gupta,Male,34,deepak.gupta1984@example.com,Amritsar,Punjab,Tier 2,2024-03-13
CUST01985,Priya Reddy,Female,25,priya.reddy1985@example.com,Rajkot,Gujarat,Tier 2,2024-05-04
CUST01986,Anjali Gupta,Female,30,anjali.gupta1986@example.com,Bangalore,Karnataka,Tier 1,2024-04-22
CUST01987,Vikram Iyer,Male,32,vikram.iyer1987@example.com,Vadodara,Gujarat,Tier 2,2022-07-11
CUST01988,Ritu Sharma,Female,29,ritu.sharma1988@example.com,Pune,Maharashtra,Tier 1,2023-07-21
CUST01989,Sanjay Iyer,Male,32,sanjay.iyer1989@example.com,Rewa,Madhya Pradesh,Tier 3,2023-07-28
CUST01990,Kavita Reddy,Female,36,kavita.reddy1990@example.com,Raipur,Chhattisgarh,Tier 2,2024-10-01
CUST01991,Vikram Kumar,Male,18,vikram.kumar1991@example.com,Kolkata,West Bengal,Tier 1,2022-12-11
CUST01992,Arjun Reddy,Male,30,arjun.reddy1992@example.com,Ranchi,Jharkhand,Tier 2,2023-09-18
CUST01993,Divya Sharma,Female,25,divya.sharma1993@example.com,Jodhpur,Rajasthan,Tier 2,2022-08-11
CUST01994,Sanjay Patel,Male,32,sanjay.patel1994@example.com,Latur,Maharashtra,Tier 3,2022-12-23
CUST01995,Pooja Kumar,Female,48,pooja.kumar1995@example.com,Mumbai,Maharashtra,Tier 1,2024-05-08
CUST01996,Amit Patel,Male,33,amit.patel1996@example.com,Nashik,Maharashtra,Tier 2,2022-08-28
CUST01997,Manoj Reddy,Male,38,manoj.reddy1997@example.com,Delhi,Delhi,Tier 1,2024-04-01
CUST01998,Divya Iyer,Female,53,divya.iyer1998@example.com,Kolkata,West Bengal,Tier 1,2022-04-09
CUST01999,Suresh Patel,Male,40,suresh.patel1999@example.com,Shillong,Meghalaya,Tier 3,2024-04-18
CUST02000,Sneha Gupta,Female,50,sneha.gupta2000@example.com,Amritsar,Punjab,Tier 2,2024-10-06
CUST02001,Kavita Patel,Female,45,kavita.patel2001@example.com,Mumbai,Maharashtra,Tier 1,2023-01-27
CUST02002,Shreya Gupta,Female,27,shreya.gupta2002@example.com,Aurangabad,Maharashtra,Tier 2,2024-03-20
CUST02003,Deepak Joshi,Male,39,deepak.joshi2003@example.com,Mumbai,Maharashtra,Tier 1,2024-01-22
CUST02004,Amit Iyer,Male,31,amit.iyer2004@example.com,Pune,Maharashtra,Tier 1,2023-09-27
CUST02005,Neha Sharma,Female,32,neha.sharma2005@example.com,Sagar,Madhya Pradesh,Tier 3,2022-01-20
CUST02006,Shreya Kumar,Female,34,shreya.kumar2006@example.com,Aurangabad,Maharashtra,Tier 2,2022-06-15
CUST02007,Arjun Patel,Male,40,arjun.patel2007@example.com,Delhi,Delhi,Tier 1,2024-05-10
CUST02008,Rahul Nair,Male,28,rahul.nair2008@example.com,Chennai,Tamil Nadu,Tier 1,2023-08-08
CUST02009,Divya Verma,Female,38,divya.verma2009@example.com,Hyderabad,Telangana,Tier 1,2023-11-19
CUST02010,Rohan Kumar,Male,30,rohan.kumar2010@example.com,Sagar,Madhya Pradesh,Tier 3,2022-08-12
CUST02011,Ritu Patel,Female,25,ritu.patel2011@example.com,Bangalore,Karnataka,Tier 1,2022-08-24
CUST02012,Manoj Gupta,Male,31,manoj.gupta2012@example.com,Hyderabad,Telangana,Tier 1,2022-07-01
CUST02013,Pooja Reddy,Female,43,pooja.reddy2013@example.com,Kolkata,West Bengal,Tier 1,2022-07-29
CUST02014,Neha Sharma,Female,27,neha.sharma2014@example.com,Bhopal,Madhya Pradesh,Tier 2,2024-01-26
CUST02015,Pooja Joshi,Female,32,pooja.joshi2015@example.com,Vadodara,Gujarat,Tier 2,2023-01-29
CUST02016,Arjun Joshi,Male,41,arjun.joshi2016@example.com,Hisar,Haryana,Tier 3,2022-05-13
CUST02017,Anjali Sharma,Female,18,anjali.sharma2017@example.com,Pune,Maharashtra,Tier 1,2022-08-09
CUST02018,Arjun Reddy,Male,33,arjun.reddy2018@example.com,Hyderabad,Telangana,Tier 1,2024-02-27
CUST02019,Karan Reddy,Male,22,karan.reddy2019@example.com,Pune,Maharashtra,Tier 1,2022-02-08
CUST02020,Anjali Verma,Female,49,anjali.verma2020@example.com,Pune,Maharashtra,Tier 1,2024-11-23
CUST02021,Rahul Singh,Male,18,rahul.singh2021@example.com,Chennai,Tamil Nadu,Tier 1,2024-06-08
CUST02022,Kavita Joshi,Female,25,kavita.joshi2022@example.com,Sagar,Madhya Pradesh,Tier 3,2023-12-02
CUST02023,Rahul Kumar,Male,34,rahul.kumar2023@example.com,Pune,Maharashtra,Tier 1,2022-05-08
CUST02024,Sneha Reddy,Female,33,sneha.reddy2024@example.com,Chennai,Tamil Nadu,Tier 1,2024-05-01
CUST02025,Neha Nair,Female,25,neha.nair2025@example.com,Amritsar,Punjab,Tier 2,2022-02-14
CUST02026,Suresh Patel,Male,32,suresh.patel2026@example.com,Latur,Maharashtra,Tier 3,2022-08-16
CUST02027,Kavita Iyer,Female,34,kavita.iyer2027@example.com,Ranchi,Jharkhand,Tier 2,2022-09-24
CUST02028,Arjun Nair,Male,32,arjun.nair2028@example.com,Bhopal,Madhya Pradesh,Tier 2,2024-09-22
CUST02029,Suresh Verma,Male,22,suresh.verma2029@example.com,Aurangabad,Maharashtra,Tier 2,2024-05-21
CUST02030,Vikram Iyer,Male,32,vikram.iyer2030@example.com,Nashik,Maharashtra,Tier 2,2023-08-17
CUST02031,Kavita Reddy,Female,31,kavita.reddy2031@example.com,Kolkata,West Bengal,Tier 1,2022-03-24
CUST02032,Shreya Kumar,Female,18,shreya.kumar2032@example.com,Rewa,Madhya Pradesh,Tier 3,2023-11-20
CUST02033,Ritu Patel,Female,19,ritu.patel2033@example.com,Chennai,Tamil Nadu,Tier 1,2024-04-18
CUST02034,Neha Nair,Female,28,neha.nair2034@example.com,Ratlam,Madhya Pradesh,Tier 3,2022-10-20
CUST02035,Priya Gupta,Female,26,priya.gupta2035@example.com,Ambala,Haryana,Tier 3,2022-11-07
CUST02036,Rohan Patel,Male,37,rohan.patel2036@example.com,Delhi,Delhi,Tier 1,2024-06-08
CUST02037,Sneha Patel,Female,20,sneha.patel2037@example.com,Latur,Maharashtra,Tier 3,2024-11-01
CUST02038,Ritu Verma,Female,40,ritu.verma2038@example.com,Raipur,Chhattisgarh,Tier 2,2023-10-15
CUST02039,Sanjay Singh,Male,35,sanjay.singh2039@example.com,Hisar,Haryana,Tier 3,2022-08-17
CUST02040,Divya Iyer,Female,36,divya.iyer2040@example.com,Raipur,Chhattisgarh,Tier 2,2024-06-27
CUST02041,Amit Singh,Male,47,amit.singh2041@example.com,Indore,Madhya Pradesh,Tier 2,2023-06-11
CUST02042,Suresh Patel,Male,34,suresh.patel2042@example.com,Indore,Madhya Pradesh,Tier 2,2022-01-29
CUST02043,Shreya Joshi,Female,37,shreya.joshi2043@example.com,Bhavnagar,Gujarat,Tier 3,2022-01-16
CUST02044,Deepak Joshi,Male,34,deepak.joshi2044@example.com,Coimbatore,Tamil Nadu,Tier 2,2024-08-24
CUST02045,Anjali Gupta,Female,40,anjali.gupta2045@example.com,Delhi,Delhi,Tier 1,2022-08-17
CUST02046,Arjun Sharma,Male,33,arjun.sharma2046@example.com,Hisar,Haryana,Tier 3,2023-07-27
CUST02047,Karan Singh,Male,31,karan.singh2047@example.com,Bangalore,Karnataka,Tier 1,2023-09-07
CUST02048,Arjun Patel,Male,41,arjun.patel2048@example.com,Chennai,Tamil Nadu,Tier 1,2022-11-20
CUST02049,Sanjay Iyer,Male,34,sanjay.iyer2049@example.com,Mumbai,Maharashtra,Tier 1,2022-06-14
CUST02050,Shreya Sharma,Female,18,shreya.sharma2050@example.com,Hisar,Haryana,Tier 3,2022-07-12
CUST02051,Manoj Iyer,Male,39,manoj.iyer2051@example.com,Nashik,Maharashtra,Tier 2,2023-06-14
CUST02052,Rohan Sharma,Male,39,rohan.sharma2052@example.com,Bangalore,Karnataka,Tier 1,2024-05-18
CUST02053,Kavita Sharma,Female,37,kavita.sharma2053@example.com,Amritsar,Punjab,Tier 2,2023-04-11
CUST02054,Deepak Joshi,Male,28,deepak.joshi2054@example.com,Raipur,Chhattisgarh,Tier 2,2023-05-29
CUST02055,Karan Kumar,Male,36,karan.kumar2055@example.com,Aurangabad,Maharashtra,Tier 2,2024-10-26
CUST02056,Karan Verma,Male,48,karan.verma2056@example.com,Delhi,Delhi,Tier 1,2023-08-24
CUST02057,Vikram Reddy,Male,20,vikram.reddy2057@example.com,Nagpur,Maharashtra,Tier 2,2023-04-13
CUST02058,Neha Verma,Female,30,neha.verma2058@example.com,Aurangabad,Maharashtra,Tier 2,2023-09-24
CUST02059,Ritu Kumar,Female,40,ritu.kumar2059@example.com,Bangalore,Karnataka,Tier 1,2023-06-04
CUST02060,Arjun Verma,Male,33,arjun.verma2060@example.com,Ambala,Haryana,Tier 3,2023-08-21
CUST02061,Meera Gupta,Female,43,meera.gupta2061@example.com,Kolkata,West Bengal,Tier 1,2023-07-12
CUST02062,Ritu Iyer,Female,23,ritu.iyer2062@example.com,Hyderabad,Telangana,Tier 1,2023-08-12
CUST02063,Anjali Reddy,Female,28,anjali.reddy2063@example.com,Rewa,Madhya Pradesh,Tier 3,2024-01-21
CUST02064,Shreya Patel,Female,53,shreya.patel2064@example.com,Kolkata,West Bengal,Tier 1,2023-12-04
CUST02065,Anjali Sharma,Female,30,anjali.sharma2065@example.com,Hyderabad,Telangana,Tier 1,2023-04-22
CUST02066,Divya Gupta,Female,40,divya.gupta2066@example.com,Ranchi,Jharkhand,Tier 2,2023-03-24
CUST02067,Sanjay Nair,Male,38,sanjay.nair2067@example.com,Ambala,Haryana,Tier 3,2024-01-08
CUST02068,Suresh Iyer,Male,32,suresh.iyer2068@example.com,Pune,Maharashtra,Tier 1,2022-01-23
CUST02069,Sanjay Kumar,Male,34,sanjay.kumar2069@example.com,Hyderabad,Telangana,Tier 1,2022-09-06
CUST02070,Suresh Gupta,Male,27,suresh.gupta2070@example.com,Delhi,Delhi,Tier 1,2024-05-07
CUST02071,Sneha Joshi,Female,51,sneha.joshi2071@example.com,Chennai,Tamil Nadu,Tier 1,2022-06-25
CUST02072,Rahul Nair,Male,35,rahul.nair2072@example.com,Latur,Maharashtra,Tier 3,2022-10-29
CUST02073,Ritu Verma,Female,30,ritu.verma2073@example.com,Mumbai,Maharashtra,Tier 1,2023-12-17
CUST02074,Kavita Kumar,Female,26,kavita.kumar2074@example.com,Rajkot,Gujarat,Tier 2,2022-11-10
CUST02075,Deepak Sharma,Male,33,deepak.sharma2075@example.com,Chennai,Tamil Nadu,Tier 1,2023-12-14
CUST02076,Neha Patel,Female,39,neha.patel2076@example.com,Mumbai,Maharashtra,Tier 1,2023-12-01
CUST02077,Amit Reddy,Male,31,amit.reddy2077@example.com,Aurangabad,Maharashtra,Tier 2,2022-09-28
CUST02078,Kavita Joshi,Female,45,kavita.joshi2078@example.com,Shillong,Meghalaya,Tier 3,2024-04-10
CUST02079,Divya Joshi,Female,24,divya.joshi2079@example.com,Raipur,Chhattisgarh,Tier 2,2023-09-20
CUST02080,Neha Gupta,Female,37,neha.gupta2080@example.com,Rewa,Madhya Pradesh,Tier 3,2024-10-06
CUST02081,Manoj Kumar,Male,23,manoj.kumar2081@example.com,Delhi,Delhi,Tier 1,2023-08-17
CUST02082,Karan Nair,Male,27,karan.nair2082@example.com,Kolkata,West Bengal,Tier 1,2024-09-20
CUST02083,Karan Verma,Male,24,karan.verma2083@example.com,Nagpur,Maharashtra,Tier 2,2024-04-18
CUST02084,Sanjay Iyer,Male,28,sanjay.iyer2084@example.com,Mumbai,Maharashtra,Tier 1,2022-10-17
CUST02085,Shreya Iyer,Female,43,shreya.iyer2085@example.com,Pune,Maharashtra,Tier 1,2023-04-12
CUST02086,Ritu Kumar,Female,24,ritu.kumar2086@example.com,Rewa,Madhya Pradesh,Tier 3,2022-03-29
CUST02087,Vikram Sharma,Male,26,vikram.sharma2087@example.com,Mumbai,Maharashtra,Tier 1,2023-01-31
CUST02088,Rahul Gupta,Male,36,rahul.gupta2088@example.com,Delhi,Delhi,Tier 1,2024-05-14
CUST02089,Sanjay Patel,Male,34,sanjay.patel2089@example.com,Nagpur,Maharashtra,Tier 2,2022-01-24
CUST02090,Karan Nair,Male,43,karan.nair2090@example.com,Amritsar,Punjab,Tier 2,2023-10-26
CUST02091,Suresh Iyer,Male,51,suresh.iyer2091@example.com,Sagar,Madhya Pradesh,Tier 3,2023-12-07
CUST02092,Ritu Sharma,Female,35,ritu.sharma2092@example.com,Delhi,Delhi,Tier 1,2024-08-04
CUST02093,Vikram Iyer,Male,37,vikram.iyer2093@example.com,Mumbai,Maharashtra,Tier 1,2024-04-28
CUST02094,Priya Iyer,Female,18,priya.iyer2094@example.com,Hyderabad,Telangana,Tier 1,2024-06-28
CUST02095,Rohan Kumar,Male,34,rohan.kumar2095@example.com,Chennai,Tamil Nadu,Tier 1,2023-07-08
CUST02096,Priya Singh,Female,44,priya.singh2096@example.com,Jodhpur,Rajasthan,Tier 2,2023-01-20
CUST02097,Karan Reddy,Male,18,karan.reddy2097@example.com,Mumbai,Maharashtra,Tier 1,2023-09-26
CUST02098,Shreya Joshi,Female,23,shreya.joshi2098@example.com,Kolkata,West Bengal,Tier 1,2024-08-24
CUST02099,Priya Iyer,Female,35,priya.iyer2099@example.com,Pune,Maharashtra,Tier 1,2024-03-12
CUST02100,Meera Joshi,Female,35,meera.joshi2100@example.com,Hyderabad,Telangana,Tier 1,2024-09-05
CUST02101,Pooja Sharma,Female,31,pooja.sharma2101@example.com,Raipur,Chhattisgarh,Tier 2,2022-06-17
CUST02102,Karan Joshi,Male,18,karan.joshi2102@example.com,Chennai,Tamil Nadu,Tier 1,2022-05-26
CUST02103,Suresh Reddy,Male,22,suresh.reddy2103@example.com,Ratlam,Madhya Pradesh,Tier 3,2022-10-26
CUST02104,Sanjay Joshi,Male,39,sanjay.joshi2104@example.com,Rajkot,Gujarat,Tier 2,2024-02-23
CUST02105,Divya Reddy,Female,29,divya.reddy2105@example.com,Ambala,Haryana,Tier 3,2023-05-02
CUST02106,Suresh Gupta,Male,43,suresh.gupta2106@example.com,Nagpur,Maharashtra,Tier 2,2023-12-31
CUST02107,Divya Gupta,Female,42,divya.gupta2107@example.com,Hisar,Haryana,Tier 3,2024-08-14
CUST02108,Manoj Singh,Male,33,manoj.singh2108@example.com,Ranchi,Jharkhand,Tier 2,2023-12-01
CUST02109,Neha Kumar,Female,21,neha.kumar2109@example.com,Chennai,Tamil Nadu,Tier 1,2023-05-20
CUST02110,Ritu Singh,Female,29,ritu.singh2110@example.com,Raipur,Chhattisgarh,Tier 2,2024-02-04
CUST02111,Neha Joshi,Female,35,neha.joshi2111@example.com,Kolkata,West Bengal,Tier 1,2023-12-07
CUST02112,Anjali Iyer,Female,27,anjali.iyer2112@example.com,Sagar,Madhya Pradesh,Tier 3,2024-10-13
CUST02113,Rohan Patel,Male,18,rohan.patel2113@example.com,Bhavnagar,Gujarat,Tier 3,2023-01-29
CUST02114,Anjali Reddy,Female,25,anjali.reddy2114@example.com,Jodhpur,Rajasthan,Tier 2,2023-07-07
CUST02115,Pooja Gupta,Female,34,pooja.gupta2115@example.com,Rajkot,Gujarat,Tier 2,2023-07-22
CUST02116,Rahul Singh,Male,42,rahul.singh2116@example.com,Rohtak,Haryana,Tier 3,2022-03-01
CUST02117,Neha Patel,Female,29,neha.patel2117@example.com,Bangalore,Karnataka,Tier 1,2022-08-13
CUST02118,Amit Singh,Male,29,amit.singh2118@example.com,Kolkata,West Bengal,Tier 1,2022-06-18
CUST02119,Manoj Gupta,Male,53,manoj.gupta2119@example.com,Aurangabad,Maharashtra,Tier 2,2022-01-14
CUST02120,Sanjay Kumar,Male,35,sanjay.kumar2120@example.com,Mumbai,Maharashtra,Tier 1,2024-11-17
CUST02121,Priya Nair,Female,18,priya.nair2121@example.com,Ratlam,Madhya Pradesh,Tier 3,2023-12-17
CUST02122,Deepak Joshi,Male,26,deepak.joshi2122@example.com,Vadodara,Gujarat,Tier 2,2023-10-01
CUST02123,Rahul Iyer,Male,37,rahul.iyer2123@example.com,Ambala,Haryana,Tier 3,2024-02-08
CUST02124,Anjali Verma,Female,18,anjali.verma2124@example.com,Kolkata,West Bengal,Tier 1,2022-04-15
CUST02125,Deepak Sharma,Male,33,deepak.sharma2125@example.com,Bilaspur,Chhattisgarh,Tier 3,2022-04-20
CUST02126,Vikram Verma,Male,42,vikram.verma2126@example.com,Rohtak,Haryana,Tier 3,2022-11-29
CUST02127,Arjun Patel,Male,24,arjun.patel2127@example.com,Kolkata,West Bengal,Tier 1,2023-08-15
CUST02128,Divya Nair,Female,24,divya.nair2128@example.com,Shillong,Meghalaya,Tier 3,2023-09-13
CUST02129,Vikram Singh,Male,48,vikram.singh2129@example.com,Hyderabad,Telangana,Tier 1,2024-06-27
CUST02130,Amit Gupta,Male,42,amit.gupta2130@example.com,Bangalore,Karnataka,Tier 1,2022-11-13
CUST02131,Priya Gupta,Female,34,priya.gupta2131@example.com,Hyderabad,Telangana,Tier 1,2024-03-09
CUST02132,Kavita Kumar,Female,43,kavita.kumar2132@example.com,Kolkata,West Bengal,Tier 1,2023-12-11
CUST02133,Amit Kumar,Male,32,amit.kumar2133@example.com,Chennai,Tamil Nadu,Tier 1,2024-11-09
CUST02134,Kavita Gupta,Female,44,kavita.gupta2134@example.com,Bangalore,Karnataka,Tier 1,2022-12-22
CUST02135,Pooja Patel,Female,43,pooja.patel2135@example.com,Bhavnagar,Gujarat,Tier 3,2024-03-03
CUST02136,Ritu Iyer,Female,35,ritu.iyer2136@example.com,Karimnagar,Telangana,Tier 3,2024-03-12
CUST02137,Priya Iyer,Female,24,priya.iyer2137@example.com,Rohtak,Haryana,Tier 3,2024-05-11
CUST02138,Deepak Verma,Male,38,deepak.verma2138@example.com,Delhi,Delhi,Tier 1,2024-06-30
CUST02139,Kavita Reddy,Female,39,kavita.reddy2139@example.com,Indore,Madhya Pradesh,Tier 2,2023-08-07
CUST02140,Priya Reddy,Female,32,priya.reddy2140@example.com,Bhavnagar,Gujarat,Tier 3,2022-05-27
CUST02141,Vikram Joshi,Male,37,vikram.joshi2141@example.com,Kolkata,West Bengal,Tier 1,2023-09-21
CUST02142,Ritu Reddy,Female,18,ritu.reddy2142@example.com,Nagpur,Maharashtra,Tier 2,2022-06-27
CUST02143,Kavita Singh,Female,28,kavita.singh2143@example.com,Pune,Maharashtra,Tier 1,2024-05-27
CUST02144,Meera Joshi,Female,20,meera.joshi2144@example.com,Mumbai,Maharashtra,Tier 1,2023-03-21
CUST02145,Divya Gupta,Female,32,divya.gupta2145@example.com,Delhi,Delhi,Tier 1,2023-12-09
CUST02146,Kavita Reddy,Female,33,kavita.reddy2146@example.com,Chennai,Tamil Nadu,Tier 1,2023-04-22
CUST02147,Anjali Sharma,Female,36,anjali.sharma2147@example.com,Coimbatore,Tamil Nadu,Tier 2,2023-10-28
CUST02148,Ritu Patel,Female,29,ritu.patel2148@example.com,Rohtak,Haryana,Tier 3,2023-11-12
CUST02149,Pooja Verma,Female,21,pooja.verma2149@example.com,Chennai,Tamil Nadu,Tier 1,2023-06-09
CUST02150,Meera Singh,Female,22,meera.singh2150@example.com,Chennai,Tamil Nadu,Tier 1,2023-11-12
CUST02151,Rahul Sharma,Male,20,rahul.sharma2151@example.com,Kolkata,West Bengal,Tier 1,2022-03-26
CUST02152,Pooja Kumar,Female,21,pooja.kumar2152@example.com,Kolkata,West Bengal,Tier 1,2024-08-07
CUST02153,Meera Verma,Female,25,meera.verma2153@example.com,Shillong,Meghalaya,Tier 3,2023-02-25
CUST02154,Arjun Kumar,Male,37,arjun.kumar2154@example.com,Pune,Maharashtra,Tier 1,2023-01-17
CUST02155,Anjali Sharma,Female,31,anjali.sharma2155@example.com,Ambala,Haryana,Tier 3,2024-04-22
CUST02156,Sanjay Kumar,Male,43,sanjay.kumar2156@example.com,Amritsar,Punjab,Tier 2,2022-01-20
CUST02157,Sanjay Singh,Male,22,sanjay.singh2157@example.com,Chennai,Tamil Nadu,Tier 1,2023-02-22
CUST02158,Arjun Kumar,Male,31,arjun.kumar2158@example.com,Delhi,Delhi,Tier 1,2022-07-05
CUST02159,Karan Nair,Male,20,karan.nair2159@example.com,Bangalore,Karnataka,Tier 1,2022-09-10
CUST02160,Amit Singh,Male,39,amit.singh2160@example.com,Pune,Maharashtra,Tier 1,2022-08-16
CUST02161,Arjun Iyer,Male,39,arjun.iyer2161@example.com,Rohtak,Haryana,Tier 3,2023-05-14
CUST02162,Karan Reddy,Male,29,karan.reddy2162@example.com,Mumbai,Maharashtra,Tier 1,2022-10-18
CUST02163,Rahul Reddy,Male,39,rahul.reddy2163@example.com,Indore,Madhya Pradesh,Tier 2,2023-12-16
CUST02164,Pooja Iyer,Female,42,pooja.iyer2164@example.com,Bhopal,Madhya Pradesh,Tier 2,2024-05-19
CUST02165,Meera Reddy,Female,30,meera.reddy2165@example.com,Mumbai,Maharashtra,Tier 1,2024-07-28
CUST02166,Sneha Joshi,Female,33,sneha.joshi2166@example.com,Bilaspur,Chhattisgarh,Tier 3,2023-05-23
CUST02167,Divya Iyer,Female,21,divya.iyer2167@example.com,Rajkot,Gujarat,Tier 2,2022-07-24
CUST02168,Neha Patel,Female,45,neha.patel2168@example.com,Pune,Maharashtra,Tier 1,2024-03-26
CUST02169,Sanjay Iyer,Male,30,sanjay.iyer2169@example.com,Ranchi,Jharkhand,Tier 2,2022-04-16
CUST02170,Rohan Iyer,Male,24,rohan.iyer2170@example.com,Delhi,Delhi,Tier 1,2024-05-30
CUST02171,Vikram Nair,Male,31,vikram.nair2171@example.com,Rajkot,Gujarat,Tier 2,2023-06-24
CUST02172,Manoj Reddy,Male,46,manoj.reddy2172@example.com,Bangalore,Karnataka,Tier 1,2022-05-22
CUST02173,Arjun Joshi,Male,37,arjun.joshi2173@example.com,Indore,Madhya Pradesh,Tier 2,2022-12-18
CUST02174,Deepak Patel,Male,28,deepak.patel2174@example.com,Bangalore,Karnataka,Tier 1,2024-08-15
CUST02175,Sneha Singh,Female,25,sneha.singh2175@example.com,Akola,Maharashtra,Tier 3,2023-09-16
CUST02176,Divya Sharma,Female,38,divya.sharma2176@example.com,Rewa,Madhya Pradesh,Tier 3,2024-10-23
CUST02177,Manoj Reddy,Male,37,manoj.reddy2177@example.com,Bhopal,Madhya Pradesh,Tier 2,2023-08-19
CUST02178,Sneha Gupta,Female,18,sneha.gupta2178@example.com,Nagpur,Maharashtra,Tier 2,2022-03-04
CUST02179,Priya Verma,Female,18,priya.verma2179@example.com,Delhi,Delhi,Tier 1,2023-07-15
CUST02180,Anjali Sharma,Female,38,anjali.sharma2180@example.com,Rohtak,Haryana,Tier 3,2024-04-29
CUST02181,Shreya Kumar,Female,44,shreya.kumar2181@example.com,Hyderabad,Telangana,Tier 1,2023-08-29
CUST02182,Kavita Reddy,Female,21,kavita.reddy2182@example.com,Jodhpur,Rajasthan,Tier 2,2024-01-16
CUST02183,Vikram Nair,Male,42,vikram.nair2183@example.com,Rajkot,Gujarat,Tier 2,2024-07-30
CUST02184,Divya Iyer,Female,18,divya.iyer2184@example.com,Pune,Maharashtra,Tier 1,2024-01-05
CUST02185,Anjali Joshi,Female,38,anjali.joshi2185@example.com,Delhi,Delhi,Tier 1,2023-10-24
CUST02186,Ritu Gupta,Female,32,ritu.gupta2186@example.com,Ambala,Haryana,Tier 3,2024-04-04
CUST02187,Meera Sharma,Female,21,meera.sharma2187@example.com,Hyderabad,Telangana,Tier 1,2022-03-02
CUST02188,Sneha Verma,Female,31,sneha.verma2188@example.com,Pune,Maharashtra,Tier 1,2023-09-20
CUST02189,Manoj Kumar,Male,29,manoj.kumar2189@example.com,Bhavnagar,Gujarat,Tier 3,2023-12-06
CUST02190,Deepak Verma,Male,30,deepak.verma2190@example.com,Rohtak,Haryana,Tier 3,2023-05-10
CUST02191,Manoj Nair,Male,39,manoj.nair2191@example.com,Coimbatore,Tamil Nadu,Tier 2,2023-08-02
CUST02192,Meera Sharma,Female,37,meera.sharma2192@example.com,Delhi,Delhi,Tier 1,2024-03-05
CUST02193,Rahul Kumar,Male,25,rahul.kumar2193@example.com,Mumbai,Maharashtra,Tier 1,2022-05-13
CUST02194,Rohan Joshi,Male,43,rohan.joshi2194@example.com,Kolkata,West Bengal,Tier 1,2022-04-21
CUST02195,Deepak Joshi,Male,21,deepak.joshi2195@example.com,Hyderabad,Telangana,Tier 1,2022-03-17
CUST02196,Shreya Sharma,Female,39,shreya.sharma2196@example.com,Bangalore,Karnataka,Tier 1,2022-02-10
CUST02197,Arjun Reddy,Male,38,arjun.reddy2197@example.com,Hyderabad,Telangana,Tier 1,2023-10-04
CUST02198,Priya Nair,Female,24,priya.nair2198@example.com,Delhi,Delhi,Tier 1,2023-10-15
CUST02199,Sneha Verma,Female,33,sneha.verma2199@example.com,Nashik,Maharashtra,Tier 2,2023-09-13
CUST02200,Deepak Patel,Male,29,deepak.patel2200@example.com,Indore,Madhya Pradesh,Tier 2,2023-10-26
CUST02201,Vikram Kumar,Male,25,vikram.kumar2201@example.com,Bangalore,Karnataka,Tier 1,2022-05-28
CUST02202,Suresh Reddy,Male,51,suresh.reddy2202@example.com,Akola,Maharashtra,Tier 3,2023-02-06
CUST02203,Rahul Joshi,Male,28,rahul.joshi2203@example.com,Ambala,Haryana,Tier 3,2022-08-17
CUST02204,Rahul Sharma,Male,37,rahul.sharma2204@example.com,Nashik,Maharashtra,Tier 2,2024-10-31
CUST02205,Anjali Singh,Female,41,anjali.singh2205@example.com,Vadodara,Gujarat,Tier 2,2022-05-06
CUST02206,Kavita Kumar,Female,38,kavita.kumar2206@example.com,Bhavnagar,Gujarat,Tier 3,2022-10-08
CUST02207,Rahul Gupta,Male,38,rahul.gupta2207@example.com,Hyderabad,Telangana,Tier 1,2024-04-16
CUST02208,Sanjay Nair,Male,32,sanjay.nair2208@example.com,Coimbatore,Tamil Nadu,Tier 2,2023-09-22
CUST02209,Anjali Kumar,Female,26,anjali.kumar2209@example.com,Ranchi,Jharkhand,Tier 2,2022-05-24
CUST02210,Divya Nair,Female,38,divya.nair2210@example.com,Latur,Maharashtra,Tier 3,2024-05-07
CUST02211,Sanjay Sharma,Male,27,sanjay.sharma2211@example.com,Hyderabad,Telangana,Tier 1,2023-04-09
CUST02212,Rahul Kumar,Male,35,rahul.kumar2212@example.com,Aurangabad,Maharashtra,Tier 2,2022-03-13
CUST02213,Rohan Nair,Male,27,rohan.nair2213@example.com,Ranchi,Jharkhand,Tier 2,2022-03-15
CUST02214,Suresh Joshi,Male,21,suresh.joshi2214@example.com,Pune,Maharashtra,Tier 1,2023-08-03
CUST02215,Anjali Nair,Female,19,anjali.nair2215@example.com,Karimnagar,Telangana,Tier 3,2023-01-08
CUST02216,Arjun Nair,Male,32,arjun.nair2216@example.com,Coimbatore,Tamil Nadu,Tier 2,2024-01-06
CUST02217,Deepak Reddy,Male,24,deepak.reddy2217@example.com,Bhavnagar,Gujarat,Tier 3,2022-12-12
CUST02218,Priya Sharma,Female,42,priya.sharma2218@example.com,Rohtak,Haryana,Tier 3,2023-12-20
CUST02219,Neha Sharma,Female,38,neha.sharma2219@example.com,Rajkot,Gujarat,Tier 2,2023-10-26
CUST02220,Sneha Joshi,Female,54,sneha.joshi2220@example.com,Mumbai,Maharashtra,Tier 1,2024-02-17
CUST02221,Kavita Gupta,Female,46,kavita.gupta2221@example.com,Bangalore,Karnataka,Tier 1,2024-08-13
CUST02222,Priya Patel,Female,30,priya.patel2222@example.com,Jodhpur,Rajasthan,Tier 2,2024-09-15
CUST02223,Suresh Verma,Male,19,suresh.verma2223@example.com,Pune,Maharashtra,Tier 1,2024-01-13
CUST02224,Vikram Nair,Male,38,vikram.nair2224@example.com,Hyderabad,Telangana,Tier 1,2022-04-15
CUST02225,Pooja Joshi,Female,46,pooja.joshi2225@example.com,Bangalore,Karnataka,Tier 1,2022-09-10
CUST02226,Kavita Kumar,Female,26,kavita.kumar2226@example.com,Rohtak,Haryana,Tier 3,2022-10-26
CUST02227,Sneha Gupta,Female,33,sneha.gupta2227@example.com,Kolkata,West Bengal,Tier 1,2022-04-11
CUST02228,Kavita Gupta,Female,28,kavita.gupta2228@example.com,Amritsar,Punjab,Tier 2,2023-03-23
CUST02229,Priya Patel,Female,32,priya.patel2229@example.com,Hisar,Haryana,Tier 3,2023-03-18
CUST02230,Manoj Iyer,Male,30,manoj.iyer2230@example.com,Pune,Maharashtra,Tier 1,2023-07-23
CUST02231,Vikram Reddy,Male,34,vikram.reddy2231@example.com,Mumbai,Maharashtra,Tier 1,2024-05-24
CUST02232,Ritu Nair,Female,33,ritu.nair2232@example.com,Ranchi,Jharkhand,Tier 2,2022-01-30
CUST02233,Deepak Sharma,Male,37,deepak.sharma2233@example.com,Mumbai,Maharashtra,Tier 1,2022-03-27
CUST02234,Anjali Singh,Female,35,anjali.singh2234@example.com,Amritsar,Punjab,Tier 2,2024-06-23
CUST02235,Shreya Singh,Female,28,shreya.singh2235@example.com,Kolkata,West Bengal,Tier 1,2022-05-11
CUST02236,Rahul Verma,Male,50,rahul.verma2236@example.com,Aurangabad,Maharashtra,Tier 2,2024-02-13
CUST02237,Pooja Iyer,Female,44,pooja.iyer2237@example.com,Rajkot,Gujarat,Tier 2,2024-09-07
CUST02238,Rahul Kumar,Male,37,rahul.kumar2238@example.com,Mumbai,Maharashtra,Tier 1,2024-01-05
CUST02239,Pooja Verma,Female,39,pooja.verma2239@example.com,Pune,Maharashtra,Tier 1,2023-04-27
CUST02240,Pooja Gupta,Female,26,pooja.gupta2240@example.com,Jodhpur,Rajasthan,Tier 2,2024-02-22
CUST02241,Priya Kumar,Female,46,priya.kumar2241@example.com,Rajkot,Gujarat,Tier 2,2023-08-08
CUST02242,Rahul Gupta,Male,37,rahul.gupta2242@example.com,Hyderabad,Telangana,Tier 1,2023-08-27
CUST02243,Anjali Kumar,Female,36,anjali.kumar2243@example.com,Amritsar,Punjab,Tier 2,2024-05-09
CUST02244,Neha Nair,Female,29,neha.nair2244@example.com,Bilaspur,Chhattisgarh,Tier 3,2024-02-26
CUST02245,Amit Joshi,Male,31,amit.joshi2245@example.com,Sagar,Madhya Pradesh,Tier 3,2022-05-02
CUST02246,Vikram Kumar,Male,23,vikram.kumar2246@example.com,Bhavnagar,Gujarat,Tier 3,2023-01-11
CUST02247,Deepak Kumar,Male,18,deepak.kumar2247@example.com,Jodhpur,Rajasthan,Tier 2,2022-12-22
CUST02248,Deepak Joshi,Male,32,deepak.joshi2248@example.com,Delhi,Delhi,Tier 1,2022-05-03
CUST02249,Priya Reddy,Female,18,priya.reddy2249@example.com,Rewa,Madhya Pradesh,Tier 3,2022-11-26
CUST02250,Arjun Reddy,Male,18,arjun.reddy2250@example.com,Pune,Maharashtra,Tier 1,2023-03-09
CUST02251,Sneha Verma,Female,26,sneha.verma2251@example.com,Kolkata,West Bengal,Tier 1,2023-12-13
CUST02252,Divya Singh,Female,57,divya.singh2252@example.com,Amritsar,Punjab,Tier 2,2024-05-20
CUST02253,Rohan Sharma,Male,30,rohan.sharma2253@example.com,Rohtak,Haryana,Tier 3,2024-03-19
CUST02254,Meera Iyer,Female,18,meera.iyer2254@example.com,Bangalore,Karnataka,Tier 1,2023-07-22
CUST02255,Karan Gupta,Male,22,karan.gupta2255@example.com,Nashik,Maharashtra,Tier 2,2022-12-25
CUST02256,Manoj Sharma,Male,32,manoj.sharma2256@example.com,Ratlam,Madhya Pradesh,Tier 3,2024-03-08
CUST02257,Karan Verma,Male,43,karan.verma2257@example.com,Raipur,Chhattisgarh,Tier 2,2022-07-30
CUST02258,Vikram Singh,Male,27,vikram.singh2258@example.com,Coimbatore,Tamil Nadu,Tier 2,2024-11-12
CUST02259,Amit Sharma,Male,35,amit.sharma2259@example.com,Bangalore,Karnataka,Tier 1,2022-10-23
CUST02260,Priya Joshi,Female,36,priya.joshi2260@example.com,Hyderabad,Telangana,Tier 1,2022-11-21
CUST02261,Sneha Gupta,Female,32,sneha.gupta2261@example.com,Amritsar,Punjab,Tier 2,2022-09-01
CUST02262,Pooja Singh,Female,29,pooja.singh2262@example.com,Akola,Maharashtra,Tier 3,2024-11-02
CUST02263,Arjun Nair,Male,33,arjun.nair2263@example.com,Kolkata,West Bengal,Tier 1,2022-12-31
CUST02264,Manoj Joshi,Male,42,manoj.joshi2264@example.com,Coimbatore,Tamil Nadu,Tier 2,2022-10-01
CUST02265,Sanjay Joshi,Male,37,sanjay.joshi2265@example.com,Rajkot,Gujarat,Tier 2,2022-05-04
CUST02266,Rahul Sharma,Male,28,rahul.sharma2266@example.com,Mumbai,Maharashtra,Tier 1,2024-06-17
CUST02267,Anjali Patel,Female,25,anjali.patel2267@example.com,Aurangabad,Maharashtra,Tier 2,2024-02-21
CUST02268,Priya Kumar,Female,49,priya.kumar2268@example.com,Latur,Maharashtra,Tier 3,2024-04-11
CUST02269,Anjali Verma,Female,40,anjali.verma2269@example.com,Chennai,Tamil Nadu,Tier 1,2023-09-18
CUST02270,Deepak Sharma,Male,36,deepak.sharma2270@example.com,Pune,Maharashtra,Tier 1,2022-06-16
CUST02271,Ritu Verma,Female,36,ritu.verma2271@example.com,Rewa,Madhya Pradesh,Tier 3,2023-05-31
CUST02272,Pooja Joshi,Female,29,pooja.joshi2272@example.com,Chennai,Tamil Nadu,Tier 1,2023-09-15
CUST02273,Sanjay Reddy,Male,18,sanjay.reddy2273@example.com,Ambala,Haryana,Tier 3,2023-06-17
CUST02274,Shreya Joshi,Female,28,shreya.joshi2274@example.com,Hyderabad,Telangana,Tier 1,2023-09-22
CUST02275,Priya Iyer,Female,29,priya.iyer2275@example.com,Mumbai,Maharashtra,Tier 1,2023-07-22
CUST02276,Shreya Gupta,Female,33,shreya.gupta2276@example.com,Chennai,Tamil Nadu,Tier 1,2024-08-31
CUST02277,Rahul Joshi,Male,33,rahul.joshi2277@example.com,Mumbai,Maharashtra,Tier 1,2022-11-21
CUST02278,Manoj Gupta,Male,26,manoj.gupta2278@example.com,Pune,Maharashtra,Tier 1,2022-09-14
CUST02279,Deepak Kumar,Male,32,deepak.kumar2279@example.com,Bilaspur,Chhattisgarh,Tier 3,2022-02-07
CUST02280,Divya Joshi,Female,41,divya.joshi2280@example.com,Ratlam,Madhya Pradesh,Tier 3,2023-07-23
CUST02281,Rohan Patel,Male,28,rohan.patel2281@example.com,Rajkot,Gujarat,Tier 2,2023-03-09
CUST02282,Rahul Patel,Male,33,rahul.patel2282@example.com,Kolkata,West Bengal,Tier 1,2024-03-03
CUST02283,Meera Singh,Female,18,meera.singh2283@example.com,Vadodara,Gujarat,Tier 2,2023-05-05
CUST02284,Vikram Iyer,Male,30,vikram.iyer2284@example.com,Vadodara,Gujarat,Tier 2,2023-02-24
CUST02285,Sneha Singh,Female,30,sneha.singh2285@example.com,Bangalore,Karnataka,Tier 1,2024-04-23
CUST02286,Rahul Gupta,Male,30,rahul.gupta2286@example.com,Nagpur,Maharashtra,Tier 2,2024-08-21
CUST02287,Karan Singh,Male,45,karan.singh2287@example.com,Chennai,Tamil Nadu,Tier 1,2022-02-15
CUST02288,Rohan Verma,Male,29,rohan.verma2288@example.com,Delhi,Delhi,Tier 1,2022-08-18
CUST02289,Sanjay Iyer,Male,23,sanjay.iyer2289@example.com,Nashik,Maharashtra,Tier 2,2023-01-09
CUST02290,Shreya Joshi,Female,34,shreya.joshi2290@example.com,Chennai,Tamil Nadu,Tier 1,2023-12-14
CUST02291,Ritu Singh,Female,20,ritu.singh2291@example.com,Bangalore,Karnataka,Tier 1,2023-08-24
CUST02292,Sanjay Sharma,Male,28,sanjay.sharma2292@example.com,Bhavnagar,Gujarat,Tier 3,2022-08-02
CUST02293,Rahul Gupta,Male,29,rahul.gupta2293@example.com,Hyderabad,Telangana,Tier 1,2023-11-29
CUST02294,Sanjay Joshi,Male,30,sanjay.joshi2294@example.com,Raipur,Chhattisgarh,Tier 2,2024-09-27
CUST02295,Sanjay Singh,Male,43,sanjay.singh2295@example.com,Delhi,Delhi,Tier 1,2023-07-12
CUST02296,Pooja Reddy,Female,32,pooja.reddy2296@example.com,Kolkata,West Bengal,Tier 1,2022-01-17
CUST02297,Arjun Sharma,Male,34,arjun.sharma2297@example.com,Bhopal,Madhya Pradesh,Tier 2,2024-07-14
CUST02298,Priya Nair,Female,23,priya.nair2298@example.com,Indore,Madhya Pradesh,Tier 2,2024-05-29
CUST02299,Suresh Iyer,Male,31,suresh.iyer2299@example.com,Akola,Maharashtra,Tier 3,2024-03-24
CUST02300,Priya Sharma,Female,26,priya.sharma2300@example.com,Coimbatore,Tamil Nadu,Tier 2,2024-07-10
CUST02301,Suresh Patel,Male,34,suresh.patel2301@example.com,Delhi,Delhi,Tier 1,2022-05-27
CUST02302,Neha Singh,Female,29,neha.singh2302@example.com,Coimbatore,Tamil Nadu,Tier 2,2023-03-25
CUST02303,Vikram Gupta,Male,30,vikram.gupta2303@example.com,Ranchi,Jharkhand,Tier 2,2023-11-11
CUST02304,Suresh Verma,Male,18,suresh.verma2304@example.com,Nagpur,Maharashtra,Tier 2,2023-04-09
CUST02305,Karan Verma,Male,18,karan.verma2305@example.com,Latur,Maharashtra,Tier 3,2024-10-22
CUST02306,Suresh Iyer,Male,33,suresh.iyer2306@example.com,Bangalore,Karnataka,Tier 1,2022-12-03
CUST02307,Kavita Patel,Female,20,kavita.patel2307@example.com,Delhi,Delhi,Tier 1,2022-07-14
CUST02308,Anjali Verma,Female,25,anjali.verma2308@example.com,Ranchi,Jharkhand,Tier 2,2024-09-05
CUST02309,Rohan Gupta,Male,36,rohan.gupta2309@example.com,Delhi,Delhi,Tier 1,2023-09-08
CUST02310,Kavita Singh,Female,36,kavita.singh2310@example.com,Ranchi,Jharkhand,Tier 2,2022-08-30
CUST02311,Pooja Sharma,Female,48,pooja.sharma2311@example.com,Chennai,Tamil Nadu,Tier 1,2024-02-05
CUST02312,Deepak Kumar,Male,23,deepak.kumar2312@example.com,Kolkata,West Bengal,Tier 1,2022-02-16
CUST02313,Pooja Sharma,Female,29,pooja.sharma2313@example.com,Bhopal,Madhya Pradesh,Tier 2,2023-09-11
CUST02314,Neha Nair,Female,33,neha.nair2314@example.com,Pune,Maharashtra,Tier 1,2024-04-20
CUST02315,Pooja Verma,Female,31,pooja.verma2315@example.com,Chennai,Tamil Nadu,Tier 1,2023-08-30
CUST02316,Vikram Nair,Male,21,vikram.nair2316@example.com,Rajkot,Gujarat,Tier 2,2022-08-23
CUST02317,Divya Nair,Female,27,divya.nair2317@example.com,Hyderabad,Telangana,Tier 1,2024-04-05
CUST02318,Arjun Singh,Male,30,arjun.singh2318@example.com,Hyderabad,Telangana,Tier 1,2022-11-07
CUST02319,Divya Iyer,Female,31,divya.iyer2319@example.com,Chennai,Tamil Nadu,Tier 1,2022-09-14
CUST02320,Shreya Sharma,Female,43,shreya.sharma2320@example.com,Vadodara,Gujarat,Tier 2,2022-10-27
CUST02321,Rohan Iyer,Male,37,rohan.iyer2321@example.com,Delhi,Delhi,Tier 1,2024-04-11
CUST02322,Karan Gupta,Male,23,karan.gupta2322@example.com,Kolkata,West Bengal,Tier 1,2023-08-14
CUST02323,Ritu Joshi,Female,43,ritu.joshi2323@example.com,Bangalore,Karnataka,Tier 1,2023-08-09
CUST02324,Sneha Nair,Female,43,sneha.nair2324@example.com,Delhi,Delhi,Tier 1,2022-10-18
CUST02325,Amit Kumar,Male,30,amit.kumar2325@example.com,Mumbai,Maharashtra,Tier 1,2022-07-05
CUST02326,Pooja Joshi,Female,33,pooja.joshi2326@example.com,Hyderabad,Telangana,Tier 1,2022-07-08
CUST02327,Meera Joshi,Female,46,meera.joshi2327@example.com,Latur,Maharashtra,Tier 3,2023-01-23
CUST02328,Divya Iyer,Female,29,divya.iyer2328@example.com,Ratlam,Madhya Pradesh,Tier 3,2022-06-25
CUST02329,Kavita Iyer,Female,26,kavita.iyer2329@example.com,Aurangabad,Maharashtra,Tier 2,2024-05-02
CUST02330,Ritu Sharma,Female,36,ritu.sharma2330@example.com,Ratlam,Madhya Pradesh,Tier 3,2022-08-01
CUST02331,Pooja Kumar,Female,40,pooja.kumar2331@example.com,Bhavnagar,Gujarat,Tier 3,2022-10-21
CUST02332,Arjun Verma,Male,34,arjun.verma2332@example.com,Ambala,Haryana,Tier 3,2023-03-27
CUST02333,Suresh Gupta,Male,38,suresh.gupta2333@example.com,Bangalore,Karnataka,Tier 1,2024-02-29
CUST02334,Amit Singh,Male,29,amit.singh2334@example.com,Mumbai,Maharashtra,Tier 1,2022-05-24
CUST02335,Arjun Gupta,Male,36,arjun.gupta2335@example.com,Nagpur,Maharashtra,Tier 2,2024-09-24
CUST02336,Sneha Kumar,Female,41,sneha.kumar2336@example.com,Amritsar,Punjab,Tier 2,2024-03-07
CUST02337,Pooja Joshi,Female,32,pooja.joshi2337@example.com,Pune,Maharashtra,Tier 1,2022-03-21
CUST02338,Priya Kumar,Female,29,priya.kumar2338@example.com,Bhopal,Madhya Pradesh,Tier 2,2023-04-17
CUST02339,Ritu Reddy,Female,18,ritu.reddy2339@example.com,Bangalore,Karnataka,Tier 1,2023-08-12
CUST02340,Sanjay Nair,Male,25,sanjay.nair2340@example.com,Kolkata,West Bengal,Tier 1,2023-04-12
CUST02341,Pooja Gupta,Female,36,pooja.gupta2341@example.com,Bhopal,Madhya Pradesh,Tier 2,2024-09-18
CUST02342,Sanjay Gupta,Male,28,sanjay.gupta2342@example.com,Shillong,Meghalaya,Tier 3,2022-03-08
CUST02343,Divya Singh,Female,18,divya.singh2343@example.com,Rohtak,Haryana,Tier 3,2023-12-04
CUST02344,Pooja Reddy,Female,22,pooja.reddy2344@example.com,Indore,Madhya Pradesh,Tier 2,2022-11-08
CUST02345,Pooja Iyer,Female,33,pooja.iyer2345@example.com,Raipur,Chhattisgarh,Tier 2,2024-08-22
CUST02346,Arjun Patel,Male,18,arjun.patel2346@example.com,Hisar,Haryana,Tier 3,2022-05-01
CUST02347,Suresh Sharma,Male,30,suresh.sharma2347@example.com,Chennai,Tamil Nadu,Tier 1,2023-09-26
CUST02348,Kavita Gupta,Female,37,kavita.gupta2348@example.com,Hyderabad,Telangana,Tier 1,2022-10-16
CUST02349,Ritu Nair,Female,34,ritu.nair2349@example.com,Hyderabad,Telangana,Tier 1,2023-06-12
CUST02350,Shreya Sharma,Female,23,shreya.sharma2350@example.com,Rewa,Madhya Pradesh,Tier 3,2022-01-12
CUST02351,Vikram Patel,Male,30,vikram.patel2351@example.com,Jodhpur,Rajasthan,Tier 2,2024-04-20
CUST02352,Ritu Gupta,Female,27,ritu.gupta2352@example.com,Nashik,Maharashtra,Tier 2,2023-11-22
CUST02353,Deepak Reddy,Male,38,deepak.reddy2353@example.com,Karimnagar,Telangana,Tier 3,2024-04-25
CUST02354,Anjali Singh,Female,39,anjali.singh2354@example.com,Delhi,Delhi,Tier 1,2024-06-16
CUST02355,Sneha Verma,Female,41,sneha.verma2355@example.com,Chennai,Tamil Nadu,Tier 1,2023-10-01
CUST02356,Deepak Patel,Male,28,deepak.patel2356@example.com,Delhi,Delhi,Tier 1,2023-02-21
CUST02357,Priya Patel,Female,26,priya.patel2357@example.com,Latur,Maharashtra,Tier 3,2022-03-26
CUST02358,Karan Kumar,Male,42,karan.kumar2358@example.com,Delhi,Delhi,Tier 1,2023-04-18
CUST02359,Suresh Nair,Male,33,suresh.nair2359@example.com,Sagar,Madhya Pradesh,Tier 3,2022-10-02
CUST02360,Priya Singh,Female,32,priya.singh2360@example.com,Mumbai,Maharashtra,Tier 1,2022-11-22
CUST02361,Vikram Singh,Male,38,vikram.singh2361@example.com,Ranchi,Jharkhand,Tier 2,2022-03-30
CUST02362,Neha Verma,Female,27,neha.verma2362@example.com,Aurangabad,Maharashtra,Tier 2,2022-11-03
CUST02363,Divya Verma,Female,27,divya.verma2363@example.com,Bhopal,Madhya Pradesh,Tier 2,2023-03-16
CUST02364,Vikram Gupta,Male,50,vikram.gupta2364@example.com,Aurangabad,Maharashtra,Tier 2,2023-05-08
CUST02365,Divya Patel,Female,61,divya.patel2365@example.com,Vadodara,Gujarat,Tier 2,2023-02-15
CUST02366,Shreya Gupta,Female,40,shreya.gupta2366@example.com,Bilaspur,Chhattisgarh,Tier 3,2024-11-26
CUST02367,Sneha Gupta,Female,40,sneha.gupta2367@example.com,Chennai,Tamil Nadu,Tier 1,2024-11-20
CUST02368,Sanjay Verma,Male,32,sanjay.verma2368@example.com,Latur,Maharashtra,Tier 3,2022-06-15
CUST02369,Deepak Singh,Male,33,deepak.singh2369@example.com,Aurangabad,Maharashtra,Tier 2,2024-11-08
CUST02370,Divya Iyer,Female,36,divya.iyer2370@example.com,Jodhpur,Rajasthan,Tier 2,2022-07-11
CUST02371,Amit Kumar,Male,46,amit.kumar2371@example.com,Chennai,Tamil Nadu,Tier 1,2023-08-03
CUST02372,Kavita Kumar,Female,37,kavita.kumar2372@example.com,Ambala,Haryana,Tier 3,2022-04-07
CUST02373,Karan Gupta,Male,40,karan.gupta2373@example.com,Aurangabad,Maharashtra,Tier 2,2023-10-23
CUST02374,Divya Reddy,Female,42,divya.reddy2374@example.com,Bhopal,Madhya Pradesh,Tier 2,2024-07-28
CUST02375,Manoj Verma,Male,37,manoj.verma2375@example.com,Amritsar,Punjab,Tier 2,2024-10-28
CUST02376,Rohan Patel,Male,27,rohan.patel2376@example.com,Aurangabad,Maharashtra,Tier 2,2022-07-23
CUST02377,Anjali Gupta,Female,36,anjali.gupta2377@example.com,Bangalore,Karnataka,Tier 1,2023-06-01
CUST02378,Meera Verma,Female,34,meera.verma2378@example.com,Hyderabad,Telangana,Tier 1,2022-12-05
CUST02379,Amit Nair,Male,38,amit.nair2379@example.com,Ratlam,Madhya Pradesh,Tier 3,2023-01-22
CUST02380,Ritu Iyer,Female,24,ritu.iyer2380@example.com,Kolkata,West Bengal,Tier 1,2023-11-21
CUST02381,Pooja Nair,Female,42,pooja.nair2381@example.com,Bhopal,Madhya Pradesh,Tier 2,2023-09-15
CUST02382,Priya Verma,Female,21,priya.verma2382@example.com,Mumbai,Maharashtra,Tier 1,2023-05-10
CUST02383,Ritu Singh,Female,37,ritu.singh2383@example.com,Pune,Maharashtra,Tier 1,2024-01-17
CUST02384,Pooja Reddy,Female,28,pooja.reddy2384@example.com,Shillong,Meghalaya,Tier 3,2024-03-30
CUST02385,Suresh Verma,Male,41,suresh.verma2385@example.com,Nagpur,Maharashtra,Tier 2,2023-08-11
CUST02386,Arjun Iyer,Male,30,arjun.iyer2386@example.com,Raipur,Chhattisgarh,Tier 2,2022-06-18
CUST02387,Anjali Verma,Female,51,anjali.verma2387@example.com,Rajkot,Gujarat,Tier 2,2022-02-02
CUST02388,Sanjay Patel,Male,33,sanjay.patel2388@example.com,Rohtak,Haryana,Tier 3,2023-05-04
CUST02389,Neha Patel,Female,31,neha.patel2389@example.com,Hyderabad,Telangana,Tier 1,2024-11-18
CUST02390,Vikram Kumar,Male,46,vikram.kumar2390@example.com,Nagpur,Maharashtra,Tier 2,2022-08-14
CUST02391,Neha Verma,Female,31,neha.verma2391@example.com,Akola,Maharashtra,Tier 3,2024-04-14
CUST02392,Suresh Patel,Male,29,suresh.patel2392@example.com,Amritsar,Punjab,Tier 2,2024-07-07
CUST02393,Neha Gupta,Female,21,neha.gupta2393@example.com,Rajkot,Gujarat,Tier 2,2023-04-18
CUST02394,Deepak Gupta,Male,26,deepak.gupta2394@example.com,Shillong,Meghalaya,Tier 3,2024-06-04
CUST02395,Deepak Verma,Male,33,deepak.verma2395@example.com,Hyderabad,Telangana,Tier 1,2022-09-15
CUST02396,Divya Sharma,Female,40,divya.sharma2396@example.com,Karimnagar,Telangana,Tier 3,2022-09-17
CUST02397,Rahul Reddy,Male,51,rahul.reddy2397@example.com,Chennai,Tamil Nadu,Tier 1,2022-04-05
CUST02398,Rohan Singh,Male,28,rohan.singh2398@example.com,Kolkata,West Bengal,Tier 1,2023-12-29
CUST02399,Amit Sharma,Male,18,amit.sharma2399@example.com,Sagar,Madhya Pradesh,Tier 3,2022-03-10
CUST02400,Rahul Singh,Male,32,rahul.singh2400@example.com,Hyderabad,Telangana,Tier 1,2022-08-01
CUST02401,Rohan Verma,Male,45,rohan.verma2401@example.com,Coimbatore,Tamil Nadu,Tier 2,2024-06-30
CUST02402,Vikram Sharma,Male,27,vikram.sharma2402@example.com,Kolkata,West Bengal,Tier 1,2022-02-16
CUST02403,Arjun Singh,Male,32,arjun.singh2403@example.com,Karimnagar,Telangana,Tier 3,2023-03-03
CUST02404,Manoj Gupta,Male,34,manoj.gupta2404@example.com,Rohtak,Haryana,Tier 3,2024-02-08
CUST02405,Ritu Verma,Female,52,ritu.verma2405@example.com,Chennai,Tamil Nadu,Tier 1,2023-08-02
CUST02406,Amit Singh,Male,37,amit.singh2406@example.com,Coimbatore,Tamil Nadu,Tier 2,2023-06-26
CUST02407,Rahul Reddy,Male,21,rahul.reddy2407@example.com,Ratlam,Madhya Pradesh,Tier 3,2023-03-03
CUST02408,Priya Reddy,Female,22,priya.reddy2408@example.com,Ambala,Haryana,Tier 3,2022-11-26
CUST02409,Pooja Verma,Female,37,pooja.verma2409@example.com,Coimbatore,Tamil Nadu,Tier 2,2024-09-17
CUST02410,Shreya Singh,Female,18,shreya.singh2410@example.com,Ambala,Haryana,Tier 3,2024-01-17
CUST02411,Rohan Reddy,Male,29,rohan.reddy2411@example.com,Mumbai,Maharashtra,Tier 1,2022-03-31
CUST02412,Anjali Nair,Female,36,anjali.nair2412@example.com,Vadodara,Gujarat,Tier 2,2023-06-01
CUST02413,Suresh Verma,Male,40,suresh.verma2413@example.com,Bilaspur,Chhattisgarh,Tier 3,2024-02-21
CUST02414,Ritu Patel,Female,37,ritu.patel2414@example.com,Chennai,Tamil Nadu,Tier 1,2024-06-18
CUST02415,Arjun Iyer,Male,20,arjun.iyer2415@example.com,Nashik,Maharashtra,Tier 2,2023-08-30
CUST02416,Priya Joshi,Female,26,priya.joshi2416@example.com,Mumbai,Maharashtra,Tier 1,2023-09-16
CUST02417,Ritu Nair,Female,24,ritu.nair2417@example.com,Chennai,Tamil Nadu,Tier 1,2024-11-16
CUST02418,Deepak Joshi,Male,35,deepak.joshi2418@example.com,Amritsar,Punjab,Tier 2,2022-01-19
CUST02419,Rohan Sharma,Male,38,rohan.sharma2419@example.com,Pune,Maharashtra,Tier 1,2024-11-11
CUST02420,Suresh Gupta,Male,33,suresh.gupta2420@example.com,Chennai,Tamil Nadu,Tier 1,2023-11-26
CUST02421,Pooja Joshi,Female,27,pooja.joshi2421@example.com,Pune,Maharashtra,Tier 1,2022-04-17
CUST02422,Vikram Singh,Male,36,vikram.singh2422@example.com,Akola,Maharashtra,Tier 3,2024-06-16
CUST02423,Pooja Patel,Female,38,pooja.patel2423@example.com,Hyderabad,Telangana,Tier 1,2024-04-17
CUST02424,Rahul Gupta,Male,56,rahul.gupta2424@example.com,Aurangabad,Maharashtra,Tier 2,2022-01-24
CUST02425,Kavita Patel,Female,23,kavita.patel2425@example.com,Raipur,Chhattisgarh,Tier 2,2024-09-12
CUST02426,Priya Nair,Female,18,priya.nair2426@example.com,Bangalore,Karnataka,Tier 1,2024-03-20
CUST02427,Priya Gupta,Female,56,priya.gupta2427@example.com,Aurangabad,Maharashtra,Tier 2,2023-10-11
CUST02428,Kavita Gupta,Female,39,kavita.gupta2428@example.com,Raipur,Chhattisgarh,Tier 2,2022-12-11
CUST02429,Rohan Gupta,Male,38,rohan.gupta2429@example.com,Sagar,Madhya Pradesh,Tier 3,2023-09-20
CUST02430,Meera Singh,Female,33,meera.singh2430@example.com,Bilaspur,Chhattisgarh,Tier 3,2023-12-12
CUST02431,Priya Verma,Female,36,priya.verma2431@example.com,Bhopal,Madhya Pradesh,Tier 2,2022-10-15
CUST02432,Rohan Sharma,Male,35,rohan.sharma2432@example.com,Rajkot,Gujarat,Tier 2,2022-03-28
CUST02433,Rohan Patel,Male,28,rohan.patel2433@example.com,Amritsar,Punjab,Tier 2,2023-06-25
CUST02434,Manoj Nair,Male,38,manoj.nair2434@example.com,Akola,Maharashtra,Tier 3,2023-04-12
CUST02435,Deepak Verma,Male,38,deepak.verma2435@example.com,Coimbatore,Tamil Nadu,Tier 2,2023-11-06
CUST02436,Sneha Patel,Female,31,sneha.patel2436@example.com,Aurangabad,Maharashtra,Tier 2,2022-08-16
CUST02437,Rohan Reddy,Male,22,rohan.reddy2437@example.com,Shillong,Meghalaya,Tier 3,2024-04-07
CUST02438,Suresh Kumar,Male,22,suresh.kumar2438@example.com,Delhi,Delhi,Tier 1,2022-10-29
CUST02439,Pooja Kumar,Female,43,pooja.kumar2439@example.com,Bilaspur,Chhattisgarh,Tier 3,2023-06-17
CUST02440,Anjali Singh,Female,51,anjali.singh2440@example.com,Kolkata,West Bengal,Tier 1,2022-09-17
CUST02441,Neha Iyer,Female,23,neha.iyer2441@example.com,Aurangabad,Maharashtra,Tier 2,2024-01-09
CUST02442,Meera Joshi,Female,37,meera.joshi2442@example.com,Hyderabad,Telangana,Tier 1,2022-01-24
CUST02443,Neha Iyer,Female,25,neha.iyer2443@example.com,Raipur,Chhattisgarh,Tier 2,2024-01-16
CUST02444,Ritu Verma,Female,28,ritu.verma2444@example.com,Mumbai,Maharashtra,Tier 1,2024-03-08
CUST02445,Deepak Patel,Male,18,deepak.patel2445@example.com,Vadodara,Gujarat,Tier 2,2022-06-04
CUST02446,Divya Kumar,Female,28,divya.kumar2446@example.com,Vadodara,Gujarat,Tier 2,2024-06-16
CUST02447,Ritu Nair,Female,33,ritu.nair2447@example.com,Hisar,Haryana,Tier 3,2023-03-21
CUST02448,Anjali Singh,Female,26,anjali.singh2448@example.com,Bilaspur,Chhattisgarh,Tier 3,2024-01-08
CUST02449,Pooja Patel,Female,42,pooja.patel2449@example.com,Delhi,Delhi,Tier 1,2024-05-23
CUST02450,Rahul Nair,Male,33,rahul.nair2450@example.com,Sagar,Madhya Pradesh,Tier 3,2022-09-24
CUST02451,Divya Reddy,Female,23,divya.reddy2451@example.com,Pune,Maharashtra,Tier 1,2022-01-25
CUST02452,Kavita Reddy,Female,29,kavita.reddy2452@example.com,Karimnagar,Telangana,Tier 3,2023-05-17
CUST02453,Shreya Verma,Female,22,shreya.verma2453@example.com,Hisar,Haryana,Tier 3,2023-12-04
CUST02454,Amit Reddy,Male,37,amit.reddy2454@example.com,Karimnagar,Telangana,Tier 3,2022-11-16
CUST02455,Rohan Reddy,Male,40,rohan.reddy2455@example.com,Chennai,Tamil Nadu,Tier 1,2024-06-16
CUST02456,Meera Iyer,Female,36,meera.iyer2456@example.com,Bangalore,Karnataka,Tier 1,2023-01-26
CUST02457,Priya Reddy,Female,20,priya.reddy2457@example.com,Ambala,Haryana,Tier 3,2024-09-16
CUST02458,Rohan Iyer,Male,38,rohan.iyer2458@example.com,Karimnagar,Telangana,Tier 3,2023-11-08
CUST02459,Priya Patel,Female,39,priya.patel2459@example.com,Mumbai,Maharashtra,Tier 1,2024-04-24
CUST02460,Neha Kumar,Female,35,neha.kumar2460@example.com,Bangalore,Karnataka,Tier 1,2023-08-15
CUST02461,Rahul Verma,Male,18,rahul.verma2461@example.com,Delhi,Delhi,Tier 1,2023-03-04
CUST02462,Karan Reddy,Male,20,karan.reddy2462@example.com,Kolkata,West Bengal,Tier 1,2024-05-31
CUST02463,Deepak Gupta,Male,39,deepak.gupta2463@example.com,Pune,Maharashtra,Tier 1,2023-10-01
CUST02464,Karan Kumar,Male,18,karan.kumar2464@example.com,Karimnagar,Telangana,Tier 3,2022-02-10
CUST02465,Meera Nair,Female,52,meera.nair2465@example.com,Pune,Maharashtra,Tier 1,2024-07-01
CUST02466,Shreya Kumar,Female,48,shreya.kumar2466@example.com,Amritsar,Punjab,Tier 2,2024-07-06
CUST02467,Anjali Verma,Female,45,anjali.verma2467@example.com,Raipur,Chhattisgarh,Tier 2,2022-09-01
CUST02468,Neha Kumar,Female,27,neha.kumar2468@example.com,Pune,Maharashtra,Tier 1,2023-12-29
CUST02469,Karan Kumar,Male,47,karan.kumar2469@example.com,Shillong,Meghalaya,Tier 3,2023-06-27
CUST02470,Sanjay Sharma,Male,31,sanjay.sharma2470@example.com,Mumbai,Maharashtra,Tier 1,2024-05-28
CUST02471,Karan Nair,Male,32,karan.nair2471@example.com,Indore,Madhya Pradesh,Tier 2,2024-04-09
CUST02472,Ritu Patel,Female,21,ritu.patel2472@example.com,Karimnagar,Telangana,Tier 3,2023-05-17
CUST02473,Neha Patel,Female,31,neha.patel2473@example.com,Bhopal,Madhya Pradesh,Tier 2,2023-01-16
CUST02474,Neha Nair,Female,34,neha.nair2474@example.com,Delhi,Delhi,Tier 1,2024-09-28
CUST02475,Shreya Gupta,Female,30,shreya.gupta2475@example.com,Mumbai,Maharashtra,Tier 1,2022-02-24
CUST02476,Rahul Patel,Male,46,rahul.patel2476@example.com,Delhi,Delhi,Tier 1,2023-08-23
CUST02477,Suresh Reddy,Male,30,suresh.reddy2477@example.com,Kolkata,West Bengal,Tier 1,2023-05-18
CUST02478,Vikram Verma,Male,18,vikram.verma2478@example.com,Hisar,Haryana,Tier 3,2024-11-27
CUST02479,Karan Verma,Male,25,karan.verma2479@example.com,Vadodara,Gujarat,Tier 2,2023-10-09
CUST02480,Arjun Sharma,Male,35,arjun.sharma2480@example.com,Bangalore,Karnataka,Tier 1,2023-01-31
CUST02481,Sanjay Iyer,Male,21,sanjay.iyer2481@example.com,Bilaspur,Chhattisgarh,Tier 3,2024-07-04
CUST02482,Rahul Sharma,Male,21,rahul.sharma2482@example.com,Amritsar,Punjab,Tier 2,2024-05-31
CUST02483,Manoj Sharma,Male,23,manoj.sharma2483@example.com,Rewa,Madhya Pradesh,Tier 3,2023-09-15
CUST02484,Deepak Sharma,Male,42,deepak.sharma2484@example.com,Akola,Maharashtra,Tier 3,2024-06-20
CUST02485,Divya Iyer,Female,55,divya.iyer2485@example.com,Hyderabad,Telangana,Tier 1,2023-06-15
CUST02486,Shreya Reddy,Female,34,shreya.reddy2486@example.com,Kolkata,West Bengal,Tier 1,2023-04-09
CUST02487,Kavita Singh,Female,38,kavita.singh2487@example.com,Bangalore,Karnataka,Tier 1,2022-08-28
CUST02488,Arjun Reddy,Male,34,arjun.reddy2488@example.com,Kolkata,West Bengal,Tier 1,2023-05-12
CUST02489,Arjun Singh,Male,44,arjun.singh2489@example.com,Karimnagar,Telangana,Tier 3,2023-11-16
CUST02490,Sanjay Reddy,Male,38,sanjay.reddy2490@example.com,Akola,Maharashtra,Tier 3,2023-11-07
CUST02491,Rahul Joshi,Male,26,rahul.joshi2491@example.com,Pune,Maharashtra,Tier 1,2023-10-28
CUST02492,Pooja Singh,Female,33,pooja.singh2492@example.com,Akola,Maharashtra,Tier 3,2022-09-12
CUST02493,Meera Reddy,Female,29,meera.reddy2493@example.com,Hisar,Haryana,Tier 3,2022-04-05
CUST02494,Rahul Singh,Male,34,rahul.singh2494@example.com,Pune,Maharashtra,Tier 1,2023-12-12
CUST02495,Priya Singh,Female,39,priya.singh2495@example.com,Nagpur,Maharashtra,Tier 2,2024-01-26
CUST02496,Pooja Joshi,Female,46,pooja.joshi2496@example.com,Ambala,Haryana,Tier 3,2024-09-13
CUST02497,Shreya Verma,Female,32,shreya.verma2497@example.com,Hyderabad,Telangana,Tier 1,2022-09-16
CUST02498,Divya Verma,Female,40,divya.verma2498@example.com,Bangalore,Karnataka,Tier 1,2022-10-24
CUST02499,Sneha Joshi,Female,44,sneha.joshi2499@example.com,Raipur,Chhattisgarh,Tier 2,2022-05-07
CUST02500,Deepak Joshi,Male,37,deepak.joshi2500@example.com,Delhi,Delhi,Tier 1,2023-06-28
CUST02501,Vikram Iyer,Male,29,vikram.iyer2501@example.com,Kolkata,West Bengal,Tier 1,2022-09-26
CUST02502,Meera Iyer,Female,45,meera.iyer2502@example.com,Akola,Maharashtra,Tier 3,2024-03-07
CUST02503,Anjali Iyer,Female,25,anjali.iyer2503@example.com,Delhi,Delhi,Tier 1,2024-07-14
CUST02504,Rohan Gupta,Male,23,rohan.gupta2504@example.com,Pune,Maharashtra,Tier 1,2022-07-13
CUST02505,Amit Reddy,Male,40,amit.reddy2505@example.com,Delhi,Delhi,Tier 1,2024-05-04
CUST02506,Vikram Singh,Male,42,vikram.singh2506@example.com,Pune,Maharashtra,Tier 1,2022-10-06
CUST02507,Pooja Kumar,Female,28,pooja.kumar2507@example.com,Hyderabad,Telangana,Tier 1,2024-03-26
CUST02508,Anjali Patel,Female,33,anjali.patel2508@example.com,Amritsar,Punjab,Tier 2,2024-01-10
CUST02509,Anjali Singh,Female,18,anjali.singh2509@example.com,Chennai,Tamil Nadu,Tier 1,2024-10-10
CUST02510,Arjun Reddy,Male,24,arjun.reddy2510@example.com,Sagar,Madhya Pradesh,Tier 3,2023-05-07
CUST02511,Meera Reddy,Female,24,meera.reddy2511@example.com,Shillong,Meghalaya,Tier 3,2023-12-15
CUST02512,Suresh Verma,Male,21,suresh.verma2512@example.com,Coimbatore,Tamil Nadu,Tier 2,2022-11-04
CUST02513,Amit Verma,Male,27,amit.verma2513@example.com,Vadodara,Gujarat,Tier 2,2022-06-11
CUST02514,Amit Joshi,Male,37,amit.joshi2514@example.com,Nashik,Maharashtra,Tier 2,2024-04-17
CUST02515,Arjun Reddy,Male,43,arjun.reddy2515@example.com,Bangalore,Karnataka,Tier 1,2023-04-11
CUST02516,Suresh Sharma,Male,27,suresh.sharma2516@example.com,Bilaspur,Chhattisgarh,Tier 3,2023-06-17
CUST02517,Karan Reddy,Male,39,karan.reddy2517@example.com,Chennai,Tamil Nadu,Tier 1,2022-03-23
CUST02518,Neha Nair,Female,26,neha.nair2518@example.com,Nashik,Maharashtra,Tier 2,2023-03-25
CUST02519,Amit Reddy,Male,28,amit.reddy2519@example.com,Pune,Maharashtra,Tier 1,2022-01-26
CUST02520,Kavita Patel,Female,48,kavita.patel2520@example.com,Mumbai,Maharashtra,Tier 1,2023-08-30
CUST02521,Pooja Iyer,Female,23,pooja.iyer2521@example.com,Kolkata,West Bengal,Tier 1,2024-06-09
CUST02522,Neha Joshi,Female,30,neha.joshi2522@example.com,Amritsar,Punjab,Tier 2,2024-11-01
CUST02523,Rahul Joshi,Male,22,rahul.joshi2523@example.com,Vadodara,Gujarat,Tier 2,2022-01-01
CUST02524,Meera Verma,Female,27,meera.verma2524@example.com,Nashik,Maharashtra,Tier 2,2022-03-27
CUST02525,Pooja Iyer,Female,18,pooja.iyer2525@example.com,Vadodara,Gujarat,Tier 2,2023-05-31
CUST02526,Priya Singh,Female,29,priya.singh2526@example.com,Bangalore,Karnataka,Tier 1,2024-02-01
CUST02527,Rohan Sharma,Male,40,rohan.sharma2527@example.com,Delhi,Delhi,Tier 1,2024-07-17
CUST02528,Ritu Kumar,Female,42,ritu.kumar2528@example.com,Bhavnagar,Gujarat,Tier 3,2023-11-29
CUST02529,Rahul Nair,Male,38,rahul.nair2529@example.com,Amritsar,Punjab,Tier 2,2024-04-26
CUST02530,Ritu Iyer,Female,32,ritu.iyer2530@example.com,Karimnagar,Telangana,Tier 3,2023-06-13
CUST02531,Ritu Verma,Female,30,ritu.verma2531@example.com,Ratlam,Madhya Pradesh,Tier 3,2022-10-19
CUST02532,Sneha Gupta,Female,40,sneha.gupta2532@example.com,Ranchi,Jharkhand,Tier 2,2022-03-15
CUST02533,Anjali Patel,Female,30,anjali.patel2533@example.com,Pune,Maharashtra,Tier 1,2024-01-28
CUST02534,Suresh Iyer,Male,41,suresh.iyer2534@example.com,Nashik,Maharashtra,Tier 2,2023-02-14
CUST02535,Manoj Patel,Male,30,manoj.patel2535@example.com,Amritsar,Punjab,Tier 2,2024-09-15
CUST02536,Sneha Patel,Female,39,sneha.patel2536@example.com,Rajkot,Gujarat,Tier 2,2024-08-16
CUST02537,Rohan Sharma,Male,20,rohan.sharma2537@example.com,Coimbatore,Tamil Nadu,Tier 2,2024-09-12
CUST02538,Vikram Reddy,Male,35,vikram.reddy2538@example.com,Nashik,Maharashtra,Tier 2,2024-04-13
CUST02539,Rahul Verma,Male,18,rahul.verma2539@example.com,Aurangabad,Maharashtra,Tier 2,2024-03-28
CUST02540,Neha Sharma,Female,31,neha.sharma2540@example.com,Ratlam,Madhya Pradesh,Tier 3,2023-04-10
CUST02541,Shreya Reddy,Female,40,shreya.reddy2541@example.com,Indore,Madhya Pradesh,Tier 2,2024-04-15
CUST02542,Pooja Sharma,Female,23,pooja.sharma2542@example.com,Delhi,Delhi,Tier 1,2023-02-13
CUST02543,Karan Iyer,Male,34,karan.iyer2543@example.com,Akola,Maharashtra,Tier 3,2023-08-20
CUST02544,Karan Verma,Male,24,karan.verma2544@example.com,Bangalore,Karnataka,Tier 1,2024-09-18
CUST02545,Ritu Kumar,Female,38,ritu.kumar2545@example.com,Kolkata,West Bengal,Tier 1,2023-09-27
CUST02546,Kavita Sharma,Female,25,kavita.sharma2546@example.com,Amritsar,Punjab,Tier 2,2023-03-22
CUST02547,Amit Verma,Male,28,amit.verma2547@example.com,Mumbai,Maharashtra,Tier 1,2024-10-20
CUST02548,Rahul Joshi,Male,24,rahul.joshi2548@example.com,Rajkot,Gujarat,Tier 2,2022-04-03
CUST02549,Sneha Verma,Female,29,sneha.verma2549@example.com,Jodhpur,Rajasthan,Tier 2,2022-05-18
CUST02550,Karan Iyer,Male,40,karan.iyer2550@example.com,Kolkata,West Bengal,Tier 1,2022-09-23
CUST02551,Sneha Joshi,Female,29,sneha.joshi2551@example.com,Pune,Maharashtra,Tier 1,2024-06-19
CUST02552,Arjun Verma,Male,36,arjun.verma2552@example.com,Delhi,Delhi,Tier 1,2024-03-29
CUST02553,Karan Sharma,Male,27,karan.sharma2553@example.com,Raipur,Chhattisgarh,Tier 2,2022-05-12
CUST02554,Anjali Nair,Female,36,anjali.nair2554@example.com,Aurangabad,Maharashtra,Tier 2,2023-08-05
CUST02555,Rohan Verma,Male,25,rohan.verma2555@example.com,Kolkata,West Bengal,Tier 1,2024-02-23
CUST02556,Rahul Nair,Male,55,rahul.nair2556@example.com,Bhopal,Madhya Pradesh,Tier 2,2024-05-30
CUST02557,Anjali Sharma,Female,30,anjali.sharma2557@example.com,Rajkot,Gujarat,Tier 2,2022-06-24
CUST02558,Vikram Verma,Male,32,vikram.verma2558@example.com,Bhavnagar,Gujarat,Tier 3,2024-04-12
CUST02559,Priya Verma,Female,18,priya.verma2559@example.com,Rohtak,Haryana,Tier 3,2022-10-09
CUST02560,Kavita Nair,Female,30,kavita.nair2560@example.com,Indore,Madhya Pradesh,Tier 2,2023-10-03
CUST02561,Priya Gupta,Female,28,priya.gupta2561@example.com,Delhi,Delhi,Tier 1,2023-07-17
CUST02562,Deepak Kumar,Male,38,deepak.kumar2562@example.com,Bangalore,Karnataka,Tier 1,2024-04-03
CUST02563,Neha Joshi,Female,18,neha.joshi2563@example.com,Ambala,Haryana,Tier 3,2023-09-24
CUST02564,Meera Singh,Female,35,meera.singh2564@example.com,Hisar,Haryana,Tier 3,2024-01-23
CUST02565,Amit Sharma,Male,21,amit.sharma2565@example.com,Chennai,Tamil Nadu,Tier 1,2023-12-13
CUST02566,Rohan Patel,Male,40,rohan.patel2566@example.com,Coimbatore,Tamil Nadu,Tier 2,2023-04-25
CUST02567,Vikram Joshi,Male,30,vikram.joshi2567@example.com,Bangalore,Karnataka,Tier 1,2022-01-18
CUST02568,Manoj Singh,Male,23,manoj.singh2568@example.com,Rohtak,Haryana,Tier 3,2022-11-15
CUST02569,Manoj Reddy,Male,24,manoj.reddy2569@example.com,Vadodara,Gujarat,Tier 2,2022-09-23
CUST02570,Sneha Reddy,Female,44,sneha.reddy2570@example.com,Mumbai,Maharashtra,Tier 1,2023-12-24
CUST02571,Karan Iyer,Male,34,karan.iyer2571@example.com,Pune,Maharashtra,Tier 1,2022-09-25
CUST02572,Ritu Patel,Female,33,ritu.patel2572@example.com,Akola,Maharashtra,Tier 3,2023-06-30
CUST02573,Amit Kumar,Male,22,amit.kumar2573@example.com,Chennai,Tamil Nadu,Tier 1,2023-07-01
CUST02574,Arjun Joshi,Male,27,arjun.joshi2574@example.com,Amritsar,Punjab,Tier 2,2022-02-28
CUST02575,Karan Patel,Male,34,karan.patel2575@example.com,Pune,Maharashtra,Tier 1,2022-03-27
CUST02576,Ritu Sharma,Female,18,ritu.sharma2576@example.com,Bangalore,Karnataka,Tier 1,2022-09-13
CUST02577,Amit Kumar,Male,35,amit.kumar2577@example.com,Chennai,Tamil Nadu,Tier 1,2024-03-10
CUST02578,Deepak Reddy,Male,30,deepak.reddy2578@example.com,Mumbai,Maharashtra,Tier 1,2024-02-25
CUST02579,Anjali Singh,Female,49,anjali.singh2579@example.com,Mumbai,Maharashtra,Tier 1,2024-06-27
CUST02580,Neha Gupta,Female,27,neha.gupta2580@example.com,Bangalore,Karnataka,Tier 1,2022-10-20
CUST02581,Amit Reddy,Male,20,amit.reddy2581@example.com,Vadodara,Gujarat,Tier 2,2024-03-13
CUST02582,Anjali Verma,Female,48,anjali.verma2582@example.com,Sagar,Madhya Pradesh,Tier 3,2022-09-30
CUST02583,Shreya Iyer,Female,37,shreya.iyer2583@example.com,Bhavnagar,Gujarat,Tier 3,2023-06-04
CUST02584,Shreya Kumar,Female,25,shreya.kumar2584@example.com,Mumbai,Maharashtra,Tier 1,2023-09-12
CUST02585,Shreya Verma,Female,20,shreya.verma2585@example.com,Chennai,Tamil Nadu,Tier 1,2023-08-09
CUST02586,Arjun Reddy,Male,44,arjun.reddy2586@example.com,Nagpur,Maharashtra,Tier 2,2024-11-18
CUST02587,Meera Nair,Female,22,meera.nair2587@example.com,Bhopal,Madhya Pradesh,Tier 2,2024-04-20
CUST02588,Divya Joshi,Female,36,divya.joshi2588@example.com,Chennai,Tamil Nadu,Tier 1,2024-02-24
CUST02589,Priya Nair,Female,27,priya.nair2589@example.com,Delhi,Delhi,Tier 1,2022-12-19
CUST02590,Vikram Patel,Male,26,vikram.patel2590@example.com,Pune,Maharashtra,Tier 1,2024-11-08
CUST02591,Priya Singh,Female,28,priya.singh2591@example.com,Hyderabad,Telangana,Tier 1,2023-09-18
CUST02592,Manoj Reddy,Male,34,manoj.reddy2592@example.com,Shillong,Meghalaya,Tier 3,2022-09-12
CUST02593,Neha Iyer,Female,37,neha.iyer2593@example.com,Pune,Maharashtra,Tier 1,2023-11-07
CUST02594,Meera Kumar,Female,36,meera.kumar2594@example.com,Nashik,Maharashtra,Tier 2,2023-11-11
CUST02595,Meera Gupta,Female,18,meera.gupta2595@example.com,Vadodara,Gujarat,Tier 2,2022-05-17
CUST02596,Suresh Reddy,Male,32,suresh.reddy2596@example.com,Bangalore,Karnataka,Tier 1,2023-10-24
CUST02597,Anjali Verma,Female,36,anjali.verma2597@example.com,Kolkata,West Bengal,Tier 1,2023-02-19
CUST02598,Amit Patel,Male,43,amit.patel2598@example.com,Akola,Maharashtra,Tier 3,2023-10-15
CUST02599,Amit Kumar,Male,18,amit.kumar2599@example.com,Bilaspur,Chhattisgarh,Tier 3,2022-11-19
CUST02600,Priya Reddy,Female,24,priya.reddy2600@example.com,Rohtak,Haryana,Tier 3,2023-04-20
CUST02601,Sanjay Iyer,Male,22,sanjay.iyer2601@example.com,Pune,Maharashtra,Tier 1,2023-07-29
CUST02602,Karan Sharma,Male,31,karan.sharma2602@example.com,Ranchi,Jharkhand,Tier 2,2022-03-13
CUST02603,Rahul Reddy,Male,31,rahul.reddy2603@example.com,Jodhpur,Rajasthan,Tier 2,2024-07-21
CUST02604,Pooja Nair,Female,42,pooja.nair2604@example.com,Raipur,Chhattisgarh,Tier 2,2024-08-23
CUST02605,Manoj Iyer,Male,30,manoj.iyer2605@example.com,Pune,Maharashtra,Tier 1,2022-06-19
CUST02606,Vikram Verma,Male,45,vikram.verma2606@example.com,Bhavnagar,Gujarat,Tier 3,2023-04-04
CUST02607,Deepak Singh,Male,37,deepak.singh2607@example.com,Bangalore,Karnataka,Tier 1,2022-12-07
CUST02608,Divya Reddy,Female,36,divya.reddy2608@example.com,Nagpur,Maharashtra,Tier 2,2024-01-01
CUST02609,Anjali Singh,Female,51,anjali.singh2609@example.com,Delhi,Delhi,Tier 1,2023-12-31
CUST02610,Deepak Verma,Male,27,deepak.verma2610@example.com,Ambala,Haryana,Tier 3,2023-11-14
CUST02611,Divya Kumar,Female,37,divya.kumar2611@example.com,Rewa,Madhya Pradesh,Tier 3,2022-09-13
CUST02612,Rahul Joshi,Male,36,rahul.joshi2612@example.com,Bangalore,Karnataka,Tier 1,2023-07-07
CUST02613,Suresh Nair,Male,35,suresh.nair2613@example.com,Aurangabad,Maharashtra,Tier 2,2023-07-25
CUST02614,Sanjay Joshi,Male,28,sanjay.joshi2614@example.com,Kolkata,West Bengal,Tier 1,2024-08-05
CUST02615,Priya Singh,Female,46,priya.singh2615@example.com,Kolkata,West Bengal,Tier 1,2023-02-25
CUST02616,Kavita Kumar,Female,32,kavita.kumar2616@example.com,Mumbai,Maharashtra,Tier 1,2022-12-14
CUST02617,Rahul Singh,Male,18,rahul.singh2617@example.com,Ratlam,Madhya Pradesh,Tier 3,2023-08-06
CUST02618,Karan Singh,Male,20,karan.singh2618@example.com,Raipur,Chhattisgarh,Tier 2,2022-04-09
CUST02619,Karan Iyer,Male,27,karan.iyer2619@example.com,Nagpur,Maharashtra,Tier 2,2023-09-02
CUST02620,Deepak Nair,Male,26,deepak.nair2620@example.com,Coimbatore,Tamil Nadu,Tier 2,2022-08-31
CUST02621,Anjali Iyer,Female,49,anjali.iyer2621@example.com,Bhopal,Madhya Pradesh,Tier 2,2023-01-06
CUST02622,Suresh Gupta,Male,38,suresh.gupta2622@example.com,Nagpur,Maharashtra,Tier 2,2022-06-28
CUST02623,Kavita Kumar,Female,40,kavita.kumar2623@example.com,Hisar,Haryana,Tier 3,2024-05-26
CUST02624,Neha Nair,Female,38,neha.nair2624@example.com,Nashik,Maharashtra,Tier 2,2024-05-19
CUST02625,Anjali Iyer,Female,38,anjali.iyer2625@example.com,Kolkata,West Bengal,Tier 1,2022-08-09
CUST02626,Neha Patel,Female,31,neha.patel2626@example.com,Amritsar,Punjab,Tier 2,2024-09-12
CUST02627,Priya Singh,Female,32,priya.singh2627@example.com,Bangalore,Karnataka,Tier 1,2023-10-31
CUST02628,Amit Gupta,Male,18,amit.gupta2628@example.com,Kolkata,West Bengal,Tier 1,2024-01-25
CUST02629,Vikram Reddy,Male,22,vikram.reddy2629@example.com,Rewa,Madhya Pradesh,Tier 3,2023-07-01
CUST02630,Priya Patel,Female,30,priya.patel2630@example.com,Hyderabad,Telangana,Tier 1,2024-10-28
CUST02631,Sanjay Kumar,Male,34,sanjay.kumar2631@example.com,Amritsar,Punjab,Tier 2,2024-07-25
CUST02632,Divya Nair,Female,21,divya.nair2632@example.com,Mumbai,Maharashtra,Tier 1,2023-08-31
CUST02633,Arjun Reddy,Male,25,arjun.reddy2633@example.com,Hisar,Haryana,Tier 3,2023-09-27
CUST02634,Neha Verma,Female,39,neha.verma2634@example.com,Ranchi,Jharkhand,Tier 2,2023-08-12
CUST02635,Vikram Patel,Male,18,vikram.patel2635@example.com,Mumbai,Maharashtra,Tier 1,2022-09-14
CUST02636,Rohan Sharma,Male,31,rohan.sharma2636@example.com,Bangalore,Karnataka,Tier 1,2023-10-02
CUST02637,Ritu Joshi,Female,24,ritu.joshi2637@example.com,Amritsar,Punjab,Tier 2,2022-07-26
CUST02638,Karan Iyer,Male,25,karan.iyer2638@example.com,Raipur,Chhattisgarh,Tier 2,2024-03-03
CUST02639,Divya Verma,Female,22,divya.verma2639@example.com,Bangalore,Karnataka,Tier 1,2024-10-02
CUST02640,Pooja Joshi,Female,24,pooja.joshi2640@example.com,Kolkata,West Bengal,Tier 1,2024-05-05
CUST02641,Rohan Kumar,Male,35,rohan.kumar2641@example.com,Bhopal,Madhya Pradesh,Tier 2,2023-03-16
CUST02642,Suresh Gupta,Male,23,suresh.gupta2642@example.com,Kolkata,West Bengal,Tier 1,2023-10-18
CUST02643,Pooja Iyer,Female,41,pooja.iyer2643@example.com,Pune,Maharashtra,Tier 1,2022-08-03
CUST02644,Deepak Joshi,Male,39,deepak.joshi2644@example.com,Raipur,Chhattisgarh,Tier 2,2023-11-30
CUST02645,Manoj Patel,Male,39,manoj.patel2645@example.com,Bhavnagar,Gujarat,Tier 3,2022-11-05
CUST02646,Vikram Reddy,Male,18,vikram.reddy2646@example.com,Delhi,Delhi,Tier 1,2022-11-07
CUST02647,Pooja Patel,Female,34,pooja.patel2647@example.com,Mumbai,Maharashtra,Tier 1,2024-11-07
CUST02648,Manoj Gupta,Male,36,manoj.gupta2648@example.com,Aurangabad,Maharashtra,Tier 2,2024-10-14
CUST02649,Karan Reddy,Male,29,karan.reddy2649@example.com,Indore,Madhya Pradesh,Tier 2,2022-10-30
CUST02650,Pooja Gupta,Female,18,pooja.gupta2650@example.com,Chennai,Tamil Nadu,Tier 1,2022-01-24
CUST02651,Divya Sharma,Female,32,divya.sharma2651@example.com,Ratlam,Madhya Pradesh,Tier 3,2023-06-09
CUST02652,Priya Kumar,Female,32,priya.kumar2652@example.com,Rohtak,Haryana,Tier 3,2023-01-17
CUST02653,Kavita Kumar,Female,32,kavita.kumar2653@example.com,Mumbai,Maharashtra,Tier 1,2023-11-05
CUST02654,Pooja Singh,Female,33,pooja.singh2654@example.com,Bangalore,Karnataka,Tier 1,2022-09-16
CUST02655,Rahul Sharma,Male,33,rahul.sharma2655@example.com,Mumbai,Maharashtra,Tier 1,2024-08-07
CUST02656,Pooja Kumar,Female,36,pooja.kumar2656@example.com,Nagpur,Maharashtra,Tier 2,2024-07-13
CUST02657,Shreya Verma,Female,24,shreya.verma2657@example.com,Hyderabad,Telangana,Tier 1,2023-02-12
CUST02658,Suresh Iyer,Male,26,suresh.iyer2658@example.com,Aurangabad,Maharashtra,Tier 2,2024-08-09
CUST02659,Sneha Verma,Female,21,sneha.verma2659@example.com,Ratlam,Madhya Pradesh,Tier 3,2024-11-28
CUST02660,Deepak Patel,Male,24,deepak.patel2660@example.com,Akola,Maharashtra,Tier 3,2024-04-29
CUST02661,Kavita Joshi,Female,31,kavita.joshi2661@example.com,Bangalore,Karnataka,Tier 1,2022-11-21
CUST02662,Pooja Kumar,Female,20,pooja.kumar2662@example.com,Rohtak,Haryana,Tier 3,2023-07-03
CUST02663,Anjali Verma,Female,49,anjali.verma2663@example.com,Delhi,Delhi,Tier 1,2022-01-26
CUST02664,Rahul Joshi,Male,30,rahul.joshi2664@example.com,Bhopal,Madhya Pradesh,Tier 2,2023-06-17
CUST02665,Rohan Iyer,Male,44,rohan.iyer2665@example.com,Amritsar,Punjab,Tier 2,2024-11-14
CUST02666,Deepak Joshi,Male,34,deepak.joshi2666@example.com,Indore,Madhya Pradesh,Tier 2,2023-03-07
CUST02667,Divya Gupta,Female,31,divya.gupta2667@example.com,Bangalore,Karnataka,Tier 1,2023-02-02
CUST02668,Rahul Patel,Male,41,rahul.patel2668@example.com,Rohtak,Haryana,Tier 3,2024-07-04
CUST02669,Meera Kumar,Female,18,meera.kumar2669@example.com,Coimbatore,Tamil Nadu,Tier 2,2024-01-17
CUST02670,Kavita Iyer,Female,40,kavita.iyer2670@example.com,Rohtak,Haryana,Tier 3,2024-07-30
CUST02671,Karan Verma,Male,22,karan.verma2671@example.com,Ambala,Haryana,Tier 3,2022-12-29
CUST02672,Meera Nair,Female,48,meera.nair2672@example.com,Hyderabad,Telangana,Tier 1,2024-09-30
CUST02673,Manoj Kumar,Male,44,manoj.kumar2673@example.com,Nagpur,Maharashtra,Tier 2,2022-08-22
CUST02674,Suresh Sharma,Male,36,suresh.sharma2674@example.com,Shillong,Meghalaya,Tier 3,2022-11-05
CUST02675,Rohan Reddy,Male,41,rohan.reddy2675@example.com,Chennai,Tamil Nadu,Tier 1,2022-06-30
CUST02676,Vikram Iyer,Male,37,vikram.iyer2676@example.com,Hyderabad,Telangana,Tier 1,2022-07-16
CUST02677,Meera Reddy,Female,25,meera.reddy2677@example.com,Kolkata,West Bengal,Tier 1,2022-09-12
CUST02678,Pooja Patel,Female,18,pooja.patel2678@example.com,Hyderabad,Telangana,Tier 1,2024-06-18
CUST02679,Manoj Gupta,Male,33,manoj.gupta2679@example.com,Mumbai,Maharashtra,Tier 1,2022-08-30
CUST02680,Deepak Iyer,Male,27,deepak.iyer2680@example.com,Chennai,Tamil Nadu,Tier 1,2023-03-29
CUST02681,Sneha Gupta,Female,40,sneha.gupta2681@example.com,Chennai,Tamil Nadu,Tier 1,2023-10-30
CUST02682,Meera Verma,Female,25,meera.verma2682@example.com,Rewa,Madhya Pradesh,Tier 3,2022-09-13
CUST02683,Rahul Nair,Male,35,rahul.nair2683@example.com,Delhi,Delhi,Tier 1,2022-03-04
CUST02684,Priya Patel,Female,27,priya.patel2684@example.com,Sagar,Madhya Pradesh,Tier 3,2022-01-15
CUST02685,Suresh Sharma,Male,35,suresh.sharma2685@example.com,Vadodara,Gujarat,Tier 2,2023-12-24
CUST02686,Rohan Nair,Male,26,rohan.nair2686@example.com,Amritsar,Punjab,Tier 2,2024-03-23
CUST02687,Arjun Joshi,Male,30,arjun.joshi2687@example.com,Indore,Madhya Pradesh,Tier 2,2022-06-14
CUST02688,Anjali Nair,Female,26,anjali.nair2688@example.com,Bangalore,Karnataka,Tier 1,2024-11-19
CUST02689,Karan Joshi,Male,25,karan.joshi2689@example.com,Bangalore,Karnataka,Tier 1,2022-11-16
CUST02690,Priya Sharma,Female,33,priya.sharma2690@example.com,Vadodara,Gujarat,Tier 2,2022-11-26
CUST02691,Suresh Patel,Male,29,suresh.patel2691@example.com,Ratlam,Madhya Pradesh,Tier 3,2023-08-22
CUST02692,Deepak Joshi,Male,28,deepak.joshi2692@example.com,Rewa,Madhya Pradesh,Tier 3,2023-02-14
CUST02693,Sneha Joshi,Female,25,sneha.joshi2693@example.com,Mumbai,Maharashtra,Tier 1,2022-09-28
CUST02694,Sanjay Gupta,Male,34,sanjay.gupta2694@example.com,Rohtak,Haryana,Tier 3,2022-08-08
CUST02695,Pooja Joshi,Female,35,pooja.joshi2695@example.com,Nashik,Maharashtra,Tier 2,2023-07-18
CUST02696,Neha Iyer,Female,36,neha.iyer2696@example.com,Pune,Maharashtra,Tier 1,2022-08-19
CUST02697,Kavita Patel,Female,22,kavita.patel2697@example.com,Delhi,Delhi,Tier 1,2022-09-03
CUST02698,Sanjay Patel,Male,38,sanjay.patel2698@example.com,Hyderabad,Telangana,Tier 1,2024-03-13
CUST02699,Vikram Gupta,Male,32,vikram.gupta2699@example.com,Hisar,Haryana,Tier 3,2023-12-08
CUST02700,Neha Kumar,Female,38,neha.kumar2700@example.com,Bilaspur,Chhattisgarh,Tier 3,2022-03-31
CUST02701,Neha Patel,Female,34,neha.patel2701@example.com,Latur,Maharashtra,Tier 3,2022-05-12
CUST02702,Shreya Gupta,Female,18,shreya.gupta2702@example.com,Kolkata,West Bengal,Tier 1,2022-10-20
CUST02703,Amit Reddy,Male,23,amit.reddy2703@example.com,Akola,Maharashtra,Tier 3,2024-10-21
CUST02704,Ritu Verma,Female,38,ritu.verma2704@example.com,Delhi,Delhi,Tier 1,2022-06-11
CUST02705,Rahul Joshi,Male,19,rahul.joshi2705@example.com,Pune,Maharashtra,Tier 1,2022-05-12
CUST02706,Ritu Sharma,Female,33,ritu.sharma2706@example.com,Mumbai,Maharashtra,Tier 1,2023-12-07
CUST02707,Rahul Patel,Male,31,rahul.patel2707@example.com,Mumbai,Maharashtra,Tier 1,2022-10-02
CUST02708,Suresh Patel,Male,27,suresh.patel2708@example.com,Coimbatore,Tamil Nadu,Tier 2,2023-06-06
CUST02709,Rahul Verma,Male,31,rahul.verma2709@example.com,Pune,Maharashtra,Tier 1,2024-02-22
CUST02710,Anjali Gupta,Female,32,anjali.gupta2710@example.com,Chennai,Tamil Nadu,Tier 1,2022-01-26
CUST02711,Shreya Iyer,Female,55,shreya.iyer2711@example.com,Delhi,Delhi,Tier 1,2022-11-18
CUST02712,Suresh Singh,Male,31,suresh.singh2712@example.com,Kolkata,West Bengal,Tier 1,2022-05-27
CUST02713,Rohan Sharma,Male,29,rohan.sharma2713@example.com,Hyderabad,Telangana,Tier 1,2022-01-20
CUST02714,Meera Verma,Female,40,meera.verma2714@example.com,Ranchi,Jharkhand,Tier 2,2023-04-12
CUST02715,Amit Nair,Male,39,amit.nair2715@example.com,Mumbai,Maharashtra,Tier 1,2024-09-08
CUST02716,Deepak Reddy,Male,18,deepak.reddy2716@example.com,Vadodara,Gujarat,Tier 2,2022-10-23
CUST02717,Rohan Sharma,Male,26,rohan.sharma2717@example.com,Bhavnagar,Gujarat,Tier 3,2024-10-15
CUST02718,Ritu Patel,Female,30,ritu.patel2718@example.com,Sagar,Madhya Pradesh,Tier 3,2024-01-09
CUST02719,Pooja Reddy,Female,27,pooja.reddy2719@example.com,Nashik,Maharashtra,Tier 2,2022-08-21
CUST02720,Sanjay Patel,Male,40,sanjay.patel2720@example.com,Pune,Maharashtra,Tier 1,2022-04-18
CUST02721,Amit Kumar,Male,25,amit.kumar2721@example.com,Indore,Madhya Pradesh,Tier 2,2023-12-05
CUST02722,Manoj Singh,Male,32,manoj.singh2722@example.com,Nashik,Maharashtra,Tier 2,2022-12-30
CUST02723,Anjali Sharma,Female,40,anjali.sharma2723@example.com,Mumbai,Maharashtra,Tier 1,2023-07-14
CUST02724,Vikram Reddy,Male,30,vikram.reddy2724@example.com,Bilaspur,Chhattisgarh,Tier 3,2022-02-13
CUST02725,Shreya Patel,Female,42,shreya.patel2725@example.com,Ranchi,Jharkhand,Tier 2,2024-04-28
CUST02726,Neha Kumar,Female,41,neha.kumar2726@example.com,Amritsar,Punjab,Tier 2,2022-10-13
CUST02727,Kavita Verma,Female,19,kavita.verma2727@example.com,Bilaspur,Chhattisgarh,Tier 3,2024-03-29
CUST02728,Kavita Kumar,Female,27,kavita.kumar2728@example.com,Bangalore,Karnataka,Tier 1,2024-06-25
CUST02729,Rahul Patel,Male,32,rahul.patel2729@example.com,Kolkata,West Bengal,Tier 1,2022-07-19
CUST02730,Arjun Patel,Male,44,arjun.patel2730@example.com,Ambala,Haryana,Tier 3,2024-04-20
CUST02731,Divya Verma,Female,30,divya.verma2731@example.com,Karimnagar,Telangana,Tier 3,2024-06-07
CUST02732,Sneha Patel,Female,23,sneha.patel2732@example.com,Mumbai,Maharashtra,Tier 1,2024-03-13
CUST02733,Neha Patel,Female,32,neha.patel2733@example.com,Mumbai,Maharashtra,Tier 1,2023-06-11
CUST02734,Kavita Iyer,Female,25,kavita.iyer2734@example.com,Aurangabad,Maharashtra,Tier 2,2024-07-20
CUST02735,Ritu Joshi,Female,33,ritu.joshi2735@example.com,Hyderabad,Telangana,Tier 1,2023-08-02
CUST02736,Neha Gupta,Female,35,neha.gupta2736@example.com,Amritsar,Punjab,Tier 2,2024-08-17
CUST02737,Meera Iyer,Female,28,meera.iyer2737@example.com,Hyderabad,Telangana,Tier 1,2022-11-30
CUST02738,Meera Nair,Female,41,meera.nair2738@example.com,Chennai,Tamil Nadu,Tier 1,2023-09-24
CUST02739,Anjali Joshi,Female,28,anjali.joshi2739@example.com,Coimbatore,Tamil Nadu,Tier 2,2024-09-08
CUST02740,Meera Joshi,Female,31,meera.joshi2740@example.com,Raipur,Chhattisgarh,Tier 2,2022-12-14
CUST02741,Amit Gupta,Male,25,amit.gupta2741@example.com,Kolkata,West Bengal,Tier 1,2024-07-10
CUST02742,Rohan Sharma,Male,33,rohan.sharma2742@example.com,Bangalore,Karnataka,Tier 1,2023-07-12
CUST02743,Neha Verma,Female,35,neha.verma2743@example.com,Nashik,Maharashtra,Tier 2,2023-04-24
CUST02744,Kavita Patel,Female,18,kavita.patel2744@example.com,Mumbai,Maharashtra,Tier 1,2024-10-26
CUST02745,Neha Nair,Female,29,neha.nair2745@example.com,Bangalore,Karnataka,Tier 1,2024-05-07
CUST02746,Rohan Gupta,Male,26,rohan.gupta2746@example.com,Karimnagar,Telangana,Tier 3,2024-05-23
CUST02747,Amit Patel,Male,41,amit.patel2747@example.com,Latur,Maharashtra,Tier 3,2022-04-26
CUST02748,Karan Singh,Male,20,karan.singh2748@example.com,Aurangabad,Maharashtra,Tier 2,2024-03-01
CUST02749,Manoj Verma,Male,31,manoj.verma2749@example.com,Nagpur,Maharashtra,Tier 2,2023-02-23
CUST02750,Rahul Patel,Male,31,rahul.patel2750@example.com,Hyderabad,Telangana,Tier 1,2022-06-09
CUST02751,Amit Gupta,Male,19,amit.gupta2751@example.com,Bangalore,Karnataka,Tier 1,2022-08-12
CUST02752,Manoj Reddy,Male,21,manoj.reddy2752@example.com,Mumbai,Maharashtra,Tier 1,2022-02-27
CUST02753,Sanjay Patel,Male,18,sanjay.patel2753@example.com,Bhopal,Madhya Pradesh,Tier 2,2023-12-24
CUST02754,Divya Reddy,Female,31,divya.reddy2754@example.com,Pune,Maharashtra,Tier 1,2023-01-09
CUST02755,Divya Sharma,Female,23,divya.sharma2755@example.com,Raipur,Chhattisgarh,Tier 2,2022-03-29
CUST02756,Vikram Sharma,Male,25,vikram.sharma2756@example.com,Vadodara,Gujarat,Tier 2,2024-11-23
CUST02757,Manoj Patel,Male,18,manoj.patel2757@example.com,Pune,Maharashtra,Tier 1,2023-08-15
CUST02758,Rahul Reddy,Male,39,rahul.reddy2758@example.com,Chennai,Tamil Nadu,Tier 1,2024-05-28
CUST02759,Divya Nair,Female,26,divya.nair2759@example.com,Kolkata,West Bengal,Tier 1,2022-08-28
CUST02760,Shreya Nair,Female,29,shreya.nair2760@example.com,Shillong,Meghalaya,Tier 3,2022-08-04
CUST02761,Karan Patel,Male,41,karan.patel2761@example.com,Bangalore,Karnataka,Tier 1,2024-03-16
CUST02762,Deepak Reddy,Male,20,deepak.reddy2762@example.com,Bangalore,Karnataka,Tier 1,2022-07-17
CUST02763,Karan Joshi,Male,33,karan.joshi2763@example.com,Bhavnagar,Gujarat,Tier 3,2024-06-14
CUST02764,Karan Patel,Male,27,karan.patel2764@example.com,Mumbai,Maharashtra,Tier 1,2022-12-31
CUST02765,Sanjay Iyer,Male,37,sanjay.iyer2765@example.com,Kolkata,West Bengal,Tier 1,2023-01-08
CUST02766,Ritu Patel,Female,37,ritu.patel2766@example.com,Bangalore,Karnataka,Tier 1,2023-04-23
CUST02767,Ritu Gupta,Female,33,ritu.gupta2767@example.com,Mumbai,Maharashtra,Tier 1,2023-12-07
CUST02768,Amit Verma,Male,36,amit.verma2768@example.com,Bangalore,Karnataka,Tier 1,2023-10-23
CUST02769,Priya Gupta,Female,22,priya.gupta2769@example.com,Bangalore,Karnataka,Tier 1,2024-11-02
CUST02770,Deepak Verma,Male,31,deepak.verma2770@example.com,Bangalore,Karnataka,Tier 1,2024-01-15
CUST02771,Manoj Sharma,Male,34,manoj.sharma2771@example.com,Indore,Madhya Pradesh,Tier 2,2024-02-02
CUST02772,Deepak Gupta,Male,34,deepak.gupta2772@example.com,Vadodara,Gujarat,Tier 2,2023-07-12
CUST02773,Rohan Kumar,Male,46,rohan.kumar2773@example.com,Amritsar,Punjab,Tier 2,2023-08-20
CUST02774,Manoj Iyer,Male,18,manoj.iyer2774@example.com,Indore,Madhya Pradesh,Tier 2,2024-05-04
CUST02775,Arjun Verma,Male,35,arjun.verma2775@example.com,Nagpur,Maharashtra,Tier 2,2023-05-26
CUST02776,Arjun Kumar,Male,24,arjun.kumar2776@example.com,Bangalore,Karnataka,Tier 1,2023-07-25
CUST02777,Arjun Reddy,Male,21,arjun.reddy2777@example.com,Hyderabad,Telangana,Tier 1,2022-08-27
CUST02778,Neha Verma,Female,18,neha.verma2778@example.com,Pune,Maharashtra,Tier 1,2022-04-23
CUST02779,Meera Verma,Female,32,meera.verma2779@example.com,Ratlam,Madhya Pradesh,Tier 3,2024-03-11
CUST02780,Rahul Joshi,Male,39,rahul.joshi2780@example.com,Chennai,Tamil Nadu,Tier 1,2023-01-11
CUST02781,Shreya Sharma,Female,18,shreya.sharma2781@example.com,Aurangabad,Maharashtra,Tier 2,2023-09-12
CUST02782,Vikram Iyer,Male,19,vikram.iyer2782@example.com,Bangalore,Karnataka,Tier 1,2023-02-22
CUST02783,Rohan Gupta,Male,29,rohan.gupta2783@example.com,Mumbai,Maharashtra,Tier 1,2023-07-22
CUST02784,Vikram Nair,Male,31,vikram.nair2784@example.com,Kolkata,West Bengal,Tier 1,2024-04-25
CUST02785,Divya Patel,Female,30,divya.patel2785@example.com,Rohtak,Haryana,Tier 3,2022-01-21
CUST02786,Kavita Joshi,Female,36,kavita.joshi2786@example.com,Ratlam,Madhya Pradesh,Tier 3,2023-01-06
CUST02787,Karan Gupta,Male,44,karan.gupta2787@example.com,Aurangabad,Maharashtra,Tier 2,2022-03-19
CUST02788,Vikram Joshi,Male,44,vikram.joshi2788@example.com,Coimbatore,Tamil Nadu,Tier 2,2022-10-09
CUST02789,Anjali Sharma,Female,29,anjali.sharma2789@example.com,Pune,Maharashtra,Tier 1,2023-03-16
CUST02790,Meera Verma,Female,35,meera.verma2790@example.com,Delhi,Delhi,Tier 1,2022-04-05
CUST02791,Sanjay Singh,Male,45,sanjay.singh2791@example.com,Hyderabad,Telangana,Tier 1,2023-04-25
CUST02792,Neha Verma,Female,37,neha.verma2792@example.com,Delhi,Delhi,Tier 1,2023-08-24
CUST02793,Kavita Verma,Female,32,kavita.verma2793@example.com,Bangalore,Karnataka,Tier 1,2022-10-20
CUST02794,Sanjay Kumar,Male,51,sanjay.kumar2794@example.com,Indore,Madhya Pradesh,Tier 2,2024-02-01
CUST02795,Divya Patel,Female,19,divya.patel2795@example.com,Rajkot,Gujarat,Tier 2,2024-09-11
CUST02796,Priya Singh,Female,27,priya.singh2796@example.com,Mumbai,Maharashtra,Tier 1,2023-07-29
CUST02797,Ritu Reddy,Female,33,ritu.reddy2797@example.com,Kolkata,West Bengal,Tier 1,2022-02-09
CUST02798,Sanjay Singh,Male,28,sanjay.singh2798@example.com,Kolkata,West Bengal,Tier 1,2022-08-24
CUST02799,Kavita Verma,Female,40,kavita.verma2799@example.com,Ranchi,Jharkhand,Tier 2,2023-04-28
CUST02800,Meera Iyer,Female,26,meera.iyer2800@example.com,Pune,Maharashtra,Tier 1,2022-05-13
CUST02801,Manoj Sharma,Male,18,manoj.sharma2801@example.com,Rewa,Madhya Pradesh,Tier 3,2023-05-21
CUST02802,Deepak Sharma,Male,37,deepak.sharma2802@example.com,Shillong,Meghalaya,Tier 3,2024-05-15
CUST02803,Suresh Reddy,Male,19,suresh.reddy2803@example.com,Bhopal,Madhya Pradesh,Tier 2,2022-10-20
CUST02804,Anjali Gupta,Female,34,anjali.gupta2804@example.com,Delhi,Delhi,Tier 1,2023-05-17
CUST02805,Anjali Singh,Female,44,anjali.singh2805@example.com,Hyderabad,Telangana,Tier 1,2024-01-05
CUST02806,Meera Iyer,Female,43,meera.iyer2806@example.com,Hisar,Haryana,Tier 3,2023-08-24
CUST02807,Vikram Verma,Male,19,vikram.verma2807@example.com,Indore,Madhya Pradesh,Tier 2,2024-09-07
CUST02808,Pooja Reddy,Female,33,pooja.reddy2808@example.com,Hyderabad,Telangana,Tier 1,2022-12-09
CUST02809,Arjun Singh,Male,28,arjun.singh2809@example.com,Bangalore,Karnataka,Tier 1,2024-02-22
CUST02810,Pooja Iyer,Female,30,pooja.iyer2810@example.com,Chennai,Tamil Nadu,Tier 1,2023-05-07
CUST02811,Divya Sharma,Female,38,divya.sharma2811@example.com,Mumbai,Maharashtra,Tier 1,2022-06-22
CUST02812,Sanjay Patel,Male,43,sanjay.patel2812@example.com,Ranchi,Jharkhand,Tier 2,2022-01-11
CUST02813,Arjun Joshi,Male,23,arjun.joshi2813@example.com,Amritsar,Punjab,Tier 2,2024-11-01
CUST02814,Priya Singh,Female,45,priya.singh2814@example.com,Latur,Maharashtra,Tier 3,2024-03-28
CUST02815,Pooja Sharma,Female,24,pooja.sharma2815@example.com,Aurangabad,Maharashtra,Tier 2,2024-07-19
CUST02816,Karan Kumar,Male,26,karan.kumar2816@example.com,Delhi,Delhi,Tier 1,2024-05-04
CUST02817,Amit Patel,Male,20,amit.patel2817@example.com,Vadodara,Gujarat,Tier 2,2022-11-15
CUST02818,Ritu Verma,Female,32,ritu.verma2818@example.com,Akola,Maharashtra,Tier 3,2023-02-01
CUST02819,Ritu Nair,Female,27,ritu.nair2819@example.com,Vadodara,Gujarat,Tier 2,2023-04-05
CUST02820,Neha Sharma,Female,47,neha.sharma2820@example.com,Coimbatore,Tamil Nadu,Tier 2,2024-11-06
CUST02821,Kavita Kumar,Female,31,kavita.kumar2821@example.com,Indore,Madhya Pradesh,Tier 2,2023-05-20
CUST02822,Arjun Reddy,Male,56,arjun.reddy2822@example.com,Bhopal,Madhya Pradesh,Tier 2,2023-12-19
CUST02823,Meera Patel,Female,37,meera.patel2823@example.com,Rajkot,Gujarat,Tier 2,2024-09-19
CUST02824,Kavita Joshi,Female,44,kavita.joshi2824@example.com,Raipur,Chhattisgarh,Tier 2,2023-02-11
CUST02825,Deepak Joshi,Male,44,deepak.joshi2825@example.com,Aurangabad,Maharashtra,Tier 2,2023-08-19
CUST02826,Manoj Joshi,Male,32,manoj.joshi2826@example.com,Delhi,Delhi,Tier 1,2022-04-22
CUST02827,Kavita Sharma,Female,23,kavita.sharma2827@example.com,Delhi,Delhi,Tier 1,2024-08-05
CUST02828,Neha Iyer,Female,44,neha.iyer2828@example.com,Bhavnagar,Gujarat,Tier 3,2024-01-19
CUST02829,Anjali Reddy,Female,36,anjali.reddy2829@example.com,Kolkata,West Bengal,Tier 1,2022-09-03
CUST02830,Sanjay Patel,Male,38,sanjay.patel2830@example.com,Bangalore,Karnataka,Tier 1,2024-07-14
CUST02831,Shreya Verma,Female,18,shreya.verma2831@example.com,Pune,Maharashtra,Tier 1,2024-02-29
CUST02832,Rohan Reddy,Male,18,rohan.reddy2832@example.com,Nagpur,Maharashtra,Tier 2,2024-11-15
CUST02833,Manoj Reddy,Male,32,manoj.reddy2833@example.com,Raipur,Chhattisgarh,Tier 2,2023-04-21
CUST02834,Pooja Gupta,Female,37,pooja.gupta2834@example.com,Sagar,Madhya Pradesh,Tier 3,2024-05-24
CUST02835,Arjun Singh,Male,36,arjun.singh2835@example.com,Pune,Maharashtra,Tier 1,2023-04-07
CUST02836,Sneha Nair,Female,30,sneha.nair2836@example.com,Nagpur,Maharashtra,Tier 2,2023-08-22
CUST02837,Divya Reddy,Female,27,divya.reddy2837@example.com,Indore,Madhya Pradesh,Tier 2,2024-09-10
CUST02838,Kavita Nair,Female,44,kavita.nair2838@example.com,Aurangabad,Maharashtra,Tier 2,2023-05-02
CUST02839,Anjali Patel,Female,34,anjali.patel2839@example.com,Karimnagar,Telangana,Tier 3,2023-09-12
CUST02840,Kavita Patel,Female,36,kavita.patel2840@example.com,Hyderabad,Telangana,Tier 1,2023-10-26
CUST02841,Deepak Reddy,Male,41,deepak.reddy2841@example.com,Ranchi,Jharkhand,Tier 2,2022-05-31
CUST02842,Ritu Kumar,Female,39,ritu.kumar2842@example.com,Karimnagar,Telangana,Tier 3,2023-12-06
CUST02843,Amit Verma,Male,29,amit.verma2843@example.com,Pune,Maharashtra,Tier 1,2024-10-01
CUST02844,Manoj Reddy,Male,22,manoj.reddy2844@example.com,Akola,Maharashtra,Tier 3,2024-01-25
CUST02845,Shreya Nair,Female,40,shreya.nair2845@example.com,Indore,Madhya Pradesh,Tier 2,2023-10-02
CUST02846,Meera Joshi,Female,34,meera.joshi2846@example.com,Mumbai,Maharashtra,Tier 1,2024-07-07
CUST02847,Ritu Gupta,Female,20,ritu.gupta2847@example.com,Nagpur,Maharashtra,Tier 2,2022-04-30
CUST02848,Meera Reddy,Female,32,meera.reddy2848@example.com,Delhi,Delhi,Tier 1,2023-05-29
CUST02849,Sanjay Verma,Male,26,sanjay.verma2849@example.com,Akola,Maharashtra,Tier 3,2022-12-31
CUST02850,Ritu Reddy,Female,37,ritu.reddy2850@example.com,Nashik,Maharashtra,Tier 2,2022-09-04
CUST02851,Pooja Nair,Female,41,pooja.nair2851@example.com,Nagpur,Maharashtra,Tier 2,2023-09-07
CUST02852,Sneha Kumar,Female,50,sneha.kumar2852@example.com,Bangalore,Karnataka,Tier 1,2024-08-12
CUST02853,Rahul Reddy,Male,50,rahul.reddy2853@example.com,Karimnagar,Telangana,Tier 3,2022-09-10
CUST02854,Rahul Patel,Male,28,rahul.patel2854@example.com,Latur,Maharashtra,Tier 3,2024-08-18
CUST02855,Kavita Patel,Female,33,kavita.patel2855@example.com,Ratlam,Madhya Pradesh,Tier 3,2024-05-07
CUST02856,Pooja Nair,Female,32,pooja.nair2856@example.com,Chennai,Tamil Nadu,Tier 1,2022-05-13
CUST02857,Manoj Reddy,Male,39,manoj.reddy2857@example.com,Aurangabad,Maharashtra,Tier 2,2023-03-06
CUST02858,Neha Reddy,Female,25,neha.reddy2858@example.com,Nagpur,Maharashtra,Tier 2,2024-11-16
CUST02859,Karan Singh,Male,47,karan.singh2859@example.com,Raipur,Chhattisgarh,Tier 2,2022-07-21
CUST02860,Karan Gupta,Male,32,karan.gupta2860@example.com,Chennai,Tamil Nadu,Tier 1,2023-08-30
CUST02861,Deepak Verma,Male,50,deepak.verma2861@example.com,Indore,Madhya Pradesh,Tier 2,2024-02-09
CUST02862,Sneha Nair,Female,50,sneha.nair2862@example.com,Amritsar,Punjab,Tier 2,2023-07-08
CUST02863,Pooja Verma,Female,46,pooja.verma2863@example.com,Bhavnagar,Gujarat,Tier 3,2023-07-13
CUST02864,Karan Sharma,Male,41,karan.sharma2864@example.com,Mumbai,Maharashtra,Tier 1,2022-07-20
CUST02865,Rahul Joshi,Male,21,rahul.joshi2865@example.com,Pune,Maharashtra,Tier 1,2022-10-02
CUST02866,Manoj Reddy,Male,26,manoj.reddy2866@example.com,Raipur,Chhattisgarh,Tier 2,2023-01-14
CUST02867,Sanjay Singh,Male,28,sanjay.singh2867@example.com,Mumbai,Maharashtra,Tier 1,2022-03-06
CUST02868,Rohan Kumar,Male,26,rohan.kumar2868@example.com,Delhi,Delhi,Tier 1,2024-11-13
CUST02869,Karan Kumar,Male,44,karan.kumar2869@example.com,Delhi,Delhi,Tier 1,2023-05-06
CUST02870,Suresh Verma,Male,46,suresh.verma2870@example.com,Amritsar,Punjab,Tier 2,2024-06-29
CUST02871,Manoj Verma,Male,27,manoj.verma2871@example.com,Bhavnagar,Gujarat,Tier 3,2022-05-16
CUST02872,Shreya Verma,Female,28,shreya.verma2872@example.com,Mumbai,Maharashtra,Tier 1,2024-08-09
CUST02873,Suresh Kumar,Male,38,suresh.kumar2873@example.com,Indore,Madhya Pradesh,Tier 2,2022-04-30
CUST02874,Amit Iyer,Male,48,amit.iyer2874@example.com,Bhavnagar,Gujarat,Tier 3,2024-08-24
CUST02875,Pooja Reddy,Female,49,pooja.reddy2875@example.com,Kolkata,West Bengal,Tier 1,2023-12-19
CUST02876,Priya Reddy,Female,32,priya.reddy2876@example.com,Akola,Maharashtra,Tier 3,2024-08-07
CUST02877,Anjali Gupta,Female,43,anjali.gupta2877@example.com,Akola,Maharashtra,Tier 3,2023-05-04
CUST02878,Ritu Singh,Female,47,ritu.singh2878@example.com,Pune,Maharashtra,Tier 1,2024-04-30
CUST02879,Neha Patel,Female,39,neha.patel2879@example.com,Pune,Maharashtra,Tier 1,2024-08-07
CUST02880,Vikram Joshi,Male,53,vikram.joshi2880@example.com,Bangalore,Karnataka,Tier 1,2024-09-29
CUST02881,Amit Singh,Male,18,amit.singh2881@example.com,Ambala,Haryana,Tier 3,2024-02-19
CUST02882,Shreya Joshi,Female,41,shreya.joshi2882@example.com,Bangalore,Karnataka,Tier 1,2023-02-13
CUST02883,Vikram Nair,Male,25,vikram.nair2883@example.com,Ranchi,Jharkhand,Tier 2,2024-10-23
CUST02884,Anjali Gupta,Female,38,anjali.gupta2884@example.com,Pune,Maharashtra,Tier 1,2023-04-17
CUST02885,Deepak Sharma,Male,18,deepak.sharma2885@example.com,Chennai,Tamil Nadu,Tier 1,2022-05-14
CUST02886,Rohan Singh,Male,42,rohan.singh2886@example.com,Chennai,Tamil Nadu,Tier 1,2024-05-31
CUST02887,Rahul Singh,Male,21,rahul.singh2887@example.com,Indore,Madhya Pradesh,Tier 2,2022-02-04
CUST02888,Amit Patel,Male,32,amit.patel2888@example.com,Delhi,Delhi,Tier 1,2022-06-08
CUST02889,Divya Gupta,Female,26,divya.gupta2889@example.com,Vadodara,Gujarat,Tier 2,2023-07-03
CUST02890,Meera Kumar,Female,23,meera.kumar2890@example.com,Mumbai,Maharashtra,Tier 1,2022-10-06
CUST02891,Ritu Nair,Female,37,ritu.nair2891@example.com,Hyderabad,Telangana,Tier 1,2023-03-07
CUST02892,Suresh Patel,Male,38,suresh.patel2892@example.com,Hyderabad,Telangana,Tier 1,2022-12-26
CUST02893,Ritu Verma,Female,18,ritu.verma2893@example.com,Delhi,Delhi,Tier 1,2024-11-04
CUST02894,Neha Gupta,Female,25,neha.gupta2894@example.com,Chennai,Tamil Nadu,Tier 1,2024-07-01
CUST02895,Ritu Iyer,Female,36,ritu.iyer2895@example.com,Pune,Maharashtra,Tier 1,2023-06-07
CUST02896,Kavita Joshi,Female,32,kavita.joshi2896@example.com,Hyderabad,Telangana,Tier 1,2022-03-10
CUST02897,Ritu Gupta,Female,45,ritu.gupta2897@example.com,Akola,Maharashtra,Tier 3,2022-01-16
CUST02898,Kavita Verma,Female,24,kavita.verma2898@example.com,Chennai,Tamil Nadu,Tier 1,2022-09-30
CUST02899,Rahul Nair,Male,32,rahul.nair2899@example.com,Hyderabad,Telangana,Tier 1,2023-04-29
CUST02900,Sneha Joshi,Female,33,sneha.joshi2900@example.com,Bangalore,Karnataka,Tier 1,2024-10-30
CUST02901,Ritu Sharma,Female,42,ritu.sharma2901@example.com,Ambala,Haryana,Tier 3,2023-02-17
CUST02902,Arjun Reddy,Male,35,arjun.reddy2902@example.com,Mumbai,Maharashtra,Tier 1,2024-01-10
CUST02903,Pooja Verma,Female,48,pooja.verma2903@example.com,Bhavnagar,Gujarat,Tier 3,2023-02-01
CUST02904,Kavita Patel,Female,52,kavita.patel2904@example.com,Coimbatore,Tamil Nadu,Tier 2,2024-04-26
CUST02905,Rahul Singh,Male,34,rahul.singh2905@example.com,Nashik,Maharashtra,Tier 2,2022-03-10
CUST02906,Arjun Gupta,Male,34,arjun.gupta2906@example.com,Shillong,Meghalaya,Tier 3,2023-04-29
CUST02907,Pooja Nair,Female,32,pooja.nair2907@example.com,Hyderabad,Telangana,Tier 1,2022-05-29
CUST02908,Sneha Joshi,Female,42,sneha.joshi2908@example.com,Indore,Madhya Pradesh,Tier 2,2022-04-06
CUST02909,Amit Nair,Male,25,amit.nair2909@example.com,Sagar,Madhya Pradesh,Tier 3,2022-11-18
CUST02910,Manoj Reddy,Male,36,manoj.reddy2910@example.com,Bangalore,Karnataka,Tier 1,2022-10-21
CUST02911,Kavita Singh,Female,39,kavita.singh2911@example.com,Amritsar,Punjab,Tier 2,2023-05-28
CUST02912,Rahul Iyer,Male,18,rahul.iyer2912@example.com,Delhi,Delhi,Tier 1,2024-08-09
CUST02913,Suresh Reddy,Male,43,suresh.reddy2913@example.com,Hisar,Haryana,Tier 3,2024-10-28
CUST02914,Sanjay Patel,Male,39,sanjay.patel2914@example.com,Mumbai,Maharashtra,Tier 1,2022-09-29
CUST02915,Shreya Reddy,Female,21,shreya.reddy2915@example.com,Jodhpur,Rajasthan,Tier 2,2023-08-16
CUST02916,Suresh Sharma,Male,18,suresh.sharma2916@example.com,Sagar,Madhya Pradesh,Tier 3,2022-07-04
CUST02917,Sanjay Kumar,Male,33,sanjay.kumar2917@example.com,Pune,Maharashtra,Tier 1,2022-08-09
CUST02918,Priya Nair,Female,32,priya.nair2918@example.com,Delhi,Delhi,Tier 1,2023-09-14
CUST02919,Arjun Sharma,Male,42,arjun.sharma2919@example.com,Chennai,Tamil Nadu,Tier 1,2023-07-22
CUST02920,Anjali Reddy,Female,33,anjali.reddy2920@example.com,Akola,Maharashtra,Tier 3,2022-08-06
CUST02921,Sneha Singh,Female,28,sneha.singh2921@example.com,Pune,Maharashtra,Tier 1,2023-09-04
CUST02922,Ritu Verma,Female,38,ritu.verma2922@example.com,Kolkata,West Bengal,Tier 1,2023-01-03
CUST02923,Divya Joshi,Female,29,divya.joshi2923@example.com,Ranchi,Jharkhand,Tier 2,2023-09-08
CUST02924,Sneha Iyer,Female,34,sneha.iyer2924@example.com,Mumbai,Maharashtra,Tier 1,2023-03-18
CUST02925,Arjun Joshi,Male,33,arjun.joshi2925@example.com,Rajkot,Gujarat,Tier 2,2023-11-30
CUST02926,Rohan Sharma,Male,30,rohan.sharma2926@example.com,Indore,Madhya Pradesh,Tier 2,2024-07-11
CUST02927,Vikram Verma,Male,20,vikram.verma2927@example.com,Kolkata,West Bengal,Tier 1,2022-01-25
CUST02928,Pooja Patel,Female,28,pooja.patel2928@example.com,Bangalore,Karnataka,Tier 1,2023-03-10
CUST02929,Arjun Nair,Male,37,arjun.nair2929@example.com,Indore,Madhya Pradesh,Tier 2,2024-06-28
CUST02930,Suresh Sharma,Male,19,suresh.sharma2930@example.com,Mumbai,Maharashtra,Tier 1,2022-06-17
CUST02931,Suresh Verma,Male,39,suresh.verma2931@example.com,Akola,Maharashtra,Tier 3,2022-04-14
CUST02932,Shreya Reddy,Female,22,shreya.reddy2932@example.com,Bangalore,Karnataka,Tier 1,2024-01-19
CUST02933,Vikram Joshi,Male,39,vikram.joshi2933@example.com,Bangalore,Karnataka,Tier 1,2022-02-18
CUST02934,Vikram Singh,Male,45,vikram.singh2934@example.com,Hyderabad,Telangana,Tier 1,2022-03-08
CUST02935,Divya Verma,Female,33,divya.verma2935@example.com,Bhopal,Madhya Pradesh,Tier 2,2024-08-24
CUST02936,Manoj Iyer,Male,25,manoj.iyer2936@example.com,Ranchi,Jharkhand,Tier 2,2023-11-28
CUST02937,Sneha Singh,Female,23,sneha.singh2937@example.com,Amritsar,Punjab,Tier 2,2022-12-25
CUST02938,Pooja Verma,Female,18,pooja.verma2938@example.com,Kolkata,West Bengal,Tier 1,2023-03-02
CUST02939,Anjali Singh,Female,18,anjali.singh2939@example.com,Bangalore,Karnataka,Tier 1,2024-02-10
CUST02940,Rohan Verma,Male,36,rohan.verma2940@example.com,Chennai,Tamil Nadu,Tier 1,2023-04-15
CUST02941,Priya Gupta,Female,42,priya.gupta2941@example.com,Mumbai,Maharashtra,Tier 1,2022-11-06
CUST02942,Sanjay Reddy,Male,39,sanjay.reddy2942@example.com,Mumbai,Maharashtra,Tier 1,2022-09-26
CUST02943,Anjali Singh,Female,33,anjali.singh2943@example.com,Coimbatore,Tamil Nadu,Tier 2,2022-01-16
CUST02944,Sneha Iyer,Female,30,sneha.iyer2944@example.com,Delhi,Delhi,Tier 1,2023-04-27
CUST02945,Deepak Verma,Male,38,deepak.verma2945@example.com,Amritsar,Punjab,Tier 2,2022-09-26
CUST02946,Arjun Reddy,Male,27,arjun.reddy2946@example.com,Delhi,Delhi,Tier 1,2023-01-24
CUST02947,Karan Gupta,Male,44,karan.gupta2947@example.com,Hisar,Haryana,Tier 3,2024-09-25
CUST02948,Ritu Patel,Female,21,ritu.patel2948@example.com,Akola,Maharashtra,Tier 3,2023-01-03
CUST02949,Shreya Verma,Female,29,shreya.verma2949@example.com,Pune,Maharashtra,Tier 1,2022-10-31
CUST02950,Anjali Verma,Female,29,anjali.verma2950@example.com,Bhopal,Madhya Pradesh,Tier 2,2024-10-26
CUST02951,Sanjay Patel,Male,32,sanjay.patel2951@example.com,Delhi,Delhi,Tier 1,2024-04-25
CUST02952,Sanjay Nair,Male,30,sanjay.nair2952@example.com,Vadodara,Gujarat,Tier 2,2024-01-24
CUST02953,Sneha Verma,Female,51,sneha.verma2953@example.com,Hyderabad,Telangana,Tier 1,2023-01-12
CUST02954,Arjun Reddy,Male,24,arjun.reddy2954@example.com,Chennai,Tamil Nadu,Tier 1,2022-09-10
CUST02955,Karan Nair,Male,35,karan.nair2955@example.com,Delhi,Delhi,Tier 1,2022-01-31
CUST02956,Priya Iyer,Female,39,priya.iyer2956@example.com,Hyderabad,Telangana,Tier 1,2023-07-02
CUST02957,Anjali Sharma,Female,18,anjali.sharma2957@example.com,Vadodara,Gujarat,Tier 2,2024-05-07
CUST02958,Ritu Gupta,Female,33,ritu.gupta2958@example.com,Amritsar,Punjab,Tier 2,2024-08-13
CUST02959,Karan Patel,Male,28,karan.patel2959@example.com,Rewa,Madhya Pradesh,Tier 3,2022-09-20
CUST02960,Meera Joshi,Female,37,meera.joshi2960@example.com,Chennai,Tamil Nadu,Tier 1,2024-08-20
CUST02961,Anjali Sharma,Female,32,anjali.sharma2961@example.com,Hyderabad,Telangana,Tier 1,2022-11-25
CUST02962,Amit Gupta,Male,18,amit.gupta2962@example.com,Pune,Maharashtra,Tier 1,2023-08-04
CUST02963,Rahul Joshi,Male,48,rahul.joshi2963@example.com,Mumbai,Maharashtra,Tier 1,2024-10-15
CUST02964,Amit Nair,Male,46,amit.nair2964@example.com,Bangalore,Karnataka,Tier 1,2023-09-11
CUST02965,Pooja Joshi,Female,24,pooja.joshi2965@example.com,Akola,Maharashtra,Tier 3,2023-02-09
CUST02966,Ritu Reddy,Female,34,ritu.reddy2966@example.com,Shillong,Meghalaya,Tier 3,2022-01-12
CUST02967,Suresh Iyer,Male,24,suresh.iyer2967@example.com,Indore,Madhya Pradesh,Tier 2,2024-05-27
CUST02968,Rohan Singh,Male,31,rohan.singh2968@example.com,Coimbatore,Tamil Nadu,Tier 2,2023-09-06
CUST02969,Shreya Kumar,Female,47,shreya.kumar2969@example.com,Amritsar,Punjab,Tier 2,2024-03-22
CUST02970,Amit Patel,Male,53,amit.patel2970@example.com,Pune,Maharashtra,Tier 1,2022-07-28
CUST02971,Sneha Gupta,Female,19,sneha.gupta2971@example.com,Chennai,Tamil Nadu,Tier 1,2023-06-06
CUST02972,Anjali Patel,Female,39,anjali.patel2972@example.com,Delhi,Delhi,Tier 1,2023-09-20
CUST02973,Divya Patel,Female,33,divya.patel2973@example.com,Delhi,Delhi,Tier 1,2023-07-13
CUST02974,Ritu Singh,Female,36,ritu.singh2974@example.com,Mumbai,Maharashtra,Tier 1,2024-05-09
CUST02975,Suresh Verma,Male,30,suresh.verma2975@example.com,Nagpur,Maharashtra,Tier 2,2023-07-10
CUST02976,Manoj Singh,Male,37,manoj.singh2976@example.com,Bhavnagar,Gujarat,Tier 3,2024-08-01
CUST02977,Sanjay Gupta,Male,43,sanjay.gupta2977@example.com,Hyderabad,Telangana,Tier 1,2023-08-10
CUST02978,Rahul Sharma,Male,37,rahul.sharma2978@example.com,Hyderabad,Telangana,Tier 1,2023-08-02
CUST02979,Pooja Nair,Female,27,pooja.nair2979@example.com,Chennai,Tamil Nadu,Tier 1,2023-01-10
CUST02980,Vikram Verma,Male,35,vikram.verma2980@example.com,Chennai,Tamil Nadu,Tier 1,2023-04-19
CUST02981,Kavita Iyer,Female,39,kavita.iyer2981@example.com,Indore,Madhya Pradesh,Tier 2,2023-06-15
CUST02982,Meera Kumar,Female,44,meera.kumar2982@example.com,Rajkot,Gujarat,Tier 2,2023-03-02
CUST02983,Sneha Singh,Female,35,sneha.singh2983@example.com,Pune,Maharashtra,Tier 1,2022-05-13
CUST02984,Arjun Kumar,Male,34,arjun.kumar2984@example.com,Hisar,Haryana,Tier 3,2024-10-05
CUST02985,Meera Joshi,Female,43,meera.joshi2985@example.com,Raipur,Chhattisgarh,Tier 2,2023-10-23
CUST02986,Suresh Nair,Male,40,suresh.nair2986@example.com,Hyderabad,Telangana,Tier 1,2023-02-14
CUST02987,Vikram Reddy,Male,18,vikram.reddy2987@example.com,Shillong,Meghalaya,Tier 3,2023-11-11
CUST02988,Arjun Iyer,Male,31,arjun.iyer2988@example.com,Sagar,Madhya Pradesh,Tier 3,2022-03-06
CUST02989,Manoj Reddy,Male,27,manoj.reddy2989@example.com,Mumbai,Maharashtra,Tier 1,2022-05-26
CUST02990,Amit Gupta,Male,26,amit.gupta2990@example.com,Bangalore,Karnataka,Tier 1,2024-04-14
CUST02991,Suresh Nair,Male,29,suresh.nair2991@example.com,Hyderabad,Telangana,Tier 1,2022-08-01
CUST02992,Suresh Singh,Male,21,suresh.singh2992@example.com,Hyderabad,Telangana,Tier 1,2022-01-27
CUST02993,Shreya Reddy,Female,38,shreya.reddy2993@example.com,Bangalore,Karnataka,Tier 1,2024-02-29
CUST02994,Pooja Sharma,Female,42,pooja.sharma2994@example.com,Bangalore,Karnataka,Tier 1,2024-02-25
CUST02995,Shreya Verma,Female,45,shreya.verma2995@example.com,Chennai,Tamil Nadu,Tier 1,2022-08-25
CUST02996,Shreya Singh,Female,32,shreya.singh2996@example.com,Hyderabad,Telangana,Tier 1,2024-07-25
CUST02997,Rahul Iyer,Male,32,rahul.iyer2997@example.com,Rewa,Madhya Pradesh,Tier 3,2024-03-28
CUST02998,Sanjay Patel,Male,31,sanjay.patel2998@example.com,Amritsar,Punjab,Tier 2,2024-03-06
CUST02999,Shreya Nair,Female,35,shreya.nair2999@example.com,Chennai,Tamil Nadu,Tier 1,2024-11-16
CUST03000,Suresh Iyer,Male,33,suresh.iyer3000@example.com,Amritsar,Punjab,Tier 2,2023-07-05
CUST03001,Suresh Sharma,Male,30,suresh.sharma3001@example.com,Bangalore,Karnataka,Tier 1,2023-08-29
CUST03002,Rohan Kumar,Male,25,rohan.kumar3002@example.com,Rajkot,Gujarat,Tier 2,2024-06-17
CUST03003,Rahul Iyer,Male,40,rahul.iyer3003@example.com,Jodhpur,Rajasthan,Tier 2,2024-02-26
CUST03004,Karan Singh,Male,34,karan.singh3004@example.com,Bangalore,Karnataka,Tier 1,2022-06-22
CUST03005,Rahul Kumar,Male,26,rahul.kumar3005@example.com,Ambala,Haryana,Tier 3,2022-03-05
CUST03006,Sneha Nair,Female,34,sneha.nair3006@example.com,Bhopal,Madhya Pradesh,Tier 2,2023-04-03
CUST03007,Amit Kumar,Male,37,amit.kumar3007@example.com,Pune,Maharashtra,Tier 1,2024-09-05
CUST03008,Karan Joshi,Male,37,karan.joshi3008@example.com,Delhi,Delhi,Tier 1,2022-10-23
CUST03009,Pooja Sharma,Female,20,pooja.sharma3009@example.com,Mumbai,Maharashtra,Tier 1,2023-11-15
CUST03010,Pooja Reddy,Female,32,pooja.reddy3010@example.com,Hyderabad,Telangana,Tier 1,2022-02-04
CUST03011,Anjali Kumar,Female,35,anjali.kumar3011@example.com,Aurangabad,Maharashtra,Tier 2,2024-02-14
CUST03012,Neha Joshi,Female,18,neha.joshi3012@example.com,Vadodara,Gujarat,Tier 2,2022-03-17
CUST03013,Shreya Patel,Female,30,shreya.patel3013@example.com,Hyderabad,Telangana,Tier 1,2022-04-27
CUST03014,Suresh Patel,Male,38,suresh.patel3014@example.com,Ambala,Haryana,Tier 3,2022-10-22
CUST03015,Suresh Kumar,Male,40,suresh.kumar3015@example.com,Aurangabad,Maharashtra,Tier 2,2024-11-10
CUST03016,Shreya Iyer,Female,29,shreya.iyer3016@example.com,Mumbai,Maharashtra,Tier 1,2023-05-12
CUST03017,Karan Reddy,Male,38,karan.reddy3017@example.com,Ranchi,Jharkhand,Tier 2,2022-02-13
CUST03018,Deepak Iyer,Male,23,deepak.iyer3018@example.com,Akola,Maharashtra,Tier 3,2023-03-30
CUST03019,Meera Singh,Female,28,meera.singh3019@example.com,Raipur,Chhattisgarh,Tier 2,2023-05-22
CUST03020,Ritu Iyer,Female,21,ritu.iyer3020@example.com,Rajkot,Gujarat,Tier 2,2023-09-12
CUST03021,Divya Sharma,Female,18,divya.sharma3021@example.com,Hyderabad,Telangana,Tier 1,2022-12-03
CUST03022,Karan Verma,Male,22,karan.verma3022@example.com,Chennai,Tamil Nadu,Tier 1,2022-08-29
CUST03023,Manoj Kumar,Male,33,manoj.kumar3023@example.com,Kolkata,West Bengal,Tier 1,2023-12-26
CUST03024,Neha Joshi,Female,31,neha.joshi3024@example.com,Coimbatore,Tamil Nadu,Tier 2,2024-01-17
CUST03025,Priya Reddy,Female,25,priya.reddy3025@example.com,Chennai,Tamil Nadu,Tier 1,2023-05-10
CUST03026,Priya Iyer,Female,37,priya.iyer3026@example.com,Bhopal,Madhya Pradesh,Tier 2,2024-10-17
CUST03027,Priya Verma,Female,21,priya.verma3027@example.com,Ranchi,Jharkhand,Tier 2,2022-02-15
CUST03028,Anjali Singh,Female,31,anjali.singh3028@example.com,Mumbai,Maharashtra,Tier 1,2024-07-01
CUST03029,Suresh Joshi,Male,31,suresh.joshi3029@example.com,Chennai,Tamil Nadu,Tier 1,2023-09-08
CUST03030,Priya Verma,Female,21,priya.verma3030@example.com,Hyderabad,Telangana,Tier 1,2022-11-03
CUST03031,Rohan Nair,Male,28,rohan.nair3031@example.com,Pune,Maharashtra,Tier 1,2023-01-30
CUST03032,Neha Gupta,Female,34,neha.gupta3032@example.com,Bhopal,Madhya Pradesh,Tier 2,2024-02-12
CUST03033,Suresh Kumar,Male,37,suresh.kumar3033@example.com,Pune,Maharashtra,Tier 1,2023-01-13
CUST03034,Sanjay Joshi,Male,18,sanjay.joshi3034@example.com,Raipur,Chhattisgarh,Tier 2,2024-05-17
CUST03035,Amit Verma,Male,27,amit.verma3035@example.com,Pune,Maharashtra,Tier 1,2022-01-03
CUST03036,Manoj Verma,Male,39,manoj.verma3036@example.com,Latur,Maharashtra,Tier 3,2022-10-02
CUST03037,Rohan Gupta,Male,53,rohan.gupta3037@example.com,Ranchi,Jharkhand,Tier 2,2022-08-03
CUST03038,Priya Nair,Female,33,priya.nair3038@example.com,Mumbai,Maharashtra,Tier 1,2024-02-06
CUST03039,Priya Verma,Female,36,priya.verma3039@example.com,Hyderabad,Telangana,Tier 1,2022-08-05
CUST03040,Divya Patel,Female,40,divya.patel3040@example.com,Bangalore,Karnataka,Tier 1,2022-11-30
CUST03041,Deepak Kumar,Male,25,deepak.kumar3041@example.com,Kolkata,West Bengal,Tier 1,2022-11-28
CUST03042,Shreya Verma,Female,29,shreya.verma3042@example.com,Jodhpur,Rajasthan,Tier 2,2023-03-27
CUST03043,Rahul Patel,Male,36,rahul.patel3043@example.com,Hyderabad,Telangana,Tier 1,2023-04-03
CUST03044,Vikram Nair,Male,33,vikram.nair3044@example.com,Delhi,Delhi,Tier 1,2023-01-28
CUST03045,Sanjay Iyer,Male,29,sanjay.iyer3045@example.com,Shillong,Meghalaya,Tier 3,2023-02-03
CUST03046,Anjali Joshi,Female,34,anjali.joshi3046@example.com,Vadodara,Gujarat,Tier 2,2022-05-14
CUST03047,Sneha Reddy,Female,36,sneha.reddy3047@example.com,Hisar,Haryana,Tier 3,2024-07-23
CUST03048,Sanjay Reddy,Male,26,sanjay.reddy3048@example.com,Hyderabad,Telangana,Tier 1,2024-04-04
CUST03049,Neha Sharma,Female,30,neha.sharma3049@example.com,Kolkata,West Bengal,Tier 1,2023-09-24
CUST03050,Anjali Joshi,Female,44,anjali.joshi3050@example.com,Vadodara,Gujarat,Tier 2,2023-09-28
CUST03051,Manoj Kumar,Male,20,manoj.kumar3051@example.com,Hyderabad,Telangana,Tier 1,2024-05-17
CUST03052,Priya Singh,Female,18,priya.singh3052@example.com,Nagpur,Maharashtra,Tier 2,2022-12-14
CUST03053,Divya Kumar,Female,32,divya.kumar3053@example.com,Delhi,Delhi,Tier 1,2024-11-16
CUST03054,Arjun Nair,Male,30,arjun.nair3054@example.com,Nagpur,Maharashtra,Tier 2,2022-06-15
CUST03055,Arjun Nair,Male,22,arjun.nair3055@example.com,Rohtak,Haryana,Tier 3,2024-10-16
CUST03056,Vikram Patel,Male,48,vikram.patel3056@example.com,Karimnagar,Telangana,Tier 3,2022-08-10
CUST03057,Divya Patel,Female,37,divya.patel3057@example.com,Ratlam,Madhya Pradesh,Tier 3,2023-09-18
CUST03058,Ritu Verma,Female,48,ritu.verma3058@example.com,Rewa,Madhya Pradesh,Tier 3,2024-10-11
CUST03059,Ritu Iyer,Female,30,ritu.iyer3059@example.com,Kolkata,West Bengal,Tier 1,2023-12-09
CUST03060,Manoj Nair,Male,32,manoj.nair3060@example.com,Chennai,Tamil Nadu,Tier 1,2023-10-02
CUST03061,Neha Singh,Female,18,neha.singh3061@example.com,Ambala,Haryana,Tier 3,2022-08-03
CUST03062,Shreya Joshi,Female,32,shreya.joshi3062@example.com,Jodhpur,Rajasthan,Tier 2,2022-12-15
CUST03063,Rahul Sharma,Male,33,rahul.sharma3063@example.com,Karimnagar,Telangana,Tier 3,2024-06-12
CUST03064,Rohan Verma,Male,31,rohan.verma3064@example.com,Shillong,Meghalaya,Tier 3,2024-11-05
CUST03065,Sanjay Iyer,Male,40,sanjay.iyer3065@example.com,Pune,Maharashtra,Tier 1,2024-06-16
CUST03066,Rohan Verma,Male,30,rohan.verma3066@example.com,Bangalore,Karnataka,Tier 1,2023-09-10
CUST03067,Ritu Verma,Female,39,ritu.verma3067@example.com,Bhavnagar,Gujarat,Tier 3,2023-09-04
CUST03068,Anjali Sharma,Female,23,anjali.sharma3068@example.com,Latur,Maharashtra,Tier 3,2022-02-20
CUST03069,Sanjay Singh,Male,41,sanjay.singh3069@example.com,Shillong,Meghalaya,Tier 3,2022-06-23
CUST03070,Vikram Singh,Male,22,vikram.singh3070@example.com,Chennai,Tamil Nadu,Tier 1,2023-11-28
CUST03071,Ritu Patel,Female,41,ritu.patel3071@example.com,Indore,Madhya Pradesh,Tier 2,2024-08-26
CUST03072,Rohan Kumar,Male,33,rohan.kumar3072@example.com,Amritsar,Punjab,Tier 2,2024-06-28
CUST03073,Sneha Gupta,Female,29,sneha.gupta3073@example.com,Rajkot,Gujarat,Tier 2,2024-05-26
CUST03074,Karan Nair,Male,22,karan.nair3074@example.com,Delhi,Delhi,Tier 1,2024-10-20
CUST03075,Manoj Sharma,Male,19,manoj.sharma3075@example.com,Sagar,Madhya Pradesh,Tier 3,2022-09-01
CUST03076,Rohan Sharma,Male,42,rohan.sharma3076@example.com,Pune,Maharashtra,Tier 1,2023-02-01
CUST03077,Rahul Singh,Male,37,rahul.singh3077@example.com,Kolkata,West Bengal,Tier 1,2024-05-09
CUST03078,Arjun Patel,Male,23,arjun.patel3078@example.com,Aurangabad,Maharashtra,Tier 2,2023-12-07
CUST03079,Pooja Gupta,Female,30,pooja.gupta3079@example.com,Pune,Maharashtra,Tier 1,2022-08-03
CUST03080,Meera Singh,Female,27,meera.singh3080@example.com,Jodhpur,Rajasthan,Tier 2,2022-07-13
CUST03081,Amit Iyer,Male,18,amit.iyer3081@example.com,Nashik,Maharashtra,Tier 2,2022-04-14
CUST03082,Anjali Joshi,Female,40,anjali.joshi3082@example.com,Karimnagar,Telangana,Tier 3,2023-11-22
CUST03083,Deepak Kumar,Male,24,deepak.kumar3083@example.com,Indore,Madhya Pradesh,Tier 2,2023-04-19
CUST03084,Sanjay Gupta,Male,26,sanjay.gupta3084@example.com,Indore,Madhya Pradesh,Tier 2,2022-10-31
CUST03085,Priya Gupta,Female,39,priya.gupta3085@example.com,Nagpur,Maharashtra,Tier 2,2022-11-30
CUST03086,Ritu Singh,Female,37,ritu.singh3086@example.com,Rewa,Madhya Pradesh,Tier 3,2024-01-03
CUST03087,Suresh Verma,Male,27,suresh.verma3087@example.com,Indore,Madhya Pradesh,Tier 2,2022-03-18
CUST03088,Deepak Joshi,Male,45,deepak.joshi3088@example.com,Ranchi,Jharkhand,Tier 2,2022-09-02
CUST03089,Ritu Joshi,Female,41,ritu.joshi3089@example.com,Rohtak,Haryana,Tier 3,2022-02-01
CUST03090,Manoj Iyer,Male,28,manoj.iyer3090@example.com,Mumbai,Maharashtra,Tier 1,2024-04-09
CUST03091,Rahul Singh,Male,23,rahul.singh3091@example.com,Bangalore,Karnataka,Tier 1,2024-03-01
CUST03092,Pooja Singh,Female,51,pooja.singh3092@example.com,Karimnagar,Telangana,Tier 3,2023-06-18
CUST03093,Rohan Nair,Male,31,rohan.nair3093@example.com,Latur,Maharashtra,Tier 3,2024-02-03
CUST03094,Priya Gupta,Female,27,priya.gupta3094@example.com,Kolkata,West Bengal,Tier 1,2024-05-14
CUST03095,Manoj Joshi,Male,30,manoj.joshi3095@example.com,Rajkot,Gujarat,Tier 2,2024-05-08
CUST03096,Arjun Verma,Male,24,arjun.verma3096@example.com,Shillong,Meghalaya,Tier 3,2024-07-15
CUST03097,Deepak Iyer,Male,30,deepak.iyer3097@example.com,Hyderabad,Telangana,Tier 1,2022-06-10
CUST03098,Priya Verma,Female,36,priya.verma3098@example.com,Bhavnagar,Gujarat,Tier 3,2023-04-18
CUST03099,Meera Gupta,Female,36,meera.gupta3099@example.com,Nagpur,Maharashtra,Tier 2,2024-11-28
CUST03100,Ritu Iyer,Female,40,ritu.iyer3100@example.com,Pune,Maharashtra,Tier 1,2022-09-26
CUST03101,Rahul Sharma,Male,22,rahul.sharma3101@example.com,Bangalore,Karnataka,Tier 1,2022-12-01
CUST03102,Deepak Joshi,Male,30,deepak.joshi3102@example.com,Latur,Maharashtra,Tier 3,2023-01-21
CUST03103,Deepak Iyer,Male,25,deepak.iyer3103@example.com,Aurangabad,Maharashtra,Tier 2,2024-03-04
CUST03104,Ritu Patel,Female,27,ritu.patel3104@example.com,Mumbai,Maharashtra,Tier 1,2022-07-21
CUST03105,Meera Patel,Female,36,meera.patel3105@example.com,Karimnagar,Telangana,Tier 3,2022-10-24
CUST03106,Anjali Joshi,Female,18,anjali.joshi3106@example.com,Indore,Madhya Pradesh,Tier 2,2024-03-02
CUST03107,Pooja Singh,Female,26,pooja.singh3107@example.com,Nashik,Maharashtra,Tier 2,2024-08-19
CUST03108,Rohan Gupta,Male,35,rohan.gupta3108@example.com,Hyderabad,Telangana,Tier 1,2024-07-27
CUST03109,Rohan Reddy,Male,31,rohan.reddy3109@example.com,Akola,Maharashtra,Tier 3,2022-01-15
CUST03110,Rahul Gupta,Male,25,rahul.gupta3110@example.com,Pune,Maharashtra,Tier 1,2022-02-04
CUST03111,Amit Sharma,Male,33,amit.sharma3111@example.com,Kolkata,West Bengal,Tier 1,2024-09-08
CUST03112,Neha Kumar,Female,36,neha.kumar3112@example.com,Delhi,Delhi,Tier 1,2024-05-01
CUST03113,Kavita Joshi,Female,18,kavita.joshi3113@example.com,Nagpur,Maharashtra,Tier 2,2023-11-25
CUST03114,Suresh Patel,Male,37,suresh.patel3114@example.com,Pune,Maharashtra,Tier 1,2024-08-17
CUST03115,Divya Verma,Female,37,divya.verma3115@example.com,Bilaspur,Chhattisgarh,Tier 3,2022-05-01
CUST03116,Amit Kumar,Male,33,amit.kumar3116@example.com,Amritsar,Punjab,Tier 2,2024-08-23
CUST03117,Sanjay Singh,Male,19,sanjay.singh3117@example.com,Chennai,Tamil Nadu,Tier 1,2022-01-14
CUST03118,Sanjay Kumar,Male,27,sanjay.kumar3118@example.com,Kolkata,West Bengal,Tier 1,2023-07-02
CUST03119,Pooja Nair,Female,27,pooja.nair3119@example.com,Bangalore,Karnataka,Tier 1,2024-10-04
CUST03120,Meera Nair,Female,53,meera.nair3120@example.com,Rewa,Madhya Pradesh,Tier 3,2023-09-06
CUST03121,Arjun Reddy,Male,34,arjun.reddy3121@example.com,Indore,Madhya Pradesh,Tier 2,2024-11-11
CUST03122,Sneha Verma,Female,33,sneha.verma3122@example.com,Pune,Maharashtra,Tier 1,2024-03-09
CUST03123,Deepak Gupta,Male,18,deepak.gupta3123@example.com,Delhi,Delhi,Tier 1,2022-09-03
CUST03124,Amit Singh,Male,47,amit.singh3124@example.com,Rewa,Madhya Pradesh,Tier 3,2023-01-29
CUST03125,Rahul Gupta,Male,30,rahul.gupta3125@example.com,Pune,Maharashtra,Tier 1,2022-01-08
CUST03126,Divya Verma,Female,32,divya.verma3126@example.com,Pune,Maharashtra,Tier 1,2024-06-30
CUST03127,Priya Kumar,Female,43,priya.kumar3127@example.com,Latur,Maharashtra,Tier 3,2023-12-17
CUST03128,Sneha Verma,Female,42,sneha.verma3128@example.com,Bangalore,Karnataka,Tier 1,2024-01-23
CUST03129,Shreya Reddy,Female,38,shreya.reddy3129@example.com,Latur,Maharashtra,Tier 3,2024-03-04
CUST03130,Karan Reddy,Male,29,karan.reddy3130@example.com,Hyderabad,Telangana,Tier 1,2022-01-08
CUST03131,Rohan Gupta,Male,28,rohan.gupta3131@example.com,Rajkot,Gujarat,Tier 2,2022-03-22
CUST03132,Karan Nair,Male,27,karan.nair3132@example.com,Aurangabad,Maharashtra,Tier 2,2022-11-24
CUST03133,Priya Nair,Female,30,priya.nair3133@example.com,Nagpur,Maharashtra,Tier 2,2022-10-29
CUST03134,Manoj Singh,Male,44,manoj.singh3134@example.com,Ratlam,Madhya Pradesh,Tier 3,2022-10-03
CUST03135,Rahul Singh,Male,36,rahul.singh3135@example.com,Vadodara,Gujarat,Tier 2,2023-09-13
CUST03136,Ritu Sharma,Female,27,ritu.sharma3136@example.com,Shillong,Meghalaya,Tier 3,2022-07-02
CUST03137,Sneha Nair,Female,28,sneha.nair3137@example.com,Indore,Madhya Pradesh,Tier 2,2022-03-13
CUST03138,Shreya Joshi,Female,48,shreya.joshi3138@example.com,Hyderabad,Telangana,Tier 1,2022-09-26
CUST03139,Neha Reddy,Female,36,neha.reddy3139@example.com,Ranchi,Jharkhand,Tier 2,2024-09-21
CUST03140,Vikram Sharma,Male,42,vikram.sharma3140@example.com,Hyderabad,Telangana,Tier 1,2024-01-25
CUST03141,Anjali Gupta,Female,41,anjali.gupta3141@example.com,Bangalore,Karnataka,Tier 1,2024-01-10
CUST03142,Kavita Joshi,Female,48,kavita.joshi3142@example.com,Kolkata,West Bengal,Tier 1,2022-09-15
CUST03143,Manoj Kumar,Male,43,manoj.kumar3143@example.com,Aurangabad,Maharashtra,Tier 2,2023-02-13
CUST03144,Sneha Joshi,Female,23,sneha.joshi3144@example.com,Ratlam,Madhya Pradesh,Tier 3,2024-06-20
CUST03145,Suresh Joshi,Male,19,suresh.joshi3145@example.com,Nagpur,Maharashtra,Tier 2,2022-10-01
CUST03146,Sneha Patel,Female,41,sneha.patel3146@example.com,Pune,Maharashtra,Tier 1,2024-05-25
CUST03147,Priya Iyer,Female,31,priya.iyer3147@example.com,Hisar,Haryana,Tier 3,2024-05-27
CUST03148,Priya Singh,Female,36,priya.singh3148@example.com,Mumbai,Maharashtra,Tier 1,2023-07-15
CUST03149,Karan Sharma,Male,32,karan.sharma3149@example.com,Hyderabad,Telangana,Tier 1,2023-12-23
CUST03150,Suresh Joshi,Male,34,suresh.joshi3150@example.com,Bilaspur,Chhattisgarh,Tier 3,2023-11-25
CUST03151,Anjali Iyer,Female,32,anjali.iyer3151@example.com,Ranchi,Jharkhand,Tier 2,2023-05-10
CUST03152,Sneha Kumar,Female,18,sneha.kumar3152@example.com,Delhi,Delhi,Tier 1,2023-07-12
CUST03153,Neha Gupta,Female,32,neha.gupta3153@example.com,Kolkata,West Bengal,Tier 1,2024-05-04
CUST03154,Vikram Joshi,Male,29,vikram.joshi3154@example.com,Pune,Maharashtra,Tier 1,2024-11-07
CUST03155,Rohan Verma,Male,24,rohan.verma3155@example.com,Amritsar,Punjab,Tier 2,2024-07-16
CUST03156,Vikram Nair,Male,49,vikram.nair3156@example.com,Pune,Maharashtra,Tier 1,2022-02-10
CUST03157,Shreya Singh,Female,42,shreya.singh3157@example.com,Kolkata,West Bengal,Tier 1,2022-09-17
CUST03158,Rahul Kumar,Male,35,rahul.kumar3158@example.com,Nagpur,Maharashtra,Tier 2,2024-09-12
CUST03159,Arjun Nair,Male,30,arjun.nair3159@example.com,Bangalore,Karnataka,Tier 1,2022-05-16
CUST03160,Manoj Gupta,Male,38,manoj.gupta3160@example.com,Raipur,Chhattisgarh,Tier 2,2023-08-13
CUST03161,Amit Nair,Male,42,amit.nair3161@example.com,Ratlam,Madhya Pradesh,Tier 3,2023-11-21
CUST03162,Deepak Verma,Male,32,deepak.verma3162@example.com,Hyderabad,Telangana,Tier 1,2022-10-22
CUST03163,Arjun Joshi,Male,18,arjun.joshi3163@example.com,Delhi,Delhi,Tier 1,2024-03-16
CUST03164,Anjali Reddy,Female,18,anjali.reddy3164@example.com,Nashik,Maharashtra,Tier 2,2024-02-03
CUST03165,Rahul Singh,Male,51,rahul.singh3165@example.com,Bangalore,Karnataka,Tier 1,2023-07-01
CUST03166,Kavita Reddy,Female,40,kavita.reddy3166@example.com,Jodhpur,Rajasthan,Tier 2,2023-07-14
CUST03167,Divya Kumar,Female,31,divya.kumar3167@example.com,Amritsar,Punjab,Tier 2,2022-03-20
CUST03168,Vikram Singh,Male,18,vikram.singh3168@example.com,Jodhpur,Rajasthan,Tier 2,2023-03-26
CUST03169,Neha Joshi,Female,41,neha.joshi3169@example.com,Mumbai,Maharashtra,Tier 1,2022-07-17
CUST03170,Manoj Gupta,Male,29,manoj.gupta3170@example.com,Nagpur,Maharashtra,Tier 2,2023-08-10
CUST03171,Pooja Reddy,Female,41,pooja.reddy3171@example.com,Nashik,Maharashtra,Tier 2,2023-09-19
CUST03172,Vikram Reddy,Male,18,vikram.reddy3172@example.com,Kolkata,West Bengal,Tier 1,2023-01-09
CUST03173,Amit Gupta,Male,20,amit.gupta3173@example.com,Amritsar,Punjab,Tier 2,2024-03-29
CUST03174,Meera Verma,Female,29,meera.verma3174@example.com,Chennai,Tamil Nadu,Tier 1,2022-03-06
CUST03175,Manoj Iyer,Male,46,manoj.iyer3175@example.com,Kolkata,West Bengal,Tier 1,2024-03-26
CUST03176,Kavita Kumar,Female,29,kavita.kumar3176@example.com,Ambala,Haryana,Tier 3,2024-02-26
CUST03177,Pooja Singh,Female,22,pooja.singh3177@example.com,Delhi,Delhi,Tier 1,2023-09-08
CUST03178,Pooja Iyer,Female,21,pooja.iyer3178@example.com,Delhi,Delhi,Tier 1,2023-08-07
CUST03179,Rohan Iyer,Male,30,rohan.iyer3179@example.com,Ratlam,Madhya Pradesh,Tier 3,2022-08-19
CUST03180,Kavita Verma,Female,47,kavita.verma3180@example.com,Raipur,Chhattisgarh,Tier 2,2023-07-15
CUST03181,Arjun Iyer,Male,20,arjun.iyer3181@example.com,Bangalore,Karnataka,Tier 1,2022-03-13
CUST03182,Sanjay Reddy,Male,32,sanjay.reddy3182@example.com,Jodhpur,Rajasthan,Tier 2,2022-04-16
CUST03183,Deepak Gupta,Male,32,deepak.gupta3183@example.com,Coimbatore,Tamil Nadu,Tier 2,2024-02-15
CUST03184,Manoj Kumar,Male,28,manoj.kumar3184@example.com,Aurangabad,Maharashtra,Tier 2,2024-08-03
CUST03185,Kavita Singh,Female,44,kavita.singh3185@example.com,Kolkata,West Bengal,Tier 1,2022-06-29
CUST03186,Karan Reddy,Male,18,karan.reddy3186@example.com,Indore,Madhya Pradesh,Tier 2,2022-08-15
CUST03187,Manoj Iyer,Male,25,manoj.iyer3187@example.com,Rohtak,Haryana,Tier 3,2023-03-04
CUST03188,Vikram Iyer,Male,42,vikram.iyer3188@example.com,Ambala,Haryana,Tier 3,2023-03-04
CUST03189,Amit Reddy,Male,43,amit.reddy3189@example.com,Mumbai,Maharashtra,Tier 1,2024-03-22
CUST03190,Anjali Patel,Female,23,anjali.patel3190@example.com,Vadodara,Gujarat,Tier 2,2022-09-22
CUST03191,Karan Sharma,Male,22,karan.sharma3191@example.com,Kolkata,West Bengal,Tier 1,2022-06-04
CUST03192,Amit Patel,Male,39,amit.patel3192@example.com,Pune,Maharashtra,Tier 1,2023-01-21
CUST03193,Ritu Singh,Female,41,ritu.singh3193@example.com,Chennai,Tamil Nadu,Tier 1,2023-02-18
CUST03194,Meera Gupta,Female,32,meera.gupta3194@example.com,Delhi,Delhi,Tier 1,2024-04-18
CUST03195,Anjali Singh,Female,18,anjali.singh3195@example.com,Raipur,Chhattisgarh,Tier 2,2023-10-13
CUST03196,Shreya Joshi,Female,25,shreya.joshi3196@example.com,Kolkata,West Bengal,Tier 1,2023-08-29
CUST03197,Rahul Verma,Male,31,rahul.verma3197@example.com,Chennai,Tamil Nadu,Tier 1,2024-04-30
CUST03198,Divya Reddy,Female,39,divya.reddy3198@example.com,Raipur,Chhattisgarh,Tier 2,2023-05-17
CUST03199,Ritu Kumar,Female,31,ritu.kumar3199@example.com,Pune,Maharashtra,Tier 1,2024-10-14
CUST03200,Vikram Joshi,Male,32,vikram.joshi3200@example.com,Rajkot,Gujarat,Tier 2,2022-08-05
CUST03201,Vikram Sharma,Male,34,vikram.sharma3201@example.com,Ranchi,Jharkhand,Tier 2,2024-02-13
CUST03202,Divya Reddy,Female,24,divya.reddy3202@example.com,Chennai,Tamil Nadu,Tier 1,2022-09-24
CUST03203,Neha Nair,Female,30,neha.nair3203@example.com,Nashik,Maharashtra,Tier 2,2024-10-19
CUST03204,Anjali Gupta,Female,50,anjali.gupta3204@example.com,Shillong,Meghalaya,Tier 3,2024-11-25
CUST03205,Kavita Sharma,Female,39,kavita.sharma3205@example.com,Vadodara,Gujarat,Tier 2,2022-08-08
CUST03206,Sneha Singh,Female,23,sneha.singh3206@example.com,Bilaspur,Chhattisgarh,Tier 3,2022-12-17
CUST03207,Neha Patel,Female,34,neha.patel3207@example.com,Karimnagar,Telangana,Tier 3,2023-05-07
CUST03208,Karan Nair,Male,48,karan.nair3208@example.com,Nagpur,Maharashtra,Tier 2,2022-02-02
CUST03209,Anjali Singh,Female,26,anjali.singh3209@example.com,Bangalore,Karnataka,Tier 1,2023-07-20
CUST03210,Amit Kumar,Male,38,amit.kumar3210@example.com,Bangalore,Karnataka,Tier 1,2022-12-25
CUST03211,Divya Gupta,Female,31,divya.gupta3211@example.com,Bangalore,Karnataka,Tier 1,2022-07-12
CUST03212,Sneha Joshi,Female,18,sneha.joshi3212@example.com,Bhavnagar,Gujarat,Tier 3,2023-04-23
CUST03213,Suresh Patel,Male,34,suresh.patel3213@example.com,Indore,Madhya Pradesh,Tier 2,2023-10-15
CUST03214,Deepak Nair,Male,26,deepak.nair3214@example.com,Mumbai,Maharashtra,Tier 1,2024-03-03
CUST03215,Rahul Joshi,Male,40,rahul.joshi3215@example.com,Kolkata,West Bengal,Tier 1,2023-08-11
CUST03216,Rahul Iyer,Male,28,rahul.iyer3216@example.com,Mumbai,Maharashtra,Tier 1,2023-08-29
CUST03217,Pooja Kumar,Female,36,pooja.kumar3217@example.com,Latur,Maharashtra,Tier 3,2023-07-23
CUST03218,Divya Nair,Female,34,divya.nair3218@example.com,Chennai,Tamil Nadu,Tier 1,2022-03-13
CUST03219,Sneha Verma,Female,19,sneha.verma3219@example.com,Bhopal,Madhya Pradesh,Tier 2,2022-03-07
CUST03220,Sanjay Reddy,Male,33,sanjay.reddy3220@example.com,Pune,Maharashtra,Tier 1,2024-08-31
CUST03221,Anjali Patel,Female,41,anjali.patel3221@example.com,Hisar,Haryana,Tier 3,2023-05-23
CUST03222,Arjun Verma,Male,18,arjun.verma3222@example.com,Vadodara,Gujarat,Tier 2,2023-02-26
CUST03223,Amit Singh,Male,26,amit.singh3223@example.com,Raipur,Chhattisgarh,Tier 2,2023-04-23
CUST03224,Sneha Iyer,Female,33,sneha.iyer3224@example.com,Bhavnagar,Gujarat,Tier 3,2022-03-19
CUST03225,Arjun Sharma,Male,20,arjun.sharma3225@example.com,Pune,Maharashtra,Tier 1,2023-03-17
CUST03226,Deepak Singh,Male,20,deepak.singh3226@example.com,Karimnagar,Telangana,Tier 3,2024-07-05
CUST03227,Rahul Gupta,Male,20,rahul.gupta3227@example.com,Delhi,Delhi,Tier 1,2023-09-01
CUST03228,Pooja Gupta,Female,34,pooja.gupta3228@example.com,Delhi,Delhi,Tier 1,2024-03-21
CUST03229,Neha Iyer,Female,35,neha.iyer3229@example.com,Vadodara,Gujarat,Tier 2,2023-06-10
CUST03230,Sanjay Kumar,Male,40,sanjay.kumar3230@example.com,Kolkata,West Bengal,Tier 1,2023-11-14
CUST03231,Amit Nair,Male,32,amit.nair3231@example.com,Bhavnagar,Gujarat,Tier 3,2023-01-03
CUST03232,Rahul Reddy,Male,40,rahul.reddy3232@example.com,Raipur,Chhattisgarh,Tier 2,2024-10-08
CUST03233,Meera Joshi,Female,19,meera.joshi3233@example.com,Akola,Maharashtra,Tier 3,2022-06-18
CUST03234,Rahul Reddy,Male,18,rahul.reddy3234@example.com,Coimbatore,Tamil Nadu,Tier 2,2023-05-19
CUST03235,Shreya Reddy,Female,18,shreya.reddy3235@example.com,Pune,Maharashtra,Tier 1,2022-02-13
CUST03236,Arjun Iyer,Male,46,arjun.iyer3236@example.com,Amritsar,Punjab,Tier 2,2024-04-22
CUST03237,Suresh Gupta,Male,27,suresh.gupta3237@example.com,Chennai,Tamil Nadu,Tier 1,2022-01-23
CUST03238,Divya Reddy,Female,32,divya.reddy3238@example.com,Bangalore,Karnataka,Tier 1,2022-06-24
CUST03239,Meera Iyer,Female,30,meera.iyer3239@example.com,Jodhpur,Rajasthan,Tier 2,2023-09-13
CUST03240,Rohan Verma,Male,28,rohan.verma3240@example.com,Bangalore,Karnataka,Tier 1,2023-07-11
CUST03241,Divya Singh,Female,45,divya.singh3241@example.com,Vadodara,Gujarat,Tier 2,2024-11-12
CUST03242,Anjali Patel,Female,18,anjali.patel3242@example.com,Delhi,Delhi,Tier 1,2023-07-04
CUST03243,Anjali Singh,Female,43,anjali.singh3243@example.com,Rajkot,Gujarat,Tier 2,2024-11-27
CUST03244,Neha Iyer,Female,24,neha.iyer3244@example.com,Shillong,Meghalaya,Tier 3,2023-06-01
CUST03245,Shreya Reddy,Female,34,shreya.reddy3245@example.com,Kolkata,West Bengal,Tier 1,2022-05-03
CUST03246,Rahul Kumar,Male,25,rahul.kumar3246@example.com,Amritsar,Punjab,Tier 2,2023-02-27
CUST03247,Karan Sharma,Male,43,karan.sharma3247@example.com,Bangalore,Karnataka,Tier 1,2024-03-14
CUST03248,Sneha Singh,Female,22,sneha.singh3248@example.com,Rohtak,Haryana,Tier 3,2022-04-06
CUST03249,Divya Reddy,Female,46,divya.reddy3249@example.com,Hyderabad,Telangana,Tier 1,2024-08-24
CUST03250,Priya Kumar,Female,23,priya.kumar3250@example.com,Aurangabad,Maharashtra,Tier 2,2023-06-21
CUST03251,Arjun Sharma,Male,37,arjun.sharma3251@example.com,Hyderabad,Telangana,Tier 1,2022-03-28
CUST03252,Ritu Gupta,Female,28,ritu.gupta3252@example.com,Bangalore,Karnataka,Tier 1,2024-09-20
CUST03253,Deepak Gupta,Male,30,deepak.gupta3253@example.com,Chennai,Tamil Nadu,Tier 1,2024-04-01
CUST03254,Manoj Joshi,Male,31,manoj.joshi3254@example.com,Amritsar,Punjab,Tier 2,2024-07-21
CUST03255,Manoj Nair,Male,22,manoj.nair3255@example.com,Nashik,Maharashtra,Tier 2,2024-04-19
CUST03256,Karan Verma,Male,18,karan.verma3256@example.com,Mumbai,Maharashtra,Tier 1,2024-04-18
CUST03257,Kavita Nair,Female,42,kavita.nair3257@example.com,Kolkata,West Bengal,Tier 1,2024-08-31
CUST03258,Deepak Gupta,Male,34,deepak.gupta3258@example.com,Akola,Maharashtra,Tier 3,2023-05-25
CUST03259,Vikram Nair,Male,37,vikram.nair3259@example.com,Nashik,Maharashtra,Tier 2,2022-06-05
CUST03260,Suresh Patel,Male,31,suresh.patel3260@example.com,Aurangabad,Maharashtra,Tier 2,2023-04-26
CUST03261,Ritu Gupta,Female,18,ritu.gupta3261@example.com,Nashik,Maharashtra,Tier 2,2022-03-10
CUST03262,Rahul Sharma,Male,41,rahul.sharma3262@example.com,Chennai,Tamil Nadu,Tier 1,2023-05-15
CUST03263,Deepak Reddy,Male,22,deepak.reddy3263@example.com,Latur,Maharashtra,Tier 3,2022-12-23
CUST03264,Vikram Kumar,Male,41,vikram.kumar3264@example.com,Rajkot,Gujarat,Tier 2,2022-10-06
CUST03265,Rohan Gupta,Male,25,rohan.gupta3265@example.com,Bangalore,Karnataka,Tier 1,2022-04-23
CUST03266,Anjali Reddy,Female,32,anjali.reddy3266@example.com,Latur,Maharashtra,Tier 3,2024-10-02
CUST03267,Neha Kumar,Female,31,neha.kumar3267@example.com,Amritsar,Punjab,Tier 2,2023-12-21
CUST03268,Amit Nair,Male,31,amit.nair3268@example.com,Akola,Maharashtra,Tier 3,2022-06-26
CUST03269,Priya Sharma,Female,31,priya.sharma3269@example.com,Pune,Maharashtra,Tier 1,2024-04-26
CUST03270,Amit Joshi,Male,51,amit.joshi3270@example.com,Raipur,Chhattisgarh,Tier 2,2022-08-24
CUST03271,Manoj Kumar,Male,34,manoj.kumar3271@example.com,Karimnagar,Telangana,Tier 3,2023-11-16
CUST03272,Meera Sharma,Female,48,meera.sharma3272@example.com,Nashik,Maharashtra,Tier 2,2023-07-04
CUST03273,Divya Gupta,Female,45,divya.gupta3273@example.com,Bangalore,Karnataka,Tier 1,2022-03-26
CUST03274,Shreya Iyer,Female,27,shreya.iyer3274@example.com,Indore,Madhya Pradesh,Tier 2,2022-01-12
CUST03275,Ritu Verma,Female,33,ritu.verma3275@example.com,Aurangabad,Maharashtra,Tier 2,2024-11-19
CUST03276,Meera Kumar,Female,26,meera.kumar3276@example.com,Delhi,Delhi,Tier 1,2023-03-17
CUST03277,Meera Nair,Female,21,meera.nair3277@example.com,Rajkot,Gujarat,Tier 2,2023-04-13
CUST03278,Priya Iyer,Female,21,priya.iyer3278@example.com,Coimbatore,Tamil Nadu,Tier 2,2024-07-05
CUST03279,Kavita Nair,Female,29,kavita.nair3279@example.com,Shillong,Meghalaya,Tier 3,2022-12-05
CUST03280,Sanjay Gupta,Male,21,sanjay.gupta3280@example.com,Pune,Maharashtra,Tier 1,2023-04-20
CUST03281,Karan Gupta,Male,18,karan.gupta3281@example.com,Jodhpur,Rajasthan,Tier 2,2022-01-27
CUST03282,Divya Joshi,Female,39,divya.joshi3282@example.com,Hyderabad,Telangana,Tier 1,2023-02-19
CUST03283,Kavita Patel,Female,32,kavita.patel3283@example.com,Mumbai,Maharashtra,Tier 1,2023-03-05
CUST03284,Amit Nair,Male,33,amit.nair3284@example.com,Amritsar,Punjab,Tier 2,2023-12-18
CUST03285,Sanjay Joshi,Male,41,sanjay.joshi3285@example.com,Bhavnagar,Gujarat,Tier 3,2023-06-28
CUST03286,Vikram Reddy,Male,35,vikram.reddy3286@example.com,Delhi,Delhi,Tier 1,2022-05-16
CUST03287,Meera Joshi,Female,50,meera.joshi3287@example.com,Chennai,Tamil Nadu,Tier 1,2024-03-24
CUST03288,Sanjay Kumar,Male,25,sanjay.kumar3288@example.com,Sagar,Madhya Pradesh,Tier 3,2022-07-17
CUST03289,Kavita Patel,Female,29,kavita.patel3289@example.com,Karimnagar,Telangana,Tier 3,2022-03-12
CUST03290,Shreya Joshi,Female,50,shreya.joshi3290@example.com,Mumbai,Maharashtra,Tier 1,2024-05-16
CUST03291,Suresh Gupta,Male,50,suresh.gupta3291@example.com,Karimnagar,Telangana,Tier 3,2022-09-19
CUST03292,Meera Iyer,Female,44,meera.iyer3292@example.com,Ranchi,Jharkhand,Tier 2,2024-11-02
CUST03293,Arjun Iyer,Male,24,arjun.iyer3293@example.com,Nashik,Maharashtra,Tier 2,2022-10-13
CUST03294,Meera Nair,Female,33,meera.nair3294@example.com,Raipur,Chhattisgarh,Tier 2,2023-05-13
CUST03295,Amit Reddy,Male,30,amit.reddy3295@example.com,Shillong,Meghalaya,Tier 3,2023-12-06
CUST03296,Karan Patel,Male,39,karan.patel3296@example.com,Pune,Maharashtra,Tier 1,2023-07-13
CUST03297,Vikram Nair,Male,26,vikram.nair3297@example.com,Kolkata,West Bengal,Tier 1,2024-07-31
CUST03298,Vikram Gupta,Male,35,vikram.gupta3298@example.com,Pune,Maharashtra,Tier 1,2022-04-02
CUST03299,Rahul Reddy,Male,31,rahul.reddy3299@example.com,Rajkot,Gujarat,Tier 2,2023-12-29
CUST03300,Deepak Iyer,Male,38,deepak.iyer3300@example.com,Hyderabad,Telangana,Tier 1,2022-09-21
CUST03301,Ritu Sharma,Female,32,ritu.sharma3301@example.com,Bhopal,Madhya Pradesh,Tier 2,2023-12-25
CUST03302,Karan Kumar,Male,34,karan.kumar3302@example.com,Rewa,Madhya Pradesh,Tier 3,2023-07-30
CUST03303,Meera Singh,Female,24,meera.singh3303@example.com,Raipur,Chhattisgarh,Tier 2,2023-03-07
CUST03304,Shreya Patel,Female,38,shreya.patel3304@example.com,Chennai,Tamil Nadu,Tier 1,2022-09-01
CUST03305,Meera Gupta,Female,33,meera.gupta3305@example.com,Bhavnagar,Gujarat,Tier 3,2022-04-15
CUST03306,Meera Joshi,Female,34,meera.joshi3306@example.com,Bilaspur,Chhattisgarh,Tier 3,2024-03-28
CUST03307,Divya Gupta,Female,18,divya.gupta3307@example.com,Rewa,Madhya Pradesh,Tier 3,2022-05-24
CUST03308,Vikram Nair,Male,34,vikram.nair3308@example.com,Nashik,Maharashtra,Tier 2,2024-04-23
CUST03309,Priya Singh,Female,18,priya.singh3309@example.com,Shillong,Meghalaya,Tier 3,2024-04-16
CUST03310,Vikram Iyer,Male,20,vikram.iyer3310@example.com,Hyderabad,Telangana,Tier 1,2022-09-06
CUST03311,Suresh Gupta,Male,33,suresh.gupta3311@example.com,Indore,Madhya Pradesh,Tier 2,2023-11-23
CUST03312,Deepak Iyer,Male,20,deepak.iyer3312@example.com,Delhi,Delhi,Tier 1,2024-10-02
CUST03313,Rahul Joshi,Male,32,rahul.joshi3313@example.com,Nashik,Maharashtra,Tier 2,2023-06-06
CUST03314,Amit Singh,Male,47,amit.singh3314@example.com,Rajkot,Gujarat,Tier 2,2022-04-28
CUST03315,Arjun Sharma,Male,18,arjun.sharma3315@example.com,Amritsar,Punjab,Tier 2,2022-01-23
CUST03316,Sneha Reddy,Female,29,sneha.reddy3316@example.com,Coimbatore,Tamil Nadu,Tier 2,2022-07-18
CUST03317,Kavita Joshi,Female,47,kavita.joshi3317@example.com,Chennai,Tamil Nadu,Tier 1,2024-02-14
CUST03318,Meera Nair,Female,27,meera.nair3318@example.com,Aurangabad,Maharashtra,Tier 2,2022-10-23
CUST03319,Amit Joshi,Male,28,amit.joshi3319@example.com,Pune,Maharashtra,Tier 1,2024-09-27
CUST03320,Rohan Kumar,Male,46,rohan.kumar3320@example.com,Delhi,Delhi,Tier 1,2022-03-03
CUST03321,Shreya Verma,Female,29,shreya.verma3321@example.com,Delhi,Delhi,Tier 1,2022-09-13
CUST03322,Kavita Joshi,Female,27,kavita.joshi3322@example.com,Bhavnagar,Gujarat,Tier 3,2022-09-02
CUST03323,Shreya Iyer,Female,30,shreya.iyer3323@example.com,Bilaspur,Chhattisgarh,Tier 3,2024-02-19
CUST03324,Rahul Gupta,Male,31,rahul.gupta3324@example.com,Delhi,Delhi,Tier 1,2023-01-01
CUST03325,Manoj Patel,Male,34,manoj.patel3325@example.com,Coimbatore,Tamil Nadu,Tier 2,2024-08-02
CUST03326,Sanjay Sharma,Male,25,sanjay.sharma3326@example.com,Delhi,Delhi,Tier 1,2022-08-18
CUST03327,Rahul Patel,Male,39,rahul.patel3327@example.com,Bangalore,Karnataka,Tier 1,2023-07-22
CUST03328,Ritu Iyer,Female,21,ritu.iyer3328@example.com,Chennai,Tamil Nadu,Tier 1,2024-10-30
CUST03329,Meera Verma,Female,36,meera.verma3329@example.com,Nashik,Maharashtra,Tier 2,2022-10-17
CUST03330,Ritu Reddy,Female,25,ritu.reddy3330@example.com,Coimbatore,Tamil Nadu,Tier 2,2022-10-16
CUST03331,Kavita Kumar,Female,31,kavita.kumar3331@example.com,Raipur,Chhattisgarh,Tier 2,2024-05-06
CUST03332,Meera Verma,Female,42,meera.verma3332@example.com,Rohtak,Haryana,Tier 3,2023-07-18
CUST03333,Vikram Kumar,Male,36,vikram.kumar3333@example.com,Chennai,Tamil Nadu,Tier 1,2022-01-13
CUST03334,Karan Nair,Male,26,karan.nair3334@example.com,Pune,Maharashtra,Tier 1,2022-11-08
CUST03335,Sneha Verma,Female,32,sneha.verma3335@example.com,Rajkot,Gujarat,Tier 2,2022-12-05
CUST03336,Kavita Patel,Female,20,kavita.patel3336@example.com,Chennai,Tamil Nadu,Tier 1,2022-02-11
CUST03337,Divya Singh,Female,23,divya.singh3337@example.com,Nagpur,Maharashtra,Tier 2,2024-08-27
CUST03338,Pooja Joshi,Female,40,pooja.joshi3338@example.com,Shillong,Meghalaya,Tier 3,2024-03-04
CUST03339,Karan Singh,Male,43,karan.singh3339@example.com,Chennai,Tamil Nadu,Tier 1,2023-06-15
CUST03340,Rohan Iyer,Male,23,rohan.iyer3340@example.com,Delhi,Delhi,Tier 1,2024-08-06
CUST03341,Rahul Joshi,Male,38,rahul.joshi3341@example.com,Ratlam,Madhya Pradesh,Tier 3,2022-07-11
CUST03342,Anjali Singh,Female,26,anjali.singh3342@example.com,Vadodara,Gujarat,Tier 2,2023-12-06
CUST03343,Manoj Kumar,Male,46,manoj.kumar3343@example.com,Bangalore,Karnataka,Tier 1,2022-06-03
CUST03344,Divya Reddy,Female,31,divya.reddy3344@example.com,Mumbai,Maharashtra,Tier 1,2023-09-03
CUST03345,Sneha Sharma,Female,41,sneha.sharma3345@example.com,Mumbai,Maharashtra,Tier 1,2024-02-13
CUST03346,Sanjay Joshi,Male,37,sanjay.joshi3346@example.com,Chennai,Tamil Nadu,Tier 1,2023-03-02
CUST03347,Divya Patel,Female,18,divya.patel3347@example.com,Amritsar,Punjab,Tier 2,2022-03-05
CUST03348,Rahul Singh,Male,30,rahul.singh3348@example.com,Hyderabad,Telangana,Tier 1,2023-04-15
CUST03349,Vikram Patel,Male,18,vikram.patel3349@example.com,Mumbai,Maharashtra,Tier 1,2022-03-25
CUST03350,Anjali Sharma,Female,35,anjali.sharma3350@example.com,Mumbai,Maharashtra,Tier 1,2023-11-11
CUST03351,Arjun Verma,Male,40,arjun.verma3351@example.com,Hyderabad,Telangana,Tier 1,2022-11-14
CUST03352,Pooja Joshi,Female,44,pooja.joshi3352@example.com,Kolkata,West Bengal,Tier 1,2023-05-10
CUST03353,Arjun Singh,Male,47,arjun.singh3353@example.com,Shillong,Meghalaya,Tier 3,2024-04-14
CUST03354,Manoj Singh,Male,42,manoj.singh3354@example.com,Shillong,Meghalaya,Tier 3,2023-11-06
CUST03355,Karan Reddy,Male,22,karan.reddy3355@example.com,Rohtak,Haryana,Tier 3,2023-12-16
CUST03356,Amit Gupta,Male,35,amit.gupta3356@example.com,Amritsar,Punjab,Tier 2,2022-07-11
CUST03357,Suresh Verma,Male,35,suresh.verma3357@example.com,Kolkata,West Bengal,Tier 1,2023-05-31
CUST03358,Priya Kumar,Female,25,priya.kumar3358@example.com,Bhopal,Madhya Pradesh,Tier 2,2022-02-28
CUST03359,Deepak Reddy,Male,20,deepak.reddy3359@example.com,Chennai,Tamil Nadu,Tier 1,2023-02-03
CUST03360,Suresh Kumar,Male,25,suresh.kumar3360@example.com,Bhopal,Madhya Pradesh,Tier 2,2023-02-02
CUST03361,Anjali Singh,Female,31,anjali.singh3361@example.com,Chennai,Tamil Nadu,Tier 1,2023-03-12
CUST03362,Manoj Iyer,Male,27,manoj.iyer3362@example.com,Hisar,Haryana,Tier 3,2022-08-02
CUST03363,Amit Patel,Male,32,amit.patel3363@example.com,Akola,Maharashtra,Tier 3,2022-05-15
CUST03364,Vikram Singh,Male,25,vikram.singh3364@example.com,Pune,Maharashtra,Tier 1,2023-01-24
CUST03365,Vikram Sharma,Male,26,vikram.sharma3365@example.com,Chennai,Tamil Nadu,Tier 1,2023-12-05
CUST03366,Divya Verma,Female,29,divya.verma3366@example.com,Sagar,Madhya Pradesh,Tier 3,2024-11-25
CUST03367,Suresh Gupta,Male,22,suresh.gupta3367@example.com,Shillong,Meghalaya,Tier 3,2023-11-05
CUST03368,Suresh Sharma,Male,31,suresh.sharma3368@example.com,Raipur,Chhattisgarh,Tier 2,2023-04-21
CUST03369,Neha Kumar,Female,18,neha.kumar3369@example.com,Karimnagar,Telangana,Tier 3,2022-07-29
CUST03370,Ritu Gupta,Female,35,ritu.gupta3370@example.com,Delhi,Delhi,Tier 1,2024-09-20
CUST03371,Pooja Patel,Female,48,pooja.patel3371@example.com,Sagar,Madhya Pradesh,Tier 3,2024-06-17
CUST03372,Divya Kumar,Female,18,divya.kumar3372@example.com,Bangalore,Karnataka,Tier 1,2023-05-08
CUST03373,Kavita Joshi,Female,18,kavita.joshi3373@example.com,Mumbai,Maharashtra,Tier 1,2023-08-28
CUST03374,Meera Iyer,Female,43,meera.iyer3374@example.com,Bangalore,Karnataka,Tier 1,2022-06-21
CUST03375,Rahul Joshi,Male,23,rahul.joshi3375@example.com,Ambala,Haryana,Tier 3,2022-03-07
CUST03376,Deepak Joshi,Male,39,deepak.joshi3376@example.com,Hyderabad,Telangana,Tier 1,2023-11-01
CUST03377,Kavita Kumar,Female,22,kavita.kumar3377@example.com,Sagar,Madhya Pradesh,Tier 3,2024-05-05
CUST03378,Meera Nair,Female,35,meera.nair3378@example.com,Delhi,Delhi,Tier 1,2023-05-27
CUST03379,Anjali Nair,Female,44,anjali.nair3379@example.com,Kolkata,West Bengal,Tier 1,2022-03-20
CUST03380,Pooja Iyer,Female,35,pooja.iyer3380@example.com,Coimbatore,Tamil Nadu,Tier 2,2024-10-25
CUST03381,Amit Nair,Male,42,amit.nair3381@example.com,Bangalore,Karnataka,Tier 1,2024-05-04
CUST03382,Sanjay Patel,Male,29,sanjay.patel3382@example.com,Pune,Maharashtra,Tier 1,2023-06-06
CUST03383,Kavita Joshi,Female,18,kavita.joshi3383@example.com,Rajkot,Gujarat,Tier 2,2023-11-01
CUST03384,Arjun Verma,Male,26,arjun.verma3384@example.com,Hyderabad,Telangana,Tier 1,2023-06-19
CUST03385,Priya Patel,Female,25,priya.patel3385@example.com,Pune,Maharashtra,Tier 1,2022-08-18
CUST03386,Kavita Singh,Female,24,kavita.singh3386@example.com,Hyderabad,Telangana,Tier 1,2023-02-28
CUST03387,Vikram Singh,Male,41,vikram.singh3387@example.com,Ambala,Haryana,Tier 3,2022-02-01
CUST03388,Sanjay Nair,Male,34,sanjay.nair3388@example.com,Vadodara,Gujarat,Tier 2,2023-07-11
CUST03389,Sanjay Joshi,Male,33,sanjay.joshi3389@example.com,Bhopal,Madhya Pradesh,Tier 2,2023-01-01
CUST03390,Ritu Iyer,Female,31,ritu.iyer3390@example.com,Hisar,Haryana,Tier 3,2022-01-11
CUST03391,Suresh Singh,Male,20,suresh.singh3391@example.com,Kolkata,West Bengal,Tier 1,2023-02-23
CUST03392,Divya Reddy,Female,24,divya.reddy3392@example.com,Jodhpur,Rajasthan,Tier 2,2022-04-02
CUST03393,Rohan Nair,Male,29,rohan.nair3393@example.com,Bangalore,Karnataka,Tier 1,2024-08-12
CUST03394,Ritu Kumar,Female,21,ritu.kumar3394@example.com,Akola,Maharashtra,Tier 3,2022-07-13
CUST03395,Shreya Sharma,Female,30,shreya.sharma3395@example.com,Chennai,Tamil Nadu,Tier 1,2023-10-01
CUST03396,Suresh Joshi,Male,38,suresh.joshi3396@example.com,Delhi,Delhi,Tier 1,2023-11-26
CUST03397,Manoj Patel,Male,37,manoj.patel3397@example.com,Raipur,Chhattisgarh,Tier 2,2023-04-15
CUST03398,Priya Verma,Female,30,priya.verma3398@example.com,Delhi,Delhi,Tier 1,2023-02-24
CUST03399,Arjun Iyer,Male,32,arjun.iyer3399@example.com,Vadodara,Gujarat,Tier 2,2024-02-01
CUST03400,Sanjay Sharma,Male,33,sanjay.sharma3400@example.com,Aurangabad,Maharashtra,Tier 2,2024-08-11
CUST03401,Rohan Patel,Male,40,rohan.patel3401@example.com,Pune,Maharashtra,Tier 1,2024-10-18
CUST03402,Anjali Patel,Female,34,anjali.patel3402@example.com,Bangalore,Karnataka,Tier 1,2022-07-03
CUST03403,Karan Verma,Male,35,karan.verma3403@example.com,Delhi,Delhi,Tier 1,2022-07-05
CUST03404,Vikram Nair,Male,39,vikram.nair3404@example.com,Raipur,Chhattisgarh,Tier 2,2024-05-08
CUST03405,Sanjay Patel,Male,41,sanjay.patel3405@example.com,Nashik,Maharashtra,Tier 2,2024-02-22
CUST03406,Sanjay Nair,Male,31,sanjay.nair3406@example.com,Bangalore,Karnataka,Tier 1,2024-10-03
CUST03407,Pooja Iyer,Female,35,pooja.iyer3407@example.com,Ambala,Haryana,Tier 3,2023-11-08
CUST03408,Divya Gupta,Female,18,divya.gupta3408@example.com,Amritsar,Punjab,Tier 2,2023-05-05
CUST03409,Neha Singh,Female,39,neha.singh3409@example.com,Indore,Madhya Pradesh,Tier 2,2022-07-10
CUST03410,Kavita Kumar,Female,34,kavita.kumar3410@example.com,Bhopal,Madhya Pradesh,Tier 2,2022-06-02
CUST03411,Shreya Reddy,Female,34,shreya.reddy3411@example.com,Kolkata,West Bengal,Tier 1,2023-11-29
CUST03412,Arjun Iyer,Male,32,arjun.iyer3412@example.com,Chennai,Tamil Nadu,Tier 1,2023-05-15
CUST03413,Rohan Joshi,Male,32,rohan.joshi3413@example.com,Pune,Maharashtra,Tier 1,2022-01-13
CUST03414,Arjun Singh,Male,33,arjun.singh3414@example.com,Delhi,Delhi,Tier 1,2023-01-07
CUST03415,Manoj Joshi,Male,21,manoj.joshi3415@example.com,Bangalore,Karnataka,Tier 1,2022-02-22
CUST03416,Rohan Patel,Male,33,rohan.patel3416@example.com,Aurangabad,Maharashtra,Tier 2,2022-07-17
CUST03417,Rahul Gupta,Male,46,rahul.gupta3417@example.com,Rajkot,Gujarat,Tier 2,2023-12-24
CUST03418,Anjali Singh,Female,26,anjali.singh3418@example.com,Rewa,Madhya Pradesh,Tier 3,2023-05-27
CUST03419,Karan Patel,Male,26,karan.patel3419@example.com,Aurangabad,Maharashtra,Tier 2,2023-07-18
CUST03420,Ritu Iyer,Female,28,ritu.iyer3420@example.com,Rewa,Madhya Pradesh,Tier 3,2024-03-17
CUST03421,Ritu Patel,Female,45,ritu.patel3421@example.com,Nagpur,Maharashtra,Tier 2,2024-05-25
CUST03422,Meera Verma,Female,31,meera.verma3422@example.com,Delhi,Delhi,Tier 1,2024-05-14
CUST03423,Arjun Verma,Male,41,arjun.verma3423@example.com,Hyderabad,Telangana,Tier 1,2022-12-18
CUST03424,Priya Patel,Female,37,priya.patel3424@example.com,Ambala,Haryana,Tier 3,2023-11-07
CUST03425,Manoj Nair,Male,24,manoj.nair3425@example.com,Bangalore,Karnataka,Tier 1,2022-01-05
CUST03426,Priya Iyer,Female,29,priya.iyer3426@example.com,Hyderabad,Telangana,Tier 1,2022-12-14
CUST03427,Ritu Sharma,Female,21,ritu.sharma3427@example.com,Ambala,Haryana,Tier 3,2022-12-23
CUST03428,Sneha Verma,Female,37,sneha.verma3428@example.com,Bangalore,Karnataka,Tier 1,2023-05-18
CUST03429,Meera Singh,Female,18,meera.singh3429@example.com,Jodhpur,Rajasthan,Tier 2,2022-08-07
CUST03430,Meera Singh,Female,38,meera.singh3430@example.com,Hisar,Haryana,Tier 3,2024-01-08
CUST03431,Karan Nair,Male,32,karan.nair3431@example.com,Mumbai,Maharashtra,Tier 1,2023-02-08
CUST03432,Vikram Sharma,Male,29,vikram.sharma3432@example.com,Aurangabad,Maharashtra,Tier 2,2024-09-13
CUST03433,Pooja Nair,Female,18,pooja.nair3433@example.com,Bangalore,Karnataka,Tier 1,2023-11-17
CUST03434,Ritu Sharma,Female,33,ritu.sharma3434@example.com,Kolkata,West Bengal,Tier 1,2023-01-08
CUST03435,Priya Verma,Female,34,priya.verma3435@example.com,Hisar,Haryana,Tier 3,2024-09-20
CUST03436,Kavita Sharma,Female,28,kavita.sharma3436@example.com,Rajkot,Gujarat,Tier 2,2024-06-21
CUST03437,Sneha Reddy,Female,33,sneha.reddy3437@example.com,Bilaspur,Chhattisgarh,Tier 3,2024-03-24
CUST03438,Priya Nair,Female,18,priya.nair3438@example.com,Ratlam,Madhya Pradesh,Tier 3,2022-01-08
CUST03439,Suresh Singh,Male,30,suresh.singh3439@example.com,Bangalore,Karnataka,Tier 1,2023-07-29
CUST03440,Sanjay Singh,Male,28,sanjay.singh3440@example.com,Karimnagar,Telangana,Tier 3,2023-04-28
CUST03441,Manoj Verma,Male,30,manoj.verma3441@example.com,Bangalore,Karnataka,Tier 1,2023-08-02
CUST03442,Deepak Reddy,Male,32,deepak.reddy3442@example.com,Ratlam,Madhya Pradesh,Tier 3,2024-06-09
CUST03443,Amit Nair,Male,48,amit.nair3443@example.com,Delhi,Delhi,Tier 1,2024-08-20
CUST03444,Vikram Iyer,Male,18,vikram.iyer3444@example.com,Akola,Maharashtra,Tier 3,2024-04-04
CUST03445,Kavita Iyer,Female,30,kavita.iyer3445@example.com,Aurangabad,Maharashtra,Tier 2,2024-09-18
CUST03446,Deepak Joshi,Male,35,deepak.joshi3446@example.com,Raipur,Chhattisgarh,Tier 2,2023-03-11
CUST03447,Amit Singh,Male,44,amit.singh3447@example.com,Hyderabad,Telangana,Tier 1,2023-01-17
CUST03448,Vikram Joshi,Male,44,vikram.joshi3448@example.com,Ratlam,Madhya Pradesh,Tier 3,2023-08-13
CUST03449,Karan Nair,Male,30,karan.nair3449@example.com,Shillong,Meghalaya,Tier 3,2023-07-22
CUST03450,Arjun Kumar,Male,37,arjun.kumar3450@example.com,Pune,Maharashtra,Tier 1,2023-12-31
CUST03451,Priya Patel,Female,42,priya.patel3451@example.com,Karimnagar,Telangana,Tier 3,2024-04-03
CUST03452,Anjali Reddy,Female,26,anjali.reddy3452@example.com,Pune,Maharashtra,Tier 1,2024-09-14
CUST03453,Manoj Kumar,Male,33,manoj.kumar3453@example.com,Mumbai,Maharashtra,Tier 1,2022-05-08
CUST03454,Rahul Singh,Male,25,rahul.singh3454@example.com,Bangalore,Karnataka,Tier 1,2022-01-22
CUST03455,Pooja Reddy,Female,32,pooja.reddy3455@example.com,Bilaspur,Chhattisgarh,Tier 3,2023-09-09
CUST03456,Suresh Nair,Male,29,suresh.nair3456@example.com,Bangalore,Karnataka,Tier 1,2023-09-18
CUST03457,Manoj Reddy,Male,36,manoj.reddy3457@example.com,Pune,Maharashtra,Tier 1,2022-07-26
CUST03458,Sneha Sharma,Female,25,sneha.sharma3458@example.com,Delhi,Delhi,Tier 1,2023-12-09
CUST03459,Rahul Reddy,Male,40,rahul.reddy3459@example.com,Aurangabad,Maharashtra,Tier 2,2024-05-04
CUST03460,Suresh Kumar,Male,27,suresh.kumar3460@example.com,Ambala,Haryana,Tier 3,2022-06-17
CUST03461,Anjali Gupta,Female,31,anjali.gupta3461@example.com,Hyderabad,Telangana,Tier 1,2024-04-28
CUST03462,Arjun Gupta,Male,18,arjun.gupta3462@example.com,Delhi,Delhi,Tier 1,2022-09-28
CUST03463,Shreya Iyer,Female,38,shreya.iyer3463@example.com,Indore,Madhya Pradesh,Tier 2,2023-05-18
CUST03464,Shreya Singh,Female,18,shreya.singh3464@example.com,Jodhpur,Rajasthan,Tier 2,2022-09-24
CUST03465,Divya Nair,Female,27,divya.nair3465@example.com,Rohtak,Haryana,Tier 3,2024-06-11
CUST03466,Kavita Singh,Female,23,kavita.singh3466@example.com,Mumbai,Maharashtra,Tier 1,2023-04-29
CUST03467,Neha Iyer,Female,18,neha.iyer3467@example.com,Ratlam,Madhya Pradesh,Tier 3,2022-09-03
CUST03468,Pooja Nair,Female,22,pooja.nair3468@example.com,Kolkata,West Bengal,Tier 1,2024-08-01
CUST03469,Karan Kumar,Male,42,karan.kumar3469@example.com,Raipur,Chhattisgarh,Tier 2,2022-03-27
CUST03470,Manoj Verma,Male,39,manoj.verma3470@example.com,Karimnagar,Telangana,Tier 3,2022-10-31
CUST03471,Meera Singh,Female,28,meera.singh3471@example.com,Pune,Maharashtra,Tier 1,2024-06-22
CUST03472,Deepak Singh,Male,26,deepak.singh3472@example.com,Akola,Maharashtra,Tier 3,2023-11-21
CUST03473,Kavita Iyer,Female,27,kavita.iyer3473@example.com,Bangalore,Karnataka,Tier 1,2024-02-25
CUST03474,Priya Patel,Female,19,priya.patel3474@example.com,Amritsar,Punjab,Tier 2,2024-04-29
CUST03475,Manoj Singh,Male,18,manoj.singh3475@example.com,Bilaspur,Chhattisgarh,Tier 3,2022-01-31
CUST03476,Ritu Sharma,Female,28,ritu.sharma3476@example.com,Chennai,Tamil Nadu,Tier 1,2023-02-16
CUST03477,Meera Iyer,Female,38,meera.iyer3477@example.com,Kolkata,West Bengal,Tier 1,2024-08-06
CUST03478,Meera Patel,Female,27,meera.patel3478@example.com,Delhi,Delhi,Tier 1,2022-04-23
CUST03479,Amit Reddy,Male,30,amit.reddy3479@example.com,Hyderabad,Telangana,Tier 1,2024-07-24
CUST03480,Amit Joshi,Male,35,amit.joshi3480@example.com,Delhi,Delhi,Tier 1,2023-08-25
CUST03481,Vikram Reddy,Male,18,vikram.reddy3481@example.com,Vadodara,Gujarat,Tier 2,2022-06-05
CUST03482,Kavita Gupta,Female,18,kavita.gupta3482@example.com,Ranchi,Jharkhand,Tier 2,2023-02-07
CUST03483,Kavita Singh,Female,18,kavita.singh3483@example.com,Hyderabad,Telangana,Tier 1,2023-09-15
CUST03484,Arjun Nair,Male,24,arjun.nair3484@example.com,Amritsar,Punjab,Tier 2,2022-10-28
CUST03485,Pooja Reddy,Female,18,pooja.reddy3485@example.com,Chennai,Tamil Nadu,Tier 1,2024-01-21
CUST03486,Sneha Iyer,Female,18,sneha.iyer3486@example.com,Rajkot,Gujarat,Tier 2,2023-04-28
CUST03487,Karan Kumar,Male,18,karan.kumar3487@example.com,Delhi,Delhi,Tier 1,2022-05-13
CUST03488,Divya Patel,Female,40,divya.patel3488@example.com,Nagpur,Maharashtra,Tier 2,2023-12-18
CUST03489,Karan Joshi,Male,20,karan.joshi3489@example.com,Ambala,Haryana,Tier 3,2023-09-21
CUST03490,Ritu Reddy,Female,19,ritu.reddy3490@example.com,Ambala,Haryana,Tier 3,2022-11-01
CUST03491,Manoj Gupta,Male,35,manoj.gupta3491@example.com,Sagar,Madhya Pradesh,Tier 3,2022-08-21
CUST03492,Manoj Joshi,Male,30,manoj.joshi3492@example.com,Delhi,Delhi,Tier 1,2024-07-16
CUST03493,Priya Singh,Female,23,priya.singh3493@example.com,Shillong,Meghalaya,Tier 3,2024-06-22
CUST03494,Vikram Joshi,Male,23,vikram.joshi3494@example.com,Chennai,Tamil Nadu,Tier 1,2023-05-07
CUST03495,Anjali Singh,Female,36,anjali.singh3495@example.com,Pune,Maharashtra,Tier 1,2024-07-14
CUST03496,Meera Nair,Female,34,meera.nair3496@example.com,Nagpur,Maharashtra,Tier 2,2022-02-08
CUST03497,Vikram Iyer,Male,38,vikram.iyer3497@example.com,Kolkata,West Bengal,Tier 1,2022-05-02
CUST03498,Vikram Iyer,Male,42,vikram.iyer3498@example.com,Bangalore,Karnataka,Tier 1,2024-07-11
CUST03499,Arjun Patel,Male,36,arjun.patel3499@example.com,Pune,Maharashtra,Tier 1,2023-01-10
CUST03500,Rahul Gupta,Male,24,rahul.gupta3500@example.com,Rewa,Madhya Pradesh,Tier 3,2023-12-02
CUST03501,Divya Gupta,Female,33,divya.gupta3501@example.com,Bilaspur,Chhattisgarh,Tier 3,2022-06-03
CUST03502,Pooja Patel,Female,27,pooja.patel3502@example.com,Pune,Maharashtra,Tier 1,2023-07-18
CUST03503,Manoj Singh,Male,31,manoj.singh3503@example.com,Rajkot,Gujarat,Tier 2,2023-10-24
CUST03504,Rohan Iyer,Male,40,rohan.iyer3504@example.com,Kolkata,West Bengal,Tier 1,2024-04-29
CUST03505,Rahul Sharma,Male,24,rahul.sharma3505@example.com,Pune,Maharashtra,Tier 1,2024-05-30
CUST03506,Meera Iyer,Female,18,meera.iyer3506@example.com,Pune,Maharashtra,Tier 1,2022-11-30
CUST03507,Anjali Reddy,Female,39,anjali.reddy3507@example.com,Kolkata,West Bengal,Tier 1,2024-06-16
CUST03508,Manoj Nair,Male,43,manoj.nair3508@example.com,Bangalore,Karnataka,Tier 1,2023-08-24
CUST03509,Sanjay Iyer,Male,28,sanjay.iyer3509@example.com,Shillong,Meghalaya,Tier 3,2024-09-14
CUST03510,Suresh Reddy,Male,33,suresh.reddy3510@example.com,Kolkata,West Bengal,Tier 1,2024-05-18
CUST03511,Arjun Reddy,Male,23,arjun.reddy3511@example.com,Raipur,Chhattisgarh,Tier 2,2022-10-10
CUST03512,Ritu Verma,Female,52,ritu.verma3512@example.com,Pune,Maharashtra,Tier 1,2024-04-13
CUST03513,Suresh Joshi,Male,30,suresh.joshi3513@example.com,Akola,Maharashtra,Tier 3,2022-01-31
CUST03514,Vikram Singh,Male,35,vikram.singh3514@example.com,Kolkata,West Bengal,Tier 1,2024-02-10
CUST03515,Neha Gupta,Female,25,neha.gupta3515@example.com,Karimnagar,Telangana,Tier 3,2023-12-19
CUST03516,Suresh Verma,Male,36,suresh.verma3516@example.com,Rajkot,Gujarat,Tier 2,2022-01-18
CUST03517,Sanjay Iyer,Male,28,sanjay.iyer3517@example.com,Ratlam,Madhya Pradesh,Tier 3,2024-02-17
CUST03518,Kavita Kumar,Female,21,kavita.kumar3518@example.com,Sagar,Madhya Pradesh,Tier 3,2022-07-31
CUST03519,Kavita Iyer,Female,34,kavita.iyer3519@example.com,Raipur,Chhattisgarh,Tier 2,2022-10-10
CUST03520,Shreya Kumar,Female,29,shreya.kumar3520@example.com,Pune,Maharashtra,Tier 1,2023-08-14
CUST03521,Vikram Patel,Male,30,vikram.patel3521@example.com,Jodhpur,Rajasthan,Tier 2,2023-04-01
CUST03522,Priya Gupta,Female,31,priya.gupta3522@example.com,Chennai,Tamil Nadu,Tier 1,2023-10-06
CUST03523,Sneha Kumar,Female,33,sneha.kumar3523@example.com,Ratlam,Madhya Pradesh,Tier 3,2024-02-29
CUST03524,Manoj Kumar,Male,24,manoj.kumar3524@example.com,Pune,Maharashtra,Tier 1,2022-08-29
CUST03525,Sneha Patel,Female,25,sneha.patel3525@example.com,Hisar,Haryana,Tier 3,2023-07-16
CUST03526,Vikram Joshi,Male,33,vikram.joshi3526@example.com,Pune,Maharashtra,Tier 1,2024-01-02
CUST03527,Sneha Gupta,Female,33,sneha.gupta3527@example.com,Rewa,Madhya Pradesh,Tier 3,2022-02-18
CUST03528,Manoj Kumar,Male,30,manoj.kumar3528@example.com,Nagpur,Maharashtra,Tier 2,2022-03-23
CUST03529,Suresh Singh,Male,37,suresh.singh3529@example.com,Delhi,Delhi,Tier 1,2024-08-12
CUST03530,Divya Joshi,Female,44,divya.joshi3530@example.com,Raipur,Chhattisgarh,Tier 2,2023-07-19
CUST03531,Neha Joshi,Female,31,neha.joshi3531@example.com,Delhi,Delhi,Tier 1,2024-02-05
CUST03532,Meera Singh,Female,32,meera.singh3532@example.com,Kolkata,West Bengal,Tier 1,2022-04-05
CUST03533,Neha Nair,Female,25,neha.nair3533@example.com,Karimnagar,Telangana,Tier 3,2024-10-18
CUST03534,Sanjay Reddy,Male,39,sanjay.reddy3534@example.com,Hisar,Haryana,Tier 3,2022-05-11
CUST03535,Arjun Gupta,Male,21,arjun.gupta3535@example.com,Mumbai,Maharashtra,Tier 1,2023-01-16
CUST03536,Rohan Patel,Male,33,rohan.patel3536@example.com,Vadodara,Gujarat,Tier 2,2022-06-18
CUST03537,Rohan Singh,Male,30,rohan.singh3537@example.com,Bangalore,Karnataka,Tier 1,2022-02-06
CUST03538,Shreya Sharma,Female,52,shreya.sharma3538@example.com,Hisar,Haryana,Tier 3,2024-09-06
CUST03539,Rohan Singh,Male,25,rohan.singh3539@example.com,Kolkata,West Bengal,Tier 1,2024-07-10
CUST03540,Karan Verma,Male,30,karan.verma3540@example.com,Pune,Maharashtra,Tier 1,2023-02-05
CUST03541,Suresh Nair,Male,48,suresh.nair3541@example.com,Bangalore,Karnataka,Tier 1,2022-09-20
CUST03542,Rahul Iyer,Male,45,rahul.iyer3542@example.com,Chennai,Tamil Nadu,Tier 1,2022-09-16
CUST03543,Rohan Kumar,Male,27,rohan.kumar3543@example.com,Jodhpur,Rajasthan,Tier 2,2022-11-04
CUST03544,Rohan Gupta,Male,34,rohan.gupta3544@example.com,Raipur,Chhattisgarh,Tier 2,2022-11-20
CUST03545,Neha Sharma,Female,39,neha.sharma3545@example.com,Pune,Maharashtra,Tier 1,2023-12-28
CUST03546,Meera Kumar,Female,34,meera.kumar3546@example.com,Chennai,Tamil Nadu,Tier 1,2022-02-06
CUST03547,Amit Patel,Male,39,amit.patel3547@example.com,Mumbai,Maharashtra,Tier 1,2024-10-07
CUST03548,Priya Gupta,Female,50,priya.gupta3548@example.com,Ranchi,Jharkhand,Tier 2,2023-08-24
CUST03549,Manoj Joshi,Male,35,manoj.joshi3549@example.com,Sagar,Madhya Pradesh,Tier 3,2023-03-10
CUST03550,Anjali Nair,Female,21,anjali.nair3550@example.com,Hyderabad,Telangana,Tier 1,2024-06-28
CUST03551,Arjun Verma,Male,54,arjun.verma3551@example.com,Kolkata,West Bengal,Tier 1,2022-09-27
CUST03552,Anjali Iyer,Female,20,anjali.iyer3552@example.com,Delhi,Delhi,Tier 1,2022-10-11
CUST03553,Pooja Verma,Female,43,pooja.verma3553@example.com,Mumbai,Maharashtra,Tier 1,2023-06-28
CUST03554,Manoj Iyer,Male,21,manoj.iyer3554@example.com,Chennai,Tamil Nadu,Tier 1,2024-09-09
CUST03555,Manoj Reddy,Male,47,manoj.reddy3555@example.com,Bangalore,Karnataka,Tier 1,2023-10-08
CUST03556,Sanjay Gupta,Male,26,sanjay.gupta3556@example.com,Kolkata,West Bengal,Tier 1,2024-05-26
CUST03557,Priya Kumar,Female,40,priya.kumar3557@example.com,Bilaspur,Chhattisgarh,Tier 3,2022-06-05
CUST03558,Divya Patel,Female,27,divya.patel3558@example.com,Aurangabad,Maharashtra,Tier 2,2022-08-08
CUST03559,Meera Kumar,Female,21,meera.kumar3559@example.com,Bangalore,Karnataka,Tier 1,2022-04-27
CUST03560,Sneha Nair,Female,34,sneha.nair3560@example.com,Pune,Maharashtra,Tier 1,2022-11-04
CUST03561,Sneha Nair,Female,31,sneha.nair3561@example.com,Delhi,Delhi,Tier 1,2022-08-10
CUST03562,Divya Verma,Female,46,divya.verma3562@example.com,Rohtak,Haryana,Tier 3,2022-05-31
CUST03563,Priya Singh,Female,28,priya.singh3563@example.com,Bhavnagar,Gujarat,Tier 3,2022-04-22
CUST03564,Divya Patel,Female,23,divya.patel3564@example.com,Rohtak,Haryana,Tier 3,2022-06-10
CUST03565,Karan Kumar,Male,35,karan.kumar3565@example.com,Delhi,Delhi,Tier 1,2022-10-05
CUST03566,Kavita Nair,Female,38,kavita.nair3566@example.com,Mumbai,Maharashtra,Tier 1,2023-03-14
CUST03567,Rohan Verma,Male,20,rohan.verma3567@example.com,Kolkata,West Bengal,Tier 1,2022-07-05
CUST03568,Rohan Kumar,Male,20,rohan.kumar3568@example.com,Kolkata,West Bengal,Tier 1,2024-10-22
CUST03569,Kavita Nair,Female,21,kavita.nair3569@example.com,Rohtak,Haryana,Tier 3,2024-10-07
CUST03570,Suresh Joshi,Male,28,suresh.joshi3570@example.com,Hyderabad,Telangana,Tier 1,2022-10-12
CUST03571,Arjun Patel,Male,46,arjun.patel3571@example.com,Coimbatore,Tamil Nadu,Tier 2,2022-04-23
CUST03572,Neha Patel,Female,25,neha.patel3572@example.com,Coimbatore,Tamil Nadu,Tier 2,2022-01-31
CUST03573,Arjun Nair,Male,18,arjun.nair3573@example.com,Chennai,Tamil Nadu,Tier 1,2023-12-06
CUST03574,Sneha Gupta,Female,21,sneha.gupta3574@example.com,Hyderabad,Telangana,Tier 1,2023-05-19
CUST03575,Sneha Singh,Female,41,sneha.singh3575@example.com,Vadodara,Gujarat,Tier 2,2023-12-22
CUST03576,Kavita Singh,Female,29,kavita.singh3576@example.com,Bhavnagar,Gujarat,Tier 3,2024-01-24
CUST03577,Divya Kumar,Female,39,divya.kumar3577@example.com,Raipur,Chhattisgarh,Tier 2,2022-01-24
CUST03578,Ritu Sharma,Female,36,ritu.sharma3578@example.com,Hyderabad,Telangana,Tier 1,2024-08-27
CUST03579,Priya Reddy,Female,18,priya.reddy3579@example.com,Kolkata,West Bengal,Tier 1,2024-11-01
CUST03580,Sanjay Kumar,Male,19,sanjay.kumar3580@example.com,Nashik,Maharashtra,Tier 2,2023-01-04
CUST03581,Rohan Kumar,Male,30,rohan.kumar3581@example.com,Nagpur,Maharashtra,Tier 2,2023-02-27
CUST03582,Priya Singh,Female,42,priya.singh3582@example.com,Rewa,Madhya Pradesh,Tier 3,2023-06-11
CUST03583,Kavita Nair,Female,30,kavita.nair3583@example.com,Hyderabad,Telangana,Tier 1,2023-10-01
CUST03584,Rohan Joshi,Male,33,rohan.joshi3584@example.com,Rohtak,Haryana,Tier 3,2022-04-15
CUST03585,Sneha Verma,Female,43,sneha.verma3585@example.com,Chennai,Tamil Nadu,Tier 1,2024-05-12
CUST03586,Vikram Singh,Male,29,vikram.singh3586@example.com,Mumbai,Maharashtra,Tier 1,2024-02-10
CUST03587,Shreya Iyer,Female,32,shreya.iyer3587@example.com,Raipur,Chhattisgarh,Tier 2,2022-03-26
CUST03588,Divya Gupta,Female,44,divya.gupta3588@example.com,Nagpur,Maharashtra,Tier 2,2022-02-08
CUST03589,Priya Verma,Female,35,priya.verma3589@example.com,Bangalore,Karnataka,Tier 1,2024-07-14
CUST03590,Sneha Nair,Female,23,sneha.nair3590@example.com,Latur,Maharashtra,Tier 3,2022-02-21
CUST03591,Sneha Verma,Female,29,sneha.verma3591@example.com,Bangalore,Karnataka,Tier 1,2024-07-19
CUST03592,Amit Singh,Male,27,amit.singh3592@example.com,Hisar,Haryana,Tier 3,2022-12-17
CUST03593,Neha Patel,Female,29,neha.patel3593@example.com,Raipur,Chhattisgarh,Tier 2,2023-10-16
CUST03594,Shreya Gupta,Female,49,shreya.gupta3594@example.com,Bilaspur,Chhattisgarh,Tier 3,2024-05-30
CUST03595,Sanjay Gupta,Male,32,sanjay.gupta3595@example.com,Rohtak,Haryana,Tier 3,2023-12-05
CUST03596,Meera Nair,Female,44,meera.nair3596@example.com,Bangalore,Karnataka,Tier 1,2022-11-22
CUST03597,Vikram Verma,Male,28,vikram.verma3597@example.com,Vadodara,Gujarat,Tier 2,2022-01-16
CUST03598,Kavita Iyer,Female,24,kavita.iyer3598@example.com,Kolkata,West Bengal,Tier 1,2022-10-10
CUST03599,Vikram Singh,Male,37,vikram.singh3599@example.com,Pune,Maharashtra,Tier 1,2023-10-29
CUST03600,Sanjay Singh,Male,33,sanjay.singh3600@example.com,Hyderabad,Telangana,Tier 1,2024-03-08
CUST03601,Suresh Kumar,Male,34,suresh.kumar3601@example.com,Bangalore,Karnataka,Tier 1,2023-01-25
CUST03602,Vikram Verma,Male,34,vikram.verma3602@example.com,Bilaspur,Chhattisgarh,Tier 3,2024-05-16
CUST03603,Ritu Reddy,Female,30,ritu.reddy3603@example.com,Pune,Maharashtra,Tier 1,2023-02-27
CUST03604,Deepak Sharma,Male,31,deepak.sharma3604@example.com,Hisar,Haryana,Tier 3,2023-02-19
CUST03605,Priya Joshi,Female,44,priya.joshi3605@example.com,Chennai,Tamil Nadu,Tier 1,2023-12-04
CUST03606,Deepak Singh,Male,49,deepak.singh3606@example.com,Aurangabad,Maharashtra,Tier 2,2022-10-15
CUST03607,Sneha Joshi,Female,38,sneha.joshi3607@example.com,Ranchi,Jharkhand,Tier 2,2023-02-16
CUST03608,Amit Joshi,Male,30,amit.joshi3608@example.com,Ratlam,Madhya Pradesh,Tier 3,2024-01-29
CUST03609,Deepak Patel,Male,22,deepak.patel3609@example.com,Mumbai,Maharashtra,Tier 1,2023-12-11
CUST03610,Manoj Iyer,Male,18,manoj.iyer3610@example.com,Ranchi,Jharkhand,Tier 2,2024-03-16
CUST03611,Amit Reddy,Male,33,amit.reddy3611@example.com,Bilaspur,Chhattisgarh,Tier 3,2024-08-11
CUST03612,Divya Patel,Female,31,divya.patel3612@example.com,Rewa,Madhya Pradesh,Tier 3,2022-07-10
CUST03613,Anjali Patel,Female,29,anjali.patel3613@example.com,Amritsar,Punjab,Tier 2,2022-03-15
CUST03614,Divya Nair,Female,25,divya.nair3614@example.com,Pune,Maharashtra,Tier 1,2022-04-24
CUST03615,Priya Reddy,Female,32,priya.reddy3615@example.com,Shillong,Meghalaya,Tier 3,2022-11-26
CUST03616,Priya Joshi,Female,18,priya.joshi3616@example.com,Bilaspur,Chhattisgarh,Tier 3,2023-08-28
CUST03617,Rahul Gupta,Male,44,rahul.gupta3617@example.com,Karimnagar,Telangana,Tier 3,2023-07-16
CUST03618,Neha Kumar,Female,30,neha.kumar3618@example.com,Bangalore,Karnataka,Tier 1,2023-11-02
CUST03619,Meera Iyer,Female,31,meera.iyer3619@example.com,Sagar,Madhya Pradesh,Tier 3,2024-02-02
CUST03620,Manoj Singh,Male,30,manoj.singh3620@example.com,Amritsar,Punjab,Tier 2,2024-03-29
CUST03621,Rohan Patel,Male,28,rohan.patel3621@example.com,Pune,Maharashtra,Tier 1,2022-07-24
CUST03622,Neha Verma,Female,27,neha.verma3622@example.com,Sagar,Madhya Pradesh,Tier 3,2024-11-03
CUST03623,Vikram Nair,Male,37,vikram.nair3623@example.com,Mumbai,Maharashtra,Tier 1,2022-07-06
CUST03624,Arjun Singh,Male,52,arjun.singh3624@example.com,Bangalore,Karnataka,Tier 1,2024-08-19
CUST03625,Rohan Kumar,Male,24,rohan.kumar3625@example.com,Sagar,Madhya Pradesh,Tier 3,2022-01-09
CUST03626,Sneha Gupta,Female,40,sneha.gupta3626@example.com,Bhavnagar,Gujarat,Tier 3,2022-12-24
CUST03627,Priya Patel,Female,30,priya.patel3627@example.com,Delhi,Delhi,Tier 1,2024-11-14
CUST03628,Karan Sharma,Male,23,karan.sharma3628@example.com,Rajkot,Gujarat,Tier 2,2023-07-03
CUST03629,Karan Sharma,Male,31,karan.sharma3629@example.com,Rajkot,Gujarat,Tier 2,2022-11-28
CUST03630,Ritu Gupta,Female,31,ritu.gupta3630@example.com,Hisar,Haryana,Tier 3,2022-04-23
CUST03631,Shreya Verma,Female,36,shreya.verma3631@example.com,Sagar,Madhya Pradesh,Tier 3,2024-05-11
CUST03632,Deepak Joshi,Male,33,deepak.joshi3632@example.com,Akola,Maharashtra,Tier 3,2023-09-01
CUST03633,Vikram Gupta,Male,32,vikram.gupta3633@example.com,Raipur,Chhattisgarh,Tier 2,2024-05-17
CUST03634,Shreya Singh,Female,28,shreya.singh3634@example.com,Indore,Madhya Pradesh,Tier 2,2023-12-18
CUST03635,Ritu Gupta,Female,32,ritu.gupta3635@example.com,Pune,Maharashtra,Tier 1,2023-07-21
CUST03636,Deepak Singh,Male,21,deepak.singh3636@example.com,Sagar,Madhya Pradesh,Tier 3,2023-08-19
CUST03637,Meera Verma,Female,36,meera.verma3637@example.com,Rajkot,Gujarat,Tier 2,2024-08-16
CUST03638,Rahul Reddy,Male,27,rahul.reddy3638@example.com,Rajkot,Gujarat,Tier 2,2023-10-03
CUST03639,Ritu Verma,Female,18,ritu.verma3639@example.com,Kolkata,West Bengal,Tier 1,2022-06-11
CUST03640,Sneha Verma,Female,31,sneha.verma3640@example.com,Nashik,Maharashtra,Tier 2,2022-01-21
CUST03641,Pooja Verma,Female,31,pooja.verma3641@example.com,Karimnagar,Telangana,Tier 3,2023-04-11
CUST03642,Divya Sharma,Female,38,divya.sharma3642@example.com,Ambala,Haryana,Tier 3,2024-07-22
CUST03643,Priya Patel,Female,27,priya.patel3643@example.com,Rewa,Madhya Pradesh,Tier 3,2023-06-17
CUST03644,Manoj Sharma,Male,29,manoj.sharma3644@example.com,Coimbatore,Tamil Nadu,Tier 2,2024-03-23
CUST03645,Vikram Iyer,Male,27,vikram.iyer3645@example.com,Delhi,Delhi,Tier 1,2024-01-27
CUST03646,Manoj Gupta,Male,19,manoj.gupta3646@example.com,Nagpur,Maharashtra,Tier 2,2022-06-24
CUST03647,Kavita Joshi,Female,33,kavita.joshi3647@example.com,Shillong,Meghalaya,Tier 3,2022-10-06
CUST03648,Karan Patel,Male,23,karan.patel3648@example.com,Hyderabad,Telangana,Tier 1,2023-10-27
CUST03649,Vikram Singh,Male,29,vikram.singh3649@example.com,Bhopal,Madhya Pradesh,Tier 2,2022-10-01
CUST03650,Rahul Iyer,Male,28,rahul.iyer3650@example.com,Mumbai,Maharashtra,Tier 1,2024-06-22
CUST03651,Ritu Singh,Female,42,ritu.singh3651@example.com,Sagar,Madhya Pradesh,Tier 3,2024-06-02
CUST03652,Priya Sharma,Female,33,priya.sharma3652@example.com,Vadodara,Gujarat,Tier 2,2022-11-14
CUST03653,Sanjay Sharma,Male,40,sanjay.sharma3653@example.com,Bangalore,Karnataka,Tier 1,2024-10-20
CUST03654,Karan Sharma,Male,42,karan.sharma3654@example.com,Shillong,Meghalaya,Tier 3,2024-03-11
CUST03655,Shreya Nair,Female,28,shreya.nair3655@example.com,Ranchi,Jharkhand,Tier 2,2022-11-16
CUST03656,Amit Sharma,Male,18,amit.sharma3656@example.com,Bhavnagar,Gujarat,Tier 3,2024-11-03
CUST03657,Amit Reddy,Male,41,amit.reddy3657@example.com,Nashik,Maharashtra,Tier 2,2024-04-06
CUST03658,Sanjay Iyer,Male,31,sanjay.iyer3658@example.com,Mumbai,Maharashtra,Tier 1,2022-04-16
CUST03659,Neha Joshi,Female,21,neha.joshi3659@example.com,Aurangabad,Maharashtra,Tier 2,2024-06-11
CUST03660,Suresh Iyer,Male,28,suresh.iyer3660@example.com,Kolkata,West Bengal,Tier 1,2023-04-16
CUST03661,Neha Singh,Female,40,neha.singh3661@example.com,Rajkot,Gujarat,Tier 2,2022-09-17
CUST03662,Shreya Verma,Female,54,shreya.verma3662@example.com,Pune,Maharashtra,Tier 1,2023-04-29
CUST03663,Shreya Gupta,Female,27,shreya.gupta3663@example.com,Rajkot,Gujarat,Tier 2,2022-03-11
CUST03664,Deepak Patel,Male,28,deepak.patel3664@example.com,Delhi,Delhi,Tier 1,2024-04-13
CUST03665,Rohan Verma,Male,35,rohan.verma3665@example.com,Kolkata,West Bengal,Tier 1,2022-08-01
CUST03666,Karan Kumar,Male,45,karan.kumar3666@example.com,Pune,Maharashtra,Tier 1,2022-11-04
CUST03667,Rohan Gupta,Male,37,rohan.gupta3667@example.com,Jodhpur,Rajasthan,Tier 2,2022-04-22
CUST03668,Suresh Singh,Male,36,suresh.singh3668@example.com,Bangalore,Karnataka,Tier 1,2022-03-31
CUST03669,Shreya Nair,Female,44,shreya.nair3669@example.com,Pune,Maharashtra,Tier 1,2022-08-26
CUST03670,Neha Singh,Female,30,neha.singh3670@example.com,Rohtak,Haryana,Tier 3,2024-10-02
CUST03671,Neha Joshi,Female,44,neha.joshi3671@example.com,Karimnagar,Telangana,Tier 3,2024-04-18
CUST03672,Karan Sharma,Male,36,karan.sharma3672@example.com,Pune,Maharashtra,Tier 1,2024-09-26
CUST03673,Vikram Sharma,Male,26,vikram.sharma3673@example.com,Kolkata,West Bengal,Tier 1,2022-12-01
CUST03674,Rohan Patel,Male,40,rohan.patel3674@example.com,Bhavnagar,Gujarat,Tier 3,2023-04-24
CUST03675,Priya Joshi,Female,34,priya.joshi3675@example.com,Hyderabad,Telangana,Tier 1,2023-01-02
CUST03676,Kavita Gupta,Female,36,kavita.gupta3676@example.com,Rajkot,Gujarat,Tier 2,2022-01-13
CUST03677,Divya Gupta,Female,42,divya.gupta3677@example.com,Pune,Maharashtra,Tier 1,2022-09-27
CUST03678,Meera Iyer,Female,26,meera.iyer3678@example.com,Hisar,Haryana,Tier 3,2022-09-14
CUST03679,Meera Singh,Female,55,meera.singh3679@example.com,Mumbai,Maharashtra,Tier 1,2024-06-12
CUST03680,Suresh Singh,Male,26,suresh.singh3680@example.com,Ratlam,Madhya Pradesh,Tier 3,2023-09-02
CUST03681,Anjali Singh,Female,18,anjali.singh3681@example.com,Rajkot,Gujarat,Tier 2,2022-05-28
CUST03682,Anjali Singh,Female,18,anjali.singh3682@example.com,Ranchi,Jharkhand,Tier 2,2024-01-18
CUST03683,Deepak Patel,Male,25,deepak.patel3683@example.com,Hyderabad,Telangana,Tier 1,2023-02-03
CUST03684,Sanjay Verma,Male,28,sanjay.verma3684@example.com,Mumbai,Maharashtra,Tier 1,2022-06-18
CUST03685,Neha Singh,Female,31,neha.singh3685@example.com,Mumbai,Maharashtra,Tier 1,2023-05-22
CUST03686,Ritu Nair,Female,36,ritu.nair3686@example.com,Vadodara,Gujarat,Tier 2,2023-12-05
CUST03687,Karan Nair,Male,29,karan.nair3687@example.com,Mumbai,Maharashtra,Tier 1,2024-02-24
CUST03688,Rohan Sharma,Male,18,rohan.sharma3688@example.com,Coimbatore,Tamil Nadu,Tier 2,2023-06-20
CUST03689,Meera Joshi,Female,24,meera.joshi3689@example.com,Coimbatore,Tamil Nadu,Tier 2,2024-01-11
CUST03690,Deepak Singh,Male,47,deepak.singh3690@example.com,Bhopal,Madhya Pradesh,Tier 2,2023-08-11
CUST03691,Deepak Patel,Male,30,deepak.patel3691@example.com,Ranchi,Jharkhand,Tier 2,2024-07-31
CUST03692,Amit Patel,Male,31,amit.patel3692@example.com,Ratlam,Madhya Pradesh,Tier 3,2023-10-23
CUST03693,Vikram Nair,Male,35,vikram.nair3693@example.com,Amritsar,Punjab,Tier 2,2024-01-11
CUST03694,Pooja Kumar,Female,35,pooja.kumar3694@example.com,Chennai,Tamil Nadu,Tier 1,2024-11-14
CUST03695,Sneha Reddy,Female,38,sneha.reddy3695@example.com,Mumbai,Maharashtra,Tier 1,2022-08-10
CUST03696,Divya Iyer,Female,28,divya.iyer3696@example.com,Chennai,Tamil Nadu,Tier 1,2023-03-16
CUST03697,Suresh Sharma,Male,38,suresh.sharma3697@example.com,Ratlam,Madhya Pradesh,Tier 3,2022-11-07
CUST03698,Meera Kumar,Female,22,meera.kumar3698@example.com,Indore,Madhya Pradesh,Tier 2,2024-10-12
CUST03699,Rahul Reddy,Male,21,rahul.reddy3699@example.com,Coimbatore,Tamil Nadu,Tier 2,2022-09-26
CUST03700,Sanjay Patel,Male,28,sanjay.patel3700@example.com,Bhavnagar,Gujarat,Tier 3,2024-09-08
CUST03701,Karan Patel,Male,39,karan.patel3701@example.com,Kolkata,West Bengal,Tier 1,2023-04-26
CUST03702,Ritu Joshi,Female,24,ritu.joshi3702@example.com,Pune,Maharashtra,Tier 1,2023-11-30
CUST03703,Arjun Verma,Male,32,arjun.verma3703@example.com,Delhi,Delhi,Tier 1,2023-04-15
CUST03704,Neha Reddy,Female,29,neha.reddy3704@example.com,Sagar,Madhya Pradesh,Tier 3,2022-03-09
CUST03705,Rohan Iyer,Male,23,rohan.iyer3705@example.com,Mumbai,Maharashtra,Tier 1,2022-11-04
CUST03706,Kavita Sharma,Female,44,kavita.sharma3706@example.com,Delhi,Delhi,Tier 1,2022-11-21
CUST03707,Deepak Kumar,Male,33,deepak.kumar3707@example.com,Ambala,Haryana,Tier 3,2024-11-22
CUST03708,Manoj Iyer,Male,19,manoj.iyer3708@example.com,Ranchi,Jharkhand,Tier 2,2022-08-04
CUST03709,Sneha Verma,Female,29,sneha.verma3709@example.com,Delhi,Delhi,Tier 1,2023-07-15
CUST03710,Neha Verma,Female,26,neha.verma3710@example.com,Chennai,Tamil Nadu,Tier 1,2022-06-28
CUST03711,Sneha Sharma,Female,28,sneha.sharma3711@example.com,Kolkata,West Bengal,Tier 1,2024-05-25
CUST03712,Anjali Iyer,Female,31,anjali.iyer3712@example.com,Aurangabad,Maharashtra,Tier 2,2023-04-02
CUST03713,Sanjay Kumar,Male,33,sanjay.kumar3713@example.com,Aurangabad,Maharashtra,Tier 2,2022-03-13
CUST03714,Amit Joshi,Male,23,amit.joshi3714@example.com,Delhi,Delhi,Tier 1,2023-07-27
CUST03715,Pooja Iyer,Female,26,pooja.iyer3715@example.com,Jodhpur,Rajasthan,Tier 2,2023-03-30
CUST03716,Ritu Sharma,Female,46,ritu.sharma3716@example.com,Kolkata,West Bengal,Tier 1,2024-06-25
CUST03717,Suresh Kumar,Male,25,suresh.kumar3717@example.com,Pune,Maharashtra,Tier 1,2024-08-17
CUST03718,Ritu Kumar,Female,46,ritu.kumar3718@example.com,Bangalore,Karnataka,Tier 1,2023-06-02
CUST03719,Rahul Verma,Male,32,rahul.verma3719@example.com,Ratlam,Madhya Pradesh,Tier 3,2024-11-19
CUST03720,Pooja Joshi,Female,25,pooja.joshi3720@example.com,Shillong,Meghalaya,Tier 3,2024-06-19
CUST03721,Manoj Reddy,Male,30,manoj.reddy3721@example.com,Rajkot,Gujarat,Tier 2,2022-06-17
CUST03722,Anjali Iyer,Female,38,anjali.iyer3722@example.com,Ambala,Haryana,Tier 3,2023-08-30
CUST03723,Shreya Nair,Female,36,shreya.nair3723@example.com,Rohtak,Haryana,Tier 3,2022-02-17
CUST03724,Priya Joshi,Female,20,priya.joshi3724@example.com,Kolkata,West Bengal,Tier 1,2022-06-22
CUST03725,Manoj Verma,Male,42,manoj.verma3725@example.com,Mumbai,Maharashtra,Tier 1,2023-02-02
CUST03726,Arjun Joshi,Male,22,arjun.joshi3726@example.com,Indore,Madhya Pradesh,Tier 2,2024-06-03
CUST03727,Ritu Sharma,Female,18,ritu.sharma3727@example.com,Ambala,Haryana,Tier 3,2022-05-14
CUST03728,Divya Joshi,Female,50,divya.joshi3728@example.com,Bangalore,Karnataka,Tier 1,2022-06-08
CUST03729,Karan Reddy,Male,41,karan.reddy3729@example.com,Rohtak,Haryana,Tier 3,2024-07-28
CUST03730,Rohan Joshi,Male,33,rohan.joshi3730@example.com,Amritsar,Punjab,Tier 2,2024-09-30
CUST03731,Arjun Verma,Male,19,arjun.verma3731@example.com,Bhavnagar,Gujarat,Tier 3,2023-06-26
CUST03732,Priya Iyer,Female,34,priya.iyer3732@example.com,Vadodara,Gujarat,Tier 2,2024-06-03
CUST03733,Kavita Singh,Female,47,kavita.singh3733@example.com,Vadodara,Gujarat,Tier 2,2024-07-27
CUST03734,Divya Sharma,Female,28,divya.sharma3734@example.com,Delhi,Delhi,Tier 1,2023-04-29
CUST03735,Sneha Patel,Female,28,sneha.patel3735@example.com,Ratlam,Madhya Pradesh,Tier 3,2024-02-10
CUST03736,Ritu Singh,Female,35,ritu.singh3736@example.com,Delhi,Delhi,Tier 1,2024-04-14
CUST03737,Anjali Singh,Female,32,anjali.singh3737@example.com,Bhopal,Madhya Pradesh,Tier 2,2022-05-18
CUST03738,Arjun Kumar,Male,47,arjun.kumar3738@example.com,Bangalore,Karnataka,Tier 1,2023-03-20
CUST03739,Karan Singh,Male,32,karan.singh3739@example.com,Mumbai,Maharashtra,Tier 1,2024-03-04
CUST03740,Neha Reddy,Female,29,neha.reddy3740@example.com,Chennai,Tamil Nadu,Tier 1,2023-02-23
CUST03741,Divya Singh,Female,32,divya.singh3741@example.com,Coimbatore,Tamil Nadu,Tier 2,2022-02-20
CUST03742,Kavita Patel,Female,31,kavita.patel3742@example.com,Bangalore,Karnataka,Tier 1,2024-06-06
CUST03743,Priya Verma,Female,18,priya.verma3743@example.com,Bhavnagar,Gujarat,Tier 3,2024-09-19
CUST03744,Meera Nair,Female,27,meera.nair3744@example.com,Coimbatore,Tamil Nadu,Tier 2,2023-10-25
CUST03745,Karan Joshi,Male,49,karan.joshi3745@example.com,Rewa,Madhya Pradesh,Tier 3,2024-01-24
CUST03746,Rohan Verma,Male,26,rohan.verma3746@example.com,Pune,Maharashtra,Tier 1,2024-06-21
CUST03747,Sneha Patel,Female,37,sneha.patel3747@example.com,Indore,Madhya Pradesh,Tier 2,2024-08-03
CUST03748,Meera Singh,Female,27,meera.singh3748@example.com,Pune,Maharashtra,Tier 1,2022-05-29
CUST03749,Karan Verma,Male,18,karan.verma3749@example.com,Hyderabad,Telangana,Tier 1,2023-07-19
CUST03750,Shreya Joshi,Female,35,shreya.joshi3750@example.com,Kolkata,West Bengal,Tier 1,2022-08-22
CUST03751,Pooja Iyer,Female,33,pooja.iyer3751@example.com,Akola,Maharashtra,Tier 3,2022-07-16
CUST03752,Deepak Patel,Male,30,deepak.patel3752@example.com,Nagpur,Maharashtra,Tier 2,2022-08-11
CUST03753,Priya Iyer,Female,26,priya.iyer3753@example.com,Pune,Maharashtra,Tier 1,2023-06-14
CUST03754,Rohan Gupta,Male,40,rohan.gupta3754@example.com,Sagar,Madhya Pradesh,Tier 3,2023-07-28
CUST03755,Vikram Sharma,Male,37,vikram.sharma3755@example.com,Hyderabad,Telangana,Tier 1,2022-12-07
CUST03756,Rahul Joshi,Male,34,rahul.joshi3756@example.com,Bangalore,Karnataka,Tier 1,2022-08-07
CUST03757,Ritu Nair,Female,26,ritu.nair3757@example.com,Hyderabad,Telangana,Tier 1,2022-09-01
CUST03758,Karan Patel,Male,18,karan.patel3758@example.com,Ranchi,Jharkhand,Tier 2,2024-07-03
CUST03759,Shreya Reddy,Female,30,shreya.reddy3759@example.com,Kolkata,West Bengal,Tier 1,2023-04-11
CUST03760,Kavita Kumar,Female,35,kavita.kumar3760@example.com,Shillong,Meghalaya,Tier 3,2022-02-25
CUST03761,Kavita Gupta,Female,23,kavita.gupta3761@example.com,Karimnagar,Telangana,Tier 3,2024-11-11
CUST03762,Anjali Patel,Female,23,anjali.patel3762@example.com,Bangalore,Karnataka,Tier 1,2024-11-27
CUST03763,Deepak Joshi,Male,36,deepak.joshi3763@example.com,Bangalore,Karnataka,Tier 1,2022-10-28
CUST03764,Deepak Iyer,Male,32,deepak.iyer3764@example.com,Bhopal,Madhya Pradesh,Tier 2,2023-10-23
CUST03765,Anjali Joshi,Female,38,anjali.joshi3765@example.com,Chennai,Tamil Nadu,Tier 1,2022-03-10
CUST03766,Meera Gupta,Female,39,meera.gupta3766@example.com,Coimbatore,Tamil Nadu,Tier 2,2022-04-21
CUST03767,Shreya Sharma,Female,26,shreya.sharma3767@example.com,Rajkot,Gujarat,Tier 2,2022-10-10
CUST03768,Divya Joshi,Female,22,divya.joshi3768@example.com,Rajkot,Gujarat,Tier 2,2024-09-04
CUST03769,Vikram Sharma,Male,45,vikram.sharma3769@example.com,Karimnagar,Telangana,Tier 3,2023-06-06
CUST03770,Meera Sharma,Female,19,meera.sharma3770@example.com,Ranchi,Jharkhand,Tier 2,2024-03-24
CUST03771,Neha Verma,Female,35,neha.verma3771@example.com,Bangalore,Karnataka,Tier 1,2022-09-29
CUST03772,Anjali Kumar,Female,37,anjali.kumar3772@example.com,Amritsar,Punjab,Tier 2,2024-09-24
CUST03773,Priya Joshi,Female,43,priya.joshi3773@example.com,Chennai,Tamil Nadu,Tier 1,2023-09-09
CUST03774,Neha Reddy,Female,42,neha.reddy3774@example.com,Hyderabad,Telangana,Tier 1,2023-07-21
CUST03775,Sneha Nair,Female,42,sneha.nair3775@example.com,Coimbatore,Tamil Nadu,Tier 2,2024-06-22
CUST03776,Kavita Gupta,Female,33,kavita.gupta3776@example.com,Raipur,Chhattisgarh,Tier 2,2024-04-05
CUST03777,Neha Nair,Female,33,neha.nair3777@example.com,Chennai,Tamil Nadu,Tier 1,2024-02-26
CUST03778,Priya Joshi,Female,37,priya.joshi3778@example.com,Ambala,Haryana,Tier 3,2022-05-13
CUST03779,Shreya Verma,Female,33,shreya.verma3779@example.com,Nagpur,Maharashtra,Tier 2,2023-10-08
CUST03780,Manoj Verma,Male,37,manoj.verma3780@example.com,Kolkata,West Bengal,Tier 1,2024-08-17
CUST03781,Neha Gupta,Female,41,neha.gupta3781@example.com,Rohtak,Haryana,Tier 3,2024-07-21
CUST03782,Vikram Sharma,Male,21,vikram.sharma3782@example.com,Delhi,Delhi,Tier 1,2024-09-19
CUST03783,Anjali Singh,Female,18,anjali.singh3783@example.com,Pune,Maharashtra,Tier 1,2024-10-25
CUST03784,Karan Joshi,Male,41,karan.joshi3784@example.com,Mumbai,Maharashtra,Tier 1,2023-06-27
CUST03785,Ritu Reddy,Female,24,ritu.reddy3785@example.com,Pune,Maharashtra,Tier 1,2024-08-11
CUST03786,Neha Singh,Female,50,neha.singh3786@example.com,Raipur,Chhattisgarh,Tier 2,2023-11-18
CUST03787,Suresh Singh,Male,27,suresh.singh3787@example.com,Bhopal,Madhya Pradesh,Tier 2,2024-09-16
CUST03788,Sneha Iyer,Female,30,sneha.iyer3788@example.com,Delhi,Delhi,Tier 1,2022-03-08
CUST03789,Suresh Reddy,Male,26,suresh.reddy3789@example.com,Mumbai,Maharashtra,Tier 1,2023-01-03
CUST03790,Arjun Verma,Male,29,arjun.verma3790@example.com,Coimbatore,Tamil Nadu,Tier 2,2024-08-15
CUST03791,Anjali Nair,Female,30,anjali.nair3791@example.com,Bangalore,Karnataka,Tier 1,2024-09-15
CUST03792,Manoj Sharma,Male,18,manoj.sharma3792@example.com,Rewa,Madhya Pradesh,Tier 3,2024-04-25
CUST03793,Arjun Verma,Male,34,arjun.verma3793@example.com,Ranchi,Jharkhand,Tier 2,2024-08-25
CUST03794,Deepak Sharma,Male,26,deepak.sharma3794@example.com,Delhi,Delhi,Tier 1,2024-07-13
CUST03795,Ritu Kumar,Female,33,ritu.kumar3795@example.com,Mumbai,Maharashtra,Tier 1,2023-06-02
CUST03796,Anjali Patel,Female,25,anjali.patel3796@example.com,Mumbai,Maharashtra,Tier 1,2024-08-16
CUST03797,Neha Nair,Female,27,neha.nair3797@example.com,Coimbatore,Tamil Nadu,Tier 2,2022-03-06
CUST03798,Anjali Patel,Female,20,anjali.patel3798@example.com,Delhi,Delhi,Tier 1,2024-03-11
CUST03799,Shreya Patel,Female,31,shreya.patel3799@example.com,Jodhpur,Rajasthan,Tier 2,2023-01-01
CUST03800,Deepak Patel,Male,32,deepak.patel3800@example.com,Hisar,Haryana,Tier 3,2023-08-09
CUST03801,Priya Joshi,Female,25,priya.joshi3801@example.com,Kolkata,West Bengal,Tier 1,2024-08-05
CUST03802,Suresh Kumar,Male,31,suresh.kumar3802@example.com,Mumbai,Maharashtra,Tier 1,2024-07-05
CUST03803,Neha Joshi,Female,22,neha.joshi3803@example.com,Akola,Maharashtra,Tier 3,2024-08-16
CUST03804,Amit Iyer,Male,18,amit.iyer3804@example.com,Ranchi,Jharkhand,Tier 2,2023-10-26
CUST03805,Manoj Singh,Male,21,manoj.singh3805@example.com,Coimbatore,Tamil Nadu,Tier 2,2023-12-28
CUST03806,Divya Verma,Female,37,divya.verma3806@example.com,Rajkot,Gujarat,Tier 2,2024-09-14
CUST03807,Arjun Gupta,Male,44,arjun.gupta3807@example.com,Pune,Maharashtra,Tier 1,2022-09-17
CUST03808,Rohan Iyer,Male,36,rohan.iyer3808@example.com,Bangalore,Karnataka,Tier 1,2022-04-09
CUST03809,Priya Singh,Female,33,priya.singh3809@example.com,Sagar,Madhya Pradesh,Tier 3,2022-07-21
CUST03810,Shreya Verma,Female,31,shreya.verma3810@example.com,Nagpur,Maharashtra,Tier 2,2023-08-02
CUST03811,Arjun Nair,Male,54,arjun.nair3811@example.com,Rohtak,Haryana,Tier 3,2023-06-11
CUST03812,Meera Gupta,Female,29,meera.gupta3812@example.com,Chennai,Tamil Nadu,Tier 1,2023-03-29
CUST03813,Neha Iyer,Female,22,neha.iyer3813@example.com,Rewa,Madhya Pradesh,Tier 3,2024-03-26
CUST03814,Ritu Reddy,Female,22,ritu.reddy3814@example.com,Coimbatore,Tamil Nadu,Tier 2,2023-03-04
CUST03815,Anjali Iyer,Female,38,anjali.iyer3815@example.com,Hyderabad,Telangana,Tier 1,2022-07-11
CUST03816,Anjali Singh,Female,45,anjali.singh3816@example.com,Nagpur,Maharashtra,Tier 2,2024-03-24
CUST03817,Shreya Reddy,Female,28,shreya.reddy3817@example.com,Chennai,Tamil Nadu,Tier 1,2023-02-04
CUST03818,Sneha Sharma,Female,19,sneha.sharma3818@example.com,Bangalore,Karnataka,Tier 1,2024-10-25
CUST03819,Rohan Verma,Male,36,rohan.verma3819@example.com,Rohtak,Haryana,Tier 3,2022-03-23
CUST03820,Arjun Sharma,Male,31,arjun.sharma3820@example.com,Bangalore,Karnataka,Tier 1,2024-04-19
CUST03821,Rahul Kumar,Male,47,rahul.kumar3821@example.com,Ranchi,Jharkhand,Tier 2,2023-08-29
CUST03822,Arjun Nair,Male,38,arjun.nair3822@example.com,Aurangabad,Maharashtra,Tier 2,2022-04-07
CUST03823,Meera Nair,Female,29,meera.nair3823@example.com,Latur,Maharashtra,Tier 3,2022-12-14
CUST03824,Priya Gupta,Female,42,priya.gupta3824@example.com,Bhopal,Madhya Pradesh,Tier 2,2024-11-08
CUST03825,Neha Gupta,Female,40,neha.gupta3825@example.com,Mumbai,Maharashtra,Tier 1,2023-09-25
CUST03826,Anjali Gupta,Female,28,anjali.gupta3826@example.com,Shillong,Meghalaya,Tier 3,2022-04-24
CUST03827,Manoj Joshi,Male,37,manoj.joshi3827@example.com,Hisar,Haryana,Tier 3,2024-08-12
CUST03828,Karan Gupta,Male,22,karan.gupta3828@example.com,Latur,Maharashtra,Tier 3,2024-05-15
CUST03829,Suresh Sharma,Male,28,suresh.sharma3829@example.com,Raipur,Chhattisgarh,Tier 2,2023-11-23
CUST03830,Neha Reddy,Female,18,neha.reddy3830@example.com,Sagar,Madhya Pradesh,Tier 3,2024-06-22
CUST03831,Ritu Sharma,Female,42,ritu.sharma3831@example.com,Sagar,Madhya Pradesh,Tier 3,2022-11-27
CUST03832,Manoj Gupta,Male,19,manoj.gupta3832@example.com,Delhi,Delhi,Tier 1,2024-11-04
CUST03833,Ritu Joshi,Female,19,ritu.joshi3833@example.com,Chennai,Tamil Nadu,Tier 1,2024-05-14
CUST03834,Pooja Kumar,Female,24,pooja.kumar3834@example.com,Shillong,Meghalaya,Tier 3,2024-02-12
CUST03835,Karan Reddy,Male,36,karan.reddy3835@example.com,Hyderabad,Telangana,Tier 1,2023-03-28
CUST03836,Pooja Iyer,Female,29,pooja.iyer3836@example.com,Karimnagar,Telangana,Tier 3,2024-06-02
CUST03837,Karan Sharma,Male,28,karan.sharma3837@example.com,Vadodara,Gujarat,Tier 2,2024-05-14
CUST03838,Neha Gupta,Female,33,neha.gupta3838@example.com,Pune,Maharashtra,Tier 1,2023-12-29
CUST03839,Amit Patel,Male,29,amit.patel3839@example.com,Indore,Madhya Pradesh,Tier 2,2023-08-27
CUST03840,Vikram Nair,Male,46,vikram.nair3840@example.com,Hisar,Haryana,Tier 3,2023-07-17
CUST03841,Suresh Reddy,Male,43,suresh.reddy3841@example.com,Ratlam,Madhya Pradesh,Tier 3,2023-12-12
CUST03842,Sneha Joshi,Female,18,sneha.joshi3842@example.com,Vadodara,Gujarat,Tier 2,2023-03-29
CUST03843,Amit Reddy,Male,33,amit.reddy3843@example.com,Vadodara,Gujarat,Tier 2,2022-02-17
CUST03844,Amit Nair,Male,47,amit.nair3844@example.com,Kolkata,West Bengal,Tier 1,2024-01-24
CUST03845,Vikram Nair,Male,39,vikram.nair3845@example.com,Rajkot,Gujarat,Tier 2,2024-07-03
CUST03846,Divya Verma,Female,35,divya.verma3846@example.com,Mumbai,Maharashtra,Tier 1,2022-03-04
CUST03847,Rahul Reddy,Male,44,rahul.reddy3847@example.com,Mumbai,Maharashtra,Tier 1,2024-10-05
CUST03848,Amit Gupta,Male,35,amit.gupta3848@example.com,Delhi,Delhi,Tier 1,2022-04-19
CUST03849,Divya Patel,Female,49,divya.patel3849@example.com,Karimnagar,Telangana,Tier 3,2022-01-24
CUST03850,Deepak Gupta,Male,28,deepak.gupta3850@example.com,Hisar,Haryana,Tier 3,2024-10-16
CUST03851,Priya Joshi,Female,35,priya.joshi3851@example.com,Coimbatore,Tamil Nadu,Tier 2,2024-10-14
CUST03852,Arjun Kumar,Male,40,arjun.kumar3852@example.com,Mumbai,Maharashtra,Tier 1,2024-01-27
CUST03853,Divya Gupta,Female,22,divya.gupta3853@example.com,Bhopal,Madhya Pradesh,Tier 2,2023-03-07
CUST03854,Karan Reddy,Male,18,karan.reddy3854@example.com,Pune,Maharashtra,Tier 1,2022-08-30
CUST03855,Meera Verma,Female,35,meera.verma3855@example.com,Delhi,Delhi,Tier 1,2024-01-11
CUST03856,Rohan Singh,Male,42,rohan.singh3856@example.com,Sagar,Madhya Pradesh,Tier 3,2022-07-28
CUST03857,Priya Iyer,Female,43,priya.iyer3857@example.com,Amritsar,Punjab,Tier 2,2024-09-12
CUST03858,Manoj Nair,Male,34,manoj.nair3858@example.com,Mumbai,Maharashtra,Tier 1,2023-03-16
CUST03859,Vikram Nair,Male,26,vikram.nair3859@example.com,Bangalore,Karnataka,Tier 1,2024-11-25
CUST03860,Amit Verma,Male,40,amit.verma3860@example.com,Bangalore,Karnataka,Tier 1,2023-01-17
CUST03861,Manoj Patel,Male,18,manoj.patel3861@example.com,Hyderabad,Telangana,Tier 1,2022-03-03
CUST03862,Kavita Sharma,Female,26,kavita.sharma3862@example.com,Pune,Maharashtra,Tier 1,2024-07-15
CUST03863,Rohan Sharma,Male,25,rohan.sharma3863@example.com,Bhavnagar,Gujarat,Tier 3,2023-03-31
CUST03864,Manoj Sharma,Male,25,manoj.sharma3864@example.com,Hyderabad,Telangana,Tier 1,2022-03-28
CUST03865,Rohan Sharma,Male,23,rohan.sharma3865@example.com,Aurangabad,Maharashtra,Tier 2,2022-03-02
CUST03866,Rahul Iyer,Male,20,rahul.iyer3866@example.com,Jodhpur,Rajasthan,Tier 2,2024-08-18
CUST03867,Sneha Joshi,Female,28,sneha.joshi3867@example.com,Chennai,Tamil Nadu,Tier 1,2023-11-25
CUST03868,Pooja Iyer,Female,29,pooja.iyer3868@example.com,Karimnagar,Telangana,Tier 3,2023-06-18
CUST03869,Kavita Iyer,Female,32,kavita.iyer3869@example.com,Chennai,Tamil Nadu,Tier 1,2022-05-10
CUST03870,Sanjay Nair,Male,30,sanjay.nair3870@example.com,Hyderabad,Telangana,Tier 1,2022-02-24
CUST03871,Vikram Kumar,Male,38,vikram.kumar3871@example.com,Nashik,Maharashtra,Tier 2,2024-11-15
CUST03872,Karan Kumar,Male,26,karan.kumar3872@example.com,Ambala,Haryana,Tier 3,2023-12-25
CUST03873,Priya Reddy,Female,46,priya.reddy3873@example.com,Bhopal,Madhya Pradesh,Tier 2,2024-01-08
CUST03874,Rahul Iyer,Male,34,rahul.iyer3874@example.com,Rewa,Madhya Pradesh,Tier 3,2024-09-29
CUST03875,Karan Patel,Male,36,karan.patel3875@example.com,Hyderabad,Telangana,Tier 1,2022-07-23
CUST03876,Pooja Reddy,Female,22,pooja.reddy3876@example.com,Kolkata,West Bengal,Tier 1,2024-08-08
CUST03877,Divya Iyer,Female,28,divya.iyer3877@example.com,Hyderabad,Telangana,Tier 1,2024-07-27
CUST03878,Divya Singh,Female,39,divya.singh3878@example.com,Hisar,Haryana,Tier 3,2022-09-06
CUST03879,Ritu Patel,Female,29,ritu.patel3879@example.com,Bangalore,Karnataka,Tier 1,2023-12-04
CUST03880,Rohan Gupta,Male,44,rohan.gupta3880@example.com,Raipur,Chhattisgarh,Tier 2,2022-02-19
CUST03881,Manoj Gupta,Male,26,manoj.gupta3881@example.com,Shillong,Meghalaya,Tier 3,2023-11-26
CUST03882,Divya Nair,Female,33,divya.nair3882@example.com,Shillong,Meghalaya,Tier 3,2024-02-02
CUST03883,Kavita Kumar,Female,30,kavita.kumar3883@example.com,Kolkata,West Bengal,Tier 1,2024-10-01
CUST03884,Neha Iyer,Female,32,neha.iyer3884@example.com,Delhi,Delhi,Tier 1,2023-11-18
CUST03885,Sneha Joshi,Female,36,sneha.joshi3885@example.com,Mumbai,Maharashtra,Tier 1,2022-12-27
CUST03886,Rohan Gupta,Male,22,rohan.gupta3886@example.com,Hyderabad,Telangana,Tier 1,2022-07-27
CUST03887,Karan Nair,Male,33,karan.nair3887@example.com,Bangalore,Karnataka,Tier 1,2022-03-26
CUST03888,Sanjay Sharma,Male,19,sanjay.sharma3888@example.com,Karimnagar,Telangana,Tier 3,2023-08-19
CUST03889,Karan Joshi,Male,28,karan.joshi3889@example.com,Shillong,Meghalaya,Tier 3,2024-10-10
CUST03890,Suresh Joshi,Male,29,suresh.joshi3890@example.com,Amritsar,Punjab,Tier 2,2024-09-10
CUST03891,Karan Joshi,Male,21,karan.joshi3891@example.com,Kolkata,West Bengal,Tier 1,2024-01-29
CUST03892,Vikram Reddy,Male,31,vikram.reddy3892@example.com,Kolkata,West Bengal,Tier 1,2023-12-02
CUST03893,Pooja Patel,Female,49,pooja.patel3893@example.com,Ratlam,Madhya Pradesh,Tier 3,2022-01-26
CUST03894,Shreya Joshi,Female,34,shreya.joshi3894@example.com,Rajkot,Gujarat,Tier 2,2023-06-07
CUST03895,Amit Verma,Male,19,amit.verma3895@example.com,Chennai,Tamil Nadu,Tier 1,2024-03-12
CUST03896,Rahul Sharma,Male,18,rahul.sharma3896@example.com,Indore,Madhya Pradesh,Tier 2,2024-08-20
CUST03897,Arjun Singh,Male,30,arjun.singh3897@example.com,Bangalore,Karnataka,Tier 1,2022-10-13
CUST03898,Rohan Kumar,Male,32,rohan.kumar3898@example.com,Coimbatore,Tamil Nadu,Tier 2,2023-10-16
CUST03899,Shreya Singh,Female,32,shreya.singh3899@example.com,Akola,Maharashtra,Tier 3,2024-10-20
CUST03900,Divya Singh,Female,18,divya.singh3900@example.com,Chennai,Tamil Nadu,Tier 1,2022-11-27
CUST03901,Suresh Kumar,Male,24,suresh.kumar3901@example.com,Pune,Maharashtra,Tier 1,2023-05-19
CUST03902,Vikram Patel,Male,29,vikram.patel3902@example.com,Akola,Maharashtra,Tier 3,2022-05-17
CUST03903,Deepak Joshi,Male,24,deepak.joshi3903@example.com,Hyderabad,Telangana,Tier 1,2022-08-31
CUST03904,Deepak Nair,Male,25,deepak.nair3904@example.com,Karimnagar,Telangana,Tier 3,2023-02-12
CUST03905,Sneha Gupta,Female,20,sneha.gupta3905@example.com,Amritsar,Punjab,Tier 2,2023-11-22
CUST03906,Sanjay Verma,Male,46,sanjay.verma3906@example.com,Mumbai,Maharashtra,Tier 1,2024-10-14
CUST03907,Karan Iyer,Male,45,karan.iyer3907@example.com,Nagpur,Maharashtra,Tier 2,2022-04-22
CUST03908,Neha Sharma,Female,30,neha.sharma3908@example.com,Karimnagar,Telangana,Tier 3,2022-02-02
CUST03909,Divya Joshi,Female,18,divya.joshi3909@example.com,Chennai,Tamil Nadu,Tier 1,2024-10-23
CUST03910,Sanjay Sharma,Male,26,sanjay.sharma3910@example.com,Bilaspur,Chhattisgarh,Tier 3,2024-09-26
CUST03911,Kavita Verma,Female,29,kavita.verma3911@example.com,Rajkot,Gujarat,Tier 2,2024-02-29
CUST03912,Vikram Patel,Male,36,vikram.patel3912@example.com,Bangalore,Karnataka,Tier 1,2023-08-21
CUST03913,Ritu Patel,Female,35,ritu.patel3913@example.com,Chennai,Tamil Nadu,Tier 1,2024-07-24
CUST03914,Arjun Kumar,Male,22,arjun.kumar3914@example.com,Indore,Madhya Pradesh,Tier 2,2022-09-22
CUST03915,Arjun Joshi,Male,24,arjun.joshi3915@example.com,Shillong,Meghalaya,Tier 3,2022-08-15
CUST03916,Priya Joshi,Female,30,priya.joshi3916@example.com,Kolkata,West Bengal,Tier 1,2024-08-26
CUST03917,Neha Singh,Female,27,neha.singh3917@example.com,Chennai,Tamil Nadu,Tier 1,2023-12-24
CUST03918,Pooja Nair,Female,31,pooja.nair3918@example.com,Kolkata,West Bengal,Tier 1,2024-01-10
CUST03919,Sanjay Singh,Male,27,sanjay.singh3919@example.com,Bangalore,Karnataka,Tier 1,2022-08-11
CUST03920,Rohan Kumar,Male,38,rohan.kumar3920@example.com,Bhopal,Madhya Pradesh,Tier 2,2022-11-25
CUST03921,Ritu Singh,Female,25,ritu.singh3921@example.com,Bangalore,Karnataka,Tier 1,2024-02-09
CUST03922,Divya Verma,Female,27,divya.verma3922@example.com,Mumbai,Maharashtra,Tier 1,2022-03-18
CUST03923,Vikram Joshi,Male,30,vikram.joshi3923@example.com,Bangalore,Karnataka,Tier 1,2024-07-08
CUST03924,Suresh Reddy,Male,29,suresh.reddy3924@example.com,Latur,Maharashtra,Tier 3,2023-05-07
CUST03925,Ritu Reddy,Female,23,ritu.reddy3925@example.com,Delhi,Delhi,Tier 1,2022-11-04
CUST03926,Ritu Singh,Female,25,ritu.singh3926@example.com,Nagpur,Maharashtra,Tier 2,2024-01-05
CUST03927,Ritu Singh,Female,37,ritu.singh3927@example.com,Nashik,Maharashtra,Tier 2,2023-01-06
CUST03928,Sneha Nair,Female,35,sneha.nair3928@example.com,Delhi,Delhi,Tier 1,2023-05-06
CUST03929,Sneha Kumar,Female,31,sneha.kumar3929@example.com,Delhi,Delhi,Tier 1,2024-08-02
CUST03930,Anjali Singh,Female,20,anjali.singh3930@example.com,Mumbai,Maharashtra,Tier 1,2022-05-08
CUST03931,Rahul Patel,Male,30,rahul.patel3931@example.com,Ranchi,Jharkhand,Tier 2,2023-03-17
CUST03932,Amit Patel,Male,28,amit.patel3932@example.com,Akola,Maharashtra,Tier 3,2024-01-30
CUST03933,Vikram Joshi,Male,26,vikram.joshi3933@example.com,Ratlam,Madhya Pradesh,Tier 3,2022-06-12
CUST03934,Amit Verma,Male,45,amit.verma3934@example.com,Kolkata,West Bengal,Tier 1,2022-08-27
CUST03935,Arjun Joshi,Male,44,arjun.joshi3935@example.com,Mumbai,Maharashtra,Tier 1,2024-11-21
CUST03936,Manoj Iyer,Male,37,manoj.iyer3936@example.com,Mumbai,Maharashtra,Tier 1,2022-10-27
CUST03937,Anjali Joshi,Female,44,anjali.joshi3937@example.com,Amritsar,Punjab,Tier 2,2024-09-28
CUST03938,Vikram Gupta,Male,32,vikram.gupta3938@example.com,Indore,Madhya Pradesh,Tier 2,2023-08-08
CUST03939,Vikram Verma,Male,31,vikram.verma3939@example.com,Pune,Maharashtra,Tier 1,2024-03-23
CUST03940,Rahul Reddy,Male,21,rahul.reddy3940@example.com,Pune,Maharashtra,Tier 1,2022-05-16
CUST03941,Rohan Sharma,Male,36,rohan.sharma3941@example.com,Kolkata,West Bengal,Tier 1,2022-09-11
CUST03942,Karan Singh,Male,27,karan.singh3942@example.com,Raipur,Chhattisgarh,Tier 2,2023-07-30
CUST03943,Sanjay Gupta,Male,37,sanjay.gupta3943@example.com,Pune,Maharashtra,Tier 1,2024-06-21
CUST03944,Shreya Patel,Female,49,shreya.patel3944@example.com,Pune,Maharashtra,Tier 1,2024-02-02
CUST03945,Shreya Sharma,Female,24,shreya.sharma3945@example.com,Hyderabad,Telangana,Tier 1,2023-01-04
CUST03946,Deepak Sharma,Male,32,deepak.sharma3946@example.com,Hisar,Haryana,Tier 3,2024-08-14
CUST03947,Rohan Kumar,Male,47,rohan.kumar3947@example.com,Mumbai,Maharashtra,Tier 1,2023-05-31
CUST03948,Amit Verma,Male,32,amit.verma3948@example.com,Delhi,Delhi,Tier 1,2023-10-19
CUST03949,Arjun Gupta,Male,25,arjun.gupta3949@example.com,Coimbatore,Tamil Nadu,Tier 2,2022-12-10
CUST03950,Shreya Kumar,Female,22,shreya.kumar3950@example.com,Bhopal,Madhya Pradesh,Tier 2,2022-04-15
CUST03951,Meera Kumar,Female,32,meera.kumar3951@example.com,Chennai,Tamil Nadu,Tier 1,2024-08-19
CUST03952,Sneha Singh,Female,27,sneha.singh3952@example.com,Sagar,Madhya Pradesh,Tier 3,2024-05-27
CUST03953,Deepak Sharma,Male,28,deepak.sharma3953@example.com,Pune,Maharashtra,Tier 1,2024-08-24
CUST03954,Sneha Patel,Female,21,sneha.patel3954@example.com,Pune,Maharashtra,Tier 1,2023-09-15
CUST03955,Amit Iyer,Male,33,amit.iyer3955@example.com,Akola,Maharashtra,Tier 3,2023-11-06
CUST03956,Manoj Reddy,Male,27,manoj.reddy3956@example.com,Ratlam,Madhya Pradesh,Tier 3,2022-11-04
CUST03957,Priya Verma,Female,26,priya.verma3957@example.com,Indore,Madhya Pradesh,Tier 2,2022-10-12
CUST03958,Shreya Verma,Female,22,shreya.verma3958@example.com,Bangalore,Karnataka,Tier 1,2022-06-14
CUST03959,Kavita Iyer,Female,18,kavita.iyer3959@example.com,Chennai,Tamil Nadu,Tier 1,2024-03-31
CUST03960,Kavita Iyer,Female,27,kavita.iyer3960@example.com,Ratlam,Madhya Pradesh,Tier 3,2022-05-09
CUST03961,Kavita Nair,Female,34,kavita.nair3961@example.com,Bangalore,Karnataka,Tier 1,2024-01-08
CUST03962,Rohan Joshi,Male,43,rohan.joshi3962@example.com,Raipur,Chhattisgarh,Tier 2,2022-01-22
CUST03963,Arjun Reddy,Male,27,arjun.reddy3963@example.com,Delhi,Delhi,Tier 1,2024-05-24
CUST03964,Kavita Reddy,Female,27,kavita.reddy3964@example.com,Rajkot,Gujarat,Tier 2,2023-10-25
CUST03965,Divya Patel,Female,38,divya.patel3965@example.com,Hyderabad,Telangana,Tier 1,2023-01-11
CUST03966,Ritu Sharma,Female,34,ritu.sharma3966@example.com,Delhi,Delhi,Tier 1,2023-12-09
CUST03967,Arjun Reddy,Male,31,arjun.reddy3967@example.com,Kolkata,West Bengal,Tier 1,2022-09-14
CUST03968,Karan Singh,Male,35,karan.singh3968@example.com,Kolkata,West Bengal,Tier 1,2024-02-14
CUST03969,Neha Patel,Female,50,neha.patel3969@example.com,Mumbai,Maharashtra,Tier 1,2023-02-01
CUST03970,Rohan Verma,Male,30,rohan.verma3970@example.com,Chennai,Tamil Nadu,Tier 1,2023-06-13
CUST03971,Divya Patel,Female,26,divya.patel3971@example.com,Nagpur,Maharashtra,Tier 2,2023-09-05
CUST03972,Pooja Sharma,Female,36,pooja.sharma3972@example.com,Vadodara,Gujarat,Tier 2,2022-01-29
CUST03973,Neha Kumar,Female,46,neha.kumar3973@example.com,Hyderabad,Telangana,Tier 1,2022-02-23
CUST03974,Pooja Gupta,Female,30,pooja.gupta3974@example.com,Ranchi,Jharkhand,Tier 2,2024-05-04
CUST03975,Ritu Reddy,Female,33,ritu.reddy3975@example.com,Hyderabad,Telangana,Tier 1,2024-09-03
CUST03976,Sanjay Sharma,Male,32,sanjay.sharma3976@example.com,Kolkata,West Bengal,Tier 1,2023-07-18
CUST03977,Amit Singh,Male,48,amit.singh3977@example.com,Bangalore,Karnataka,Tier 1,2023-01-14
CUST03978,Shreya Kumar,Female,19,shreya.kumar3978@example.com,Pune,Maharashtra,Tier 1,2022-04-20
CUST03979,Deepak Iyer,Male,35,deepak.iyer3979@example.com,Bhopal,Madhya Pradesh,Tier 2,2023-07-07
CUST03980,Divya Sharma,Female,27,divya.sharma3980@example.com,Coimbatore,Tamil Nadu,Tier 2,2024-08-11
CUST03981,Arjun Kumar,Male,33,arjun.kumar3981@example.com,Bangalore,Karnataka,Tier 1,2023-09-13
CUST03982,Shreya Verma,Female,25,shreya.verma3982@example.com,Pune,Maharashtra,Tier 1,2022-03-08
CUST03983,Deepak Kumar,Male,20,deepak.kumar3983@example.com,Chennai,Tamil Nadu,Tier 1,2022-07-25
CUST03984,Neha Singh,Female,28,neha.singh3984@example.com,Bangalore,Karnataka,Tier 1,2024-02-22
CUST03985,Anjali Sharma,Female,30,anjali.sharma3985@example.com,Bilaspur,Chhattisgarh,Tier 3,2023-12-09
CUST03986,Ritu Gupta,Female,21,ritu.gupta3986@example.com,Hyderabad,Telangana,Tier 1,2024-06-15
CUST03987,Pooja Singh,Female,32,pooja.singh3987@example.com,Delhi,Delhi,Tier 1,2022-06-08
CUST03988,Sneha Nair,Female,24,sneha.nair3988@example.com,Pune,Maharashtra,Tier 1,2022-04-23
CUST03989,Pooja Patel,Female,38,pooja.patel3989@example.com,Nashik,Maharashtra,Tier 2,2023-07-29
CUST03990,Manoj Joshi,Male,18,manoj.joshi3990@example.com,Bangalore,Karnataka,Tier 1,2024-05-08
CUST03991,Sanjay Joshi,Male,27,sanjay.joshi3991@example.com,Coimbatore,Tamil Nadu,Tier 2,2024-07-06
CUST03992,Arjun Nair,Male,35,arjun.nair3992@example.com,Hisar,Haryana,Tier 3,2022-05-16
CUST03993,Neha Joshi,Female,43,neha.joshi3993@example.com,Mumbai,Maharashtra,Tier 1,2022-01-31
CUST03994,Deepak Iyer,Male,40,deepak.iyer3994@example.com,Ratlam,Madhya Pradesh,Tier 3,2023-11-04
CUST03995,Anjali Iyer,Female,39,anjali.iyer3995@example.com,Hyderabad,Telangana,Tier 1,2022-10-14
CUST03996,Suresh Patel,Male,33,suresh.patel3996@example.com,Aurangabad,Maharashtra,Tier 2,2024-11-23
CUST03997,Sanjay Gupta,Male,34,sanjay.gupta3997@example.com,Bangalore,Karnataka,Tier 1,2022-04-08
CUST03998,Arjun Singh,Male,35,arjun.singh3998@example.com,Sagar,Madhya Pradesh,Tier 3,2022-09-30
CUST03999,Meera Patel,Female,33,meera.patel3999@example.com,Kolkata,West Bengal,Tier 1,2022-07-21
CUST04000,Kavita Iyer,Female,29,kavita.iyer4000@example.com,Kolkata,West Bengal,Tier 1,2022-11-07
CUST04001,Rohan Joshi,Male,24,rohan.joshi4001@example.com,Nashik,Maharashtra,Tier 2,2023-09-16
CUST04002,Suresh Sharma,Male,29,suresh.sharma4002@example.com,Jodhpur,Rajasthan,Tier 2,2023-05-30
CUST04003,Deepak Nair,Male,22,deepak.nair4003@example.com,Shillong,Meghalaya,Tier 3,2023-01-29
CUST04004,Karan Reddy,Male,26,karan.reddy4004@example.com,Rewa,Madhya Pradesh,Tier 3,2022-07-21
CUST04005,Suresh Kumar,Male,33,suresh.kumar4005@example.com,Shillong,Meghalaya,Tier 3,2023-01-24
CUST04006,Suresh Sharma,Male,33,suresh.sharma4006@example.com,Coimbatore,Tamil Nadu,Tier 2,2023-12-13
CUST04007,Anjali Singh,Female,18,anjali.singh4007@example.com,Latur,Maharashtra,Tier 3,2024-05-06
CUST04008,Sanjay Reddy,Male,37,sanjay.reddy4008@example.com,Hyderabad,Telangana,Tier 1,2024-04-09
CUST04009,Manoj Iyer,Male,26,manoj.iyer4009@example.com,Chennai,Tamil Nadu,Tier 1,2024-09-17
CUST04010,Suresh Iyer,Male,33,suresh.iyer4010@example.com,Nashik,Maharashtra,Tier 2,2023-05-17
CUST04011,Manoj Iyer,Male,31,manoj.iyer4011@example.com,Vadodara,Gujarat,Tier 2,2022-02-22
CUST04012,Manoj Patel,Male,38,manoj.patel4012@example.com,Bangalore,Karnataka,Tier 1,2023-10-21
CUST04013,Amit Sharma,Male,42,amit.sharma4013@example.com,Bangalore,Karnataka,Tier 1,2022-02-16
CUST04014,Kavita Patel,Female,36,kavita.patel4014@example.com,Nashik,Maharashtra,Tier 2,2024-01-05
CUST04015,Meera Sharma,Female,43,meera.sharma4015@example.com,Nashik,Maharashtra,Tier 2,2024-10-15
CUST04016,Kavita Reddy,Female,40,kavita.reddy4016@example.com,Amritsar,Punjab,Tier 2,2023-03-14
CUST04017,Shreya Sharma,Female,23,shreya.sharma4017@example.com,Delhi,Delhi,Tier 1,2024-08-25
CUST04018,Kavita Joshi,Female,23,kavita.joshi4018@example.com,Amritsar,Punjab,Tier 2,2024-07-09
CUST04019,Deepak Sharma,Male,38,deepak.sharma4019@example.com,Bilaspur,Chhattisgarh,Tier 3,2024-11-04
CUST04020,Sanjay Verma,Male,47,sanjay.verma4020@example.com,Pune,Maharashtra,Tier 1,2022-07-24
CUST04021,Vikram Verma,Male,27,vikram.verma4021@example.com,Mumbai,Maharashtra,Tier 1,2023-06-17
CUST04022,Rohan Verma,Male,18,rohan.verma4022@example.com,Chennai,Tamil Nadu,Tier 1,2023-11-20
CUST04023,Kavita Verma,Female,28,kavita.verma4023@example.com,Ratlam,Madhya Pradesh,Tier 3,2022-04-12
CUST04024,Anjali Iyer,Female,18,anjali.iyer4024@example.com,Aurangabad,Maharashtra,Tier 2,2024-10-17
CUST04025,Deepak Reddy,Male,39,deepak.reddy4025@example.com,Karimnagar,Telangana,Tier 3,2022-06-26
CUST04026,Neha Nair,Female,32,neha.nair4026@example.com,Ambala,Haryana,Tier 3,2022-08-08
CUST04027,Sanjay Patel,Male,29,sanjay.patel4027@example.com,Indore,Madhya Pradesh,Tier 2,2024-01-06
CUST04028,Pooja Gupta,Female,33,pooja.gupta4028@example.com,Mumbai,Maharashtra,Tier 1,2022-05-11
CUST04029,Rahul Gupta,Male,32,rahul.gupta4029@example.com,Mumbai,Maharashtra,Tier 1,2024-03-09
CUST04030,Rahul Gupta,Male,19,rahul.gupta4030@example.com,Hyderabad,Telangana,Tier 1,2023-05-03
CUST04031,Vikram Nair,Male,28,vikram.nair4031@example.com,Sagar,Madhya Pradesh,Tier 3,2022-11-09
CUST04032,Ritu Reddy,Female,31,ritu.reddy4032@example.com,Ratlam,Madhya Pradesh,Tier 3,2024-05-08
CUST04033,Divya Sharma,Female,29,divya.sharma4033@example.com,Latur,Maharashtra,Tier 3,2024-11-03
CUST04034,Meera Verma,Female,24,meera.verma4034@example.com,Ambala,Haryana,Tier 3,2023-08-12
CUST04035,Manoj Sharma,Male,30,manoj.sharma4035@example.com,Nagpur,Maharashtra,Tier 2,2022-05-17
CUST04036,Manoj Iyer,Male,36,manoj.iyer4036@example.com,Delhi,Delhi,Tier 1,2024-08-11
CUST04037,Anjali Joshi,Female,36,anjali.joshi4037@example.com,Latur,Maharashtra,Tier 3,2024-01-16
CUST04038,Karan Gupta,Male,28,karan.gupta4038@example.com,Bangalore,Karnataka,Tier 1,2023-07-07
CUST04039,Manoj Kumar,Male,35,manoj.kumar4039@example.com,Bhopal,Madhya Pradesh,Tier 2,2022-10-02
CUST04040,Meera Reddy,Female,18,meera.reddy4040@example.com,Rewa,Madhya Pradesh,Tier 3,2022-04-17
CUST04041,Manoj Kumar,Male,31,manoj.kumar4041@example.com,Bhopal,Madhya Pradesh,Tier 2,2022-10-03
CUST04042,Arjun Kumar,Male,32,arjun.kumar4042@example.com,Bangalore,Karnataka,Tier 1,2023-07-21
CUST04043,Suresh Iyer,Male,18,suresh.iyer4043@example.com,Hyderabad,Telangana,Tier 1,2022-05-09
CUST04044,Shreya Nair,Female,29,shreya.nair4044@example.com,Mumbai,Maharashtra,Tier 1,2022-12-21
CUST04045,Vikram Verma,Male,41,vikram.verma4045@example.com,Aurangabad,Maharashtra,Tier 2,2022-05-26
CUST04046,Anjali Gupta,Female,36,anjali.gupta4046@example.com,Mumbai,Maharashtra,Tier 1,2022-09-22
CUST04047,Pooja Joshi,Female,35,pooja.joshi4047@example.com,Sagar,Madhya Pradesh,Tier 3,2023-01-27
CUST04048,Kavita Iyer,Female,28,kavita.iyer4048@example.com,Kolkata,West Bengal,Tier 1,2022-05-08
CUST04049,Manoj Kumar,Male,33,manoj.kumar4049@example.com,Nagpur,Maharashtra,Tier 2,2024-11-15
CUST04050,Suresh Sharma,Male,39,suresh.sharma4050@example.com,Delhi,Delhi,Tier 1,2023-02-10
CUST04051,Arjun Gupta,Male,26,arjun.gupta4051@example.com,Delhi,Delhi,Tier 1,2022-12-30
CUST04052,Kavita Iyer,Female,39,kavita.iyer4052@example.com,Hisar,Haryana,Tier 3,2022-07-10
CUST04053,Sanjay Iyer,Male,31,sanjay.iyer4053@example.com,Hyderabad,Telangana,Tier 1,2023-10-26
CUST04054,Pooja Verma,Female,33,pooja.verma4054@example.com,Ranchi,Jharkhand,Tier 2,2022-06-20
CUST04055,Rahul Sharma,Male,23,rahul.sharma4055@example.com,Chennai,Tamil Nadu,Tier 1,2022-05-16
CUST04056,Rahul Kumar,Male,47,rahul.kumar4056@example.com,Bilaspur,Chhattisgarh,Tier 3,2024-05-05
CUST04057,Divya Reddy,Female,33,divya.reddy4057@example.com,Latur,Maharashtra,Tier 3,2023-03-10
CUST04058,Amit Sharma,Male,36,amit.sharma4058@example.com,Shillong,Meghalaya,Tier 3,2022-12-28
CUST04059,Rohan Reddy,Male,35,rohan.reddy4059@example.com,Nashik,Maharashtra,Tier 2,2023-12-17
CUST04060,Anjali Kumar,Female,29,anjali.kumar4060@example.com,Shillong,Meghalaya,Tier 3,2022-05-05
CUST04061,Suresh Sharma,Male,34,suresh.sharma4061@example.com,Hyderabad,Telangana,Tier 1,2022-05-11
CUST04062,Neha Kumar,Female,28,neha.kumar4062@example.com,Indore,Madhya Pradesh,Tier 2,2024-01-02
CUST04063,Amit Sharma,Male,27,amit.sharma4063@example.com,Hyderabad,Telangana,Tier 1,2024-11-09
CUST04064,Rahul Verma,Male,18,rahul.verma4064@example.com,Hyderabad,Telangana,Tier 1,2024-08-07
CUST04065,Sanjay Joshi,Male,42,sanjay.joshi4065@example.com,Akola,Maharashtra,Tier 3,2023-06-28
CUST04066,Sneha Sharma,Female,34,sneha.sharma4066@example.com,Pune,Maharashtra,Tier 1,2024-03-29
CUST04067,Anjali Patel,Female,26,anjali.patel4067@example.com,Shillong,Meghalaya,Tier 3,2022-03-18
CUST04068,Karan Reddy,Male,29,karan.reddy4068@example.com,Coimbatore,Tamil Nadu,Tier 2,2022-05-18
CUST04069,Sanjay Reddy,Male,43,sanjay.reddy4069@example.com,Nagpur,Maharashtra,Tier 2,2023-09-04
CUST04070,Neha Sharma,Female,41,neha.sharma4070@example.com,Hisar,Haryana,Tier 3,2024-04-18
CUST04071,Amit Kumar,Male,32,amit.kumar4071@example.com,Chennai,Tamil Nadu,Tier 1,2023-08-01
CUST04072,Divya Gupta,Female,39,divya.gupta4072@example.com,Pune,Maharashtra,Tier 1,2022-05-20
CUST04073,Priya Kumar,Female,35,priya.kumar4073@example.com,Kolkata,West Bengal,Tier 1,2022-03-05
CUST04074,Rohan Iyer,Male,21,rohan.iyer4074@example.com,Kolkata,West Bengal,Tier 1,2022-08-13
CUST04075,Manoj Reddy,Male,24,manoj.reddy4075@example.com,Latur,Maharashtra,Tier 3,2024-09-09
CUST04076,Pooja Sharma,Female,18,pooja.sharma4076@example.com,Chennai,Tamil Nadu,Tier 1,2022-03-20
CUST04077,Anjali Joshi,Female,28,anjali.joshi4077@example.com,Vadodara,Gujarat,Tier 2,2023-05-27
CUST04078,Divya Nair,Female,22,divya.nair4078@example.com,Nashik,Maharashtra,Tier 2,2023-08-23
CUST04079,Kavita Nair,Female,26,kavita.nair4079@example.com,Delhi,Delhi,Tier 1,2024-04-15
CUST04080,Arjun Singh,Male,18,arjun.singh4080@example.com,Chennai,Tamil Nadu,Tier 1,2022-08-22
CUST04081,Manoj Reddy,Male,44,manoj.reddy4081@example.com,Aurangabad,Maharashtra,Tier 2,2022-02-21
CUST04082,Kavita Kumar,Female,40,kavita.kumar4082@example.com,Bangalore,Karnataka,Tier 1,2022-01-07
CUST04083,Meera Reddy,Female,49,meera.reddy4083@example.com,Delhi,Delhi,Tier 1,2024-11-02
CUST04084,Anjali Joshi,Female,38,anjali.joshi4084@example.com,Ratlam,Madhya Pradesh,Tier 3,2023-05-24
CUST04085,Arjun Singh,Male,24,arjun.singh4085@example.com,Rewa,Madhya Pradesh,Tier 3,2023-01-17
CUST04086,Divya Nair,Female,18,divya.nair4086@example.com,Amritsar,Punjab,Tier 2,2022-02-13
CUST04087,Rahul Singh,Male,32,rahul.singh4087@example.com,Kolkata,West Bengal,Tier 1,2022-11-14
CUST04088,Manoj Singh,Male,19,manoj.singh4088@example.com,Rohtak,Haryana,Tier 3,2022-02-07
CUST04089,Manoj Patel,Male,23,manoj.patel4089@example.com,Rohtak,Haryana,Tier 3,2024-01-17
CUST04090,Karan Verma,Male,19,karan.verma4090@example.com,Kolkata,West Bengal,Tier 1,2022-05-05
CUST04091,Deepak Nair,Male,36,deepak.nair4091@example.com,Aurangabad,Maharashtra,Tier 2,2024-03-03
CUST04092,Manoj Sharma,Male,25,manoj.sharma4092@example.com,Mumbai,Maharashtra,Tier 1,2024-01-26
CUST04093,Rohan Singh,Male,18,rohan.singh4093@example.com,Vadodara,Gujarat,Tier 2,2024-02-08
CUST04094,Arjun Singh,Male,32,arjun.singh4094@example.com,Rajkot,Gujarat,Tier 2,2023-07-21
CUST04095,Meera Reddy,Female,36,meera.reddy4095@example.com,Rohtak,Haryana,Tier 3,2023-08-25
CUST04096,Ritu Verma,Female,28,ritu.verma4096@example.com,Coimbatore,Tamil Nadu,Tier 2,2024-10-26
CUST04097,Neha Gupta,Female,41,neha.gupta4097@example.com,Coimbatore,Tamil Nadu,Tier 2,2024-10-15
CUST04098,Deepak Verma,Male,20,deepak.verma4098@example.com,Shillong,Meghalaya,Tier 3,2024-02-23
CUST04099,Amit Kumar,Male,34,amit.kumar4099@example.com,Hyderabad,Telangana,Tier 1,2024-10-30
CUST04100,Sneha Gupta,Female,33,sneha.gupta4100@example.com,Delhi,Delhi,Tier 1,2024-02-26
CUST04101,Rohan Sharma,Male,29,rohan.sharma4101@example.com,Chennai,Tamil Nadu,Tier 1,2023-07-08
CUST04102,Suresh Verma,Male,27,suresh.verma4102@example.com,Mumbai,Maharashtra,Tier 1,2024-03-20
CUST04103,Amit Verma,Male,29,amit.verma4103@example.com,Sagar,Madhya Pradesh,Tier 3,2024-10-29
CUST04104,Anjali Reddy,Female,19,anjali.reddy4104@example.com,Vadodara,Gujarat,Tier 2,2024-01-10
CUST04105,Priya Joshi,Female,32,priya.joshi4105@example.com,Ratlam,Madhya Pradesh,Tier 3,2024-01-05
CUST04106,Ritu Singh,Female,38,ritu.singh4106@example.com,Bangalore,Karnataka,Tier 1,2024-11-06
CUST04107,Ritu Joshi,Female,23,ritu.joshi4107@example.com,Delhi,Delhi,Tier 1,2022-08-19
CUST04108,Shreya Joshi,Female,27,shreya.joshi4108@example.com,Jodhpur,Rajasthan,Tier 2,2024-05-08
CUST04109,Priya Iyer,Female,18,priya.iyer4109@example.com,Nagpur,Maharashtra,Tier 2,2023-01-27
CUST04110,Priya Kumar,Female,25,priya.kumar4110@example.com,Bangalore,Karnataka,Tier 1,2024-03-16
CUST04111,Ritu Nair,Female,20,ritu.nair4111@example.com,Shillong,Meghalaya,Tier 3,2024-08-09
CUST04112,Karan Joshi,Male,28,karan.joshi4112@example.com,Kolkata,West Bengal,Tier 1,2024-08-21
CUST04113,Divya Sharma,Female,27,divya.sharma4113@example.com,Jodhpur,Rajasthan,Tier 2,2022-04-09
CUST04114,Sanjay Verma,Male,23,sanjay.verma4114@example.com,Hyderabad,Telangana,Tier 1,2022-03-29
CUST04115,Meera Verma,Female,22,meera.verma4115@example.com,Hyderabad,Telangana,Tier 1,2023-08-09
CUST04116,Amit Iyer,Male,34,amit.iyer4116@example.com,Akola,Maharashtra,Tier 3,2024-10-15
CUST04117,Pooja Joshi,Female,19,pooja.joshi4117@example.com,Hyderabad,Telangana,Tier 1,2023-09-25
CUST04118,Arjun Kumar,Male,37,arjun.kumar4118@example.com,Rajkot,Gujarat,Tier 2,2024-11-03
CUST04119,Pooja Joshi,Female,18,pooja.joshi4119@example.com,Ranchi,Jharkhand,Tier 2,2023-02-01
CUST04120,Rahul Patel,Male,25,rahul.patel4120@example.com,Hyderabad,Telangana,Tier 1,2024-01-14
CUST04121,Deepak Iyer,Male,24,deepak.iyer4121@example.com,Bilaspur,Chhattisgarh,Tier 3,2023-01-10
CUST04122,Sanjay Kumar,Male,43,sanjay.kumar4122@example.com,Mumbai,Maharashtra,Tier 1,2024-04-04
CUST04123,Meera Sharma,Female,29,meera.sharma4123@example.com,Raipur,Chhattisgarh,Tier 2,2023-08-21
CUST04124,Deepak Iyer,Male,35,deepak.iyer4124@example.com,Bangalore,Karnataka,Tier 1,2024-01-04
CUST04125,Sneha Patel,Female,18,sneha.patel4125@example.com,Bhavnagar,Gujarat,Tier 3,2022-11-14
CUST04126,Shreya Singh,Female,33,shreya.singh4126@example.com,Nagpur,Maharashtra,Tier 2,2023-09-16
CUST04127,Vikram Verma,Male,30,vikram.verma4127@example.com,Hyderabad,Telangana,Tier 1,2024-06-16
CUST04128,Divya Gupta,Female,22,divya.gupta4128@example.com,Coimbatore,Tamil Nadu,Tier 2,2024-10-13
CUST04129,Neha Reddy,Female,18,neha.reddy4129@example.com,Mumbai,Maharashtra,Tier 1,2024-08-28
CUST04130,Neha Gupta,Female,51,neha.gupta4130@example.com,Nagpur,Maharashtra,Tier 2,2024-11-30
CUST04131,Pooja Iyer,Female,32,pooja.iyer4131@example.com,Nashik,Maharashtra,Tier 2,2024-05-21
CUST04132,Amit Patel,Male,18,amit.patel4132@example.com,Shillong,Meghalaya,Tier 3,2024-10-01
CUST04133,Manoj Joshi,Male,29,manoj.joshi4133@example.com,Bhavnagar,Gujarat,Tier 3,2024-05-10
CUST04134,Divya Singh,Female,36,divya.singh4134@example.com,Mumbai,Maharashtra,Tier 1,2022-08-18
CUST04135,Priya Nair,Female,18,priya.nair4135@example.com,Kolkata,West Bengal,Tier 1,2022-01-08
CUST04136,Meera Verma,Female,36,meera.verma4136@example.com,Pune,Maharashtra,Tier 1,2022-12-22
CUST04137,Priya Kumar,Female,37,priya.kumar4137@example.com,Aurangabad,Maharashtra,Tier 2,2022-03-07
CUST04138,Anjali Verma,Female,28,anjali.verma4138@example.com,Aurangabad,Maharashtra,Tier 2,2024-02-22
CUST04139,Kavita Iyer,Female,22,kavita.iyer4139@example.com,Indore,Madhya Pradesh,Tier 2,2024-02-12
CUST04140,Vikram Verma,Male,24,vikram.verma4140@example.com,Hyderabad,Telangana,Tier 1,2023-06-24
CUST04141,Amit Joshi,Male,34,amit.joshi4141@example.com,Latur,Maharashtra,Tier 3,2023-08-03
CUST04142,Sanjay Nair,Male,38,sanjay.nair4142@example.com,Bhopal,Madhya Pradesh,Tier 2,2023-05-21
CUST04143,Divya Verma,Female,45,divya.verma4143@example.com,Ratlam,Madhya Pradesh,Tier 3,2024-01-03
CUST04144,Manoj Reddy,Male,33,manoj.reddy4144@example.com,Amritsar,Punjab,Tier 2,2022-06-26
CUST04145,Rohan Gupta,Male,27,rohan.gupta4145@example.com,Indore,Madhya Pradesh,Tier 2,2023-06-11
CUST04146,Neha Reddy,Female,36,neha.reddy4146@example.com,Bhavnagar,Gujarat,Tier 3,2022-03-05
CUST04147,Priya Nair,Female,27,priya.nair4147@example.com,Nagpur,Maharashtra,Tier 2,2022-03-05
CUST04148,Amit Nair,Male,46,amit.nair4148@example.com,Kolkata,West Bengal,Tier 1,2023-03-19
CUST04149,Shreya Nair,Female,36,shreya.nair4149@example.com,Ambala,Haryana,Tier 3,2023-03-20
CUST04150,Neha Singh,Female,21,neha.singh4150@example.com,Mumbai,Maharashtra,Tier 1,2022-12-17
CUST04151,Pooja Gupta,Female,38,pooja.gupta4151@example.com,Delhi,Delhi,Tier 1,2024-05-19
CUST04152,Divya Iyer,Female,32,divya.iyer4152@example.com,Amritsar,Punjab,Tier 2,2023-01-28
CUST04153,Vikram Reddy,Male,44,vikram.reddy4153@example.com,Coimbatore,Tamil Nadu,Tier 2,2022-02-19
CUST04154,Vikram Patel,Male,24,vikram.patel4154@example.com,Chennai,Tamil Nadu,Tier 1,2024-09-17
CUST04155,Amit Iyer,Male,28,amit.iyer4155@example.com,Ranchi,Jharkhand,Tier 2,2023-01-23
CUST04156,Manoj Patel,Male,49,manoj.patel4156@example.com,Ranchi,Jharkhand,Tier 2,2022-04-08
CUST04157,Kavita Gupta,Female,29,kavita.gupta4157@example.com,Coimbatore,Tamil Nadu,Tier 2,2024-11-28
CUST04158,Priya Reddy,Female,38,priya.reddy4158@example.com,Rewa,Madhya Pradesh,Tier 3,2024-01-20
CUST04159,Ritu Sharma,Female,24,ritu.sharma4159@example.com,Latur,Maharashtra,Tier 3,2022-04-07
CUST04160,Ritu Iyer,Female,31,ritu.iyer4160@example.com,Sagar,Madhya Pradesh,Tier 3,2024-09-12
CUST04161,Vikram Iyer,Male,36,vikram.iyer4161@example.com,Jodhpur,Rajasthan,Tier 2,2023-05-16
CUST04162,Neha Gupta,Female,39,neha.gupta4162@example.com,Bilaspur,Chhattisgarh,Tier 3,2022-09-23
CUST04163,Divya Verma,Female,37,divya.verma4163@example.com,Chennai,Tamil Nadu,Tier 1,2024-06-16
CUST04164,Karan Verma,Male,22,karan.verma4164@example.com,Aurangabad,Maharashtra,Tier 2,2024-09-01
CUST04165,Vikram Sharma,Male,19,vikram.sharma4165@example.com,Chennai,Tamil Nadu,Tier 1,2024-07-05
CUST04166,Ritu Kumar,Female,28,ritu.kumar4166@example.com,Bangalore,Karnataka,Tier 1,2023-12-03
CUST04167,Sneha Nair,Female,34,sneha.nair4167@example.com,Hyderabad,Telangana,Tier 1,2023-12-23
CUST04168,Sneha Iyer,Female,33,sneha.iyer4168@example.com,Bilaspur,Chhattisgarh,Tier 3,2024-11-21
CUST04169,Ritu Joshi,Female,43,ritu.joshi4169@example.com,Rohtak,Haryana,Tier 3,2024-05-20
CUST04170,Sanjay Singh,Male,18,sanjay.singh4170@example.com,Shillong,Meghalaya,Tier 3,2024-08-06
CUST04171,Kavita Nair,Female,31,kavita.nair4171@example.com,Indore,Madhya Pradesh,Tier 2,2022-01-28
CUST04172,Suresh Kumar,Male,18,suresh.kumar4172@example.com,Ranchi,Jharkhand,Tier 2,2022-01-18
CUST04173,Shreya Nair,Female,18,shreya.nair4173@example.com,Rewa,Madhya Pradesh,Tier 3,2023-11-03
CUST04174,Kavita Gupta,Female,34,kavita.gupta4174@example.com,Coimbatore,Tamil Nadu,Tier 2,2024-04-16
CUST04175,Arjun Kumar,Male,38,arjun.kumar4175@example.com,Chennai,Tamil Nadu,Tier 1,2022-08-27
CUST04176,Meera Reddy,Female,42,meera.reddy4176@example.com,Coimbatore,Tamil Nadu,Tier 2,2022-08-14
CUST04177,Shreya Reddy,Female,29,shreya.reddy4177@example.com,Bangalore,Karnataka,Tier 1,2022-09-17
CUST04178,Manoj Patel,Male,18,manoj.patel4178@example.com,Pune,Maharashtra,Tier 1,2022-07-24
CUST04179,Pooja Singh,Female,19,pooja.singh4179@example.com,Shillong,Meghalaya,Tier 3,2024-03-02
CUST04180,Pooja Iyer,Female,32,pooja.iyer4180@example.com,Shillong,Meghalaya,Tier 3,2023-06-02
CUST04181,Amit Kumar,Male,24,amit.kumar4181@example.com,Chennai,Tamil Nadu,Tier 1,2024-09-05
CUST04182,Rohan Joshi,Male,34,rohan.joshi4182@example.com,Ambala,Haryana,Tier 3,2023-11-15
CUST04183,Neha Iyer,Female,22,neha.iyer4183@example.com,Kolkata,West Bengal,Tier 1,2022-03-04
CUST04184,Karan Iyer,Male,38,karan.iyer4184@example.com,Bangalore,Karnataka,Tier 1,2022-03-12
CUST04185,Shreya Iyer,Female,28,shreya.iyer4185@example.com,Pune,Maharashtra,Tier 1,2024-08-03
CUST04186,Neha Kumar,Female,18,neha.kumar4186@example.com,Ranchi,Jharkhand,Tier 2,2024-06-29
CUST04187,Suresh Verma,Male,23,suresh.verma4187@example.com,Jodhpur,Rajasthan,Tier 2,2022-07-03
CUST04188,Priya Verma,Female,36,priya.verma4188@example.com,Hyderabad,Telangana,Tier 1,2023-12-07
CUST04189,Divya Iyer,Female,44,divya.iyer4189@example.com,Coimbatore,Tamil Nadu,Tier 2,2022-03-07
CUST04190,Meera Joshi,Female,34,meera.joshi4190@example.com,Chennai,Tamil Nadu,Tier 1,2023-07-10
CUST04191,Suresh Sharma,Male,18,suresh.sharma4191@example.com,Hyderabad,Telangana,Tier 1,2022-02-05
CUST04192,Shreya Verma,Female,53,shreya.verma4192@example.com,Karimnagar,Telangana,Tier 3,2023-06-22
CUST04193,Ritu Singh,Female,27,ritu.singh4193@example.com,Hisar,Haryana,Tier 3,2022-03-21
CUST04194,Vikram Verma,Male,28,vikram.verma4194@example.com,Akola,Maharashtra,Tier 3,2023-02-27
CUST04195,Rahul Verma,Male,24,rahul.verma4195@example.com,Ratlam,Madhya Pradesh,Tier 3,2023-07-30
CUST04196,Deepak Nair,Male,32,deepak.nair4196@example.com,Rewa,Madhya Pradesh,Tier 3,2024-01-10
CUST04197,Amit Reddy,Male,28,amit.reddy4197@example.com,Bangalore,Karnataka,Tier 1,2023-05-26
CUST04198,Manoj Sharma,Male,18,manoj.sharma4198@example.com,Delhi,Delhi,Tier 1,2023-02-06
CUST04199,Arjun Joshi,Male,41,arjun.joshi4199@example.com,Mumbai,Maharashtra,Tier 1,2023-05-21
CUST04200,Sneha Reddy,Female,31,sneha.reddy4200@example.com,Pune,Maharashtra,Tier 1,2022-09-14
CUST04201,Rohan Joshi,Male,39,rohan.joshi4201@example.com,Coimbatore,Tamil Nadu,Tier 2,2024-08-11
CUST04202,Meera Singh,Female,47,meera.singh4202@example.com,Jodhpur,Rajasthan,Tier 2,2022-01-19
CUST04203,Rahul Nair,Male,36,rahul.nair4203@example.com,Sagar,Madhya Pradesh,Tier 3,2024-06-16
CUST04204,Pooja Patel,Female,18,pooja.patel4204@example.com,Bilaspur,Chhattisgarh,Tier 3,2022-03-20
CUST04205,Deepak Joshi,Male,20,deepak.joshi4205@example.com,Karimnagar,Telangana,Tier 3,2022-10-10
CUST04206,Amit Joshi,Male,28,amit.joshi4206@example.com,Latur,Maharashtra,Tier 3,2024-06-06
CUST04207,Divya Verma,Female,24,divya.verma4207@example.com,Pune,Maharashtra,Tier 1,2024-05-02
CUST04208,Karan Gupta,Male,42,karan.gupta4208@example.com,Indore,Madhya Pradesh,Tier 2,2023-04-11
CUST04209,Shreya Patel,Female,30,shreya.patel4209@example.com,Delhi,Delhi,Tier 1,2023-10-22
CUST04210,Suresh Verma,Male,37,suresh.verma4210@example.com,Bhopal,Madhya Pradesh,Tier 2,2023-05-18
CUST04211,Suresh Reddy,Male,43,suresh.reddy4211@example.com,Latur,Maharashtra,Tier 3,2023-08-10
CUST04212,Divya Gupta,Female,43,divya.gupta4212@example.com,Jodhpur,Rajasthan,Tier 2,2024-04-14
CUST04213,Amit Reddy,Male,23,amit.reddy4213@example.com,Sagar,Madhya Pradesh,Tier 3,2022-12-24
CUST04214,Divya Patel,Female,36,divya.patel4214@example.com,Pune,Maharashtra,Tier 1,2023-04-27
CUST04215,Shreya Reddy,Female,21,shreya.reddy4215@example.com,Shillong,Meghalaya,Tier 3,2024-09-04
CUST04216,Pooja Iyer,Female,18,pooja.iyer4216@example.com,Latur,Maharashtra,Tier 3,2024-01-22
CUST04217,Kavita Sharma,Female,40,kavita.sharma4217@example.com,Hyderabad,Telangana,Tier 1,2022-01-23
CUST04218,Divya Joshi,Female,46,divya.joshi4218@example.com,Hyderabad,Telangana,Tier 1,2024-05-10
CUST04219,Neha Verma,Female,37,neha.verma4219@example.com,Delhi,Delhi,Tier 1,2024-09-26
CUST04220,Neha Reddy,Female,24,neha.reddy4220@example.com,Bilaspur,Chhattisgarh,Tier 3,2022-10-04
CUST04221,Arjun Singh,Male,38,arjun.singh4221@example.com,Coimbatore,Tamil Nadu,Tier 2,2023-03-26
CUST04222,Pooja Kumar,Female,28,pooja.kumar4222@example.com,Hyderabad,Telangana,Tier 1,2024-04-06
CUST04223,Shreya Iyer,Female,43,shreya.iyer4223@example.com,Sagar,Madhya Pradesh,Tier 3,2023-04-21
CUST04224,Amit Iyer,Male,33,amit.iyer4224@example.com,Latur,Maharashtra,Tier 3,2022-01-21
CUST04225,Karan Joshi,Male,34,karan.joshi4225@example.com,Pune,Maharashtra,Tier 1,2022-05-03
CUST04226,Ritu Sharma,Female,41,ritu.sharma4226@example.com,Ratlam,Madhya Pradesh,Tier 3,2023-10-09
CUST04227,Divya Reddy,Female,27,divya.reddy4227@example.com,Hyderabad,Telangana,Tier 1,2023-12-31
CUST04228,Sneha Singh,Female,33,sneha.singh4228@example.com,Akola,Maharashtra,Tier 3,2023-10-10
CUST04229,Kavita Kumar,Female,32,kavita.kumar4229@example.com,Delhi,Delhi,Tier 1,2024-02-10
CUST04230,Vikram Gupta,Male,40,vikram.gupta4230@example.com,Rajkot,Gujarat,Tier 2,2023-06-12
CUST04231,Rahul Reddy,Male,31,rahul.reddy4231@example.com,Kolkata,West Bengal,Tier 1,2023-10-31
CUST04232,Rohan Verma,Male,23,rohan.verma4232@example.com,Nashik,Maharashtra,Tier 2,2023-03-22
CUST04233,Amit Joshi,Male,49,amit.joshi4233@example.com,Raipur,Chhattisgarh,Tier 2,2022-01-19
CUST04234,Suresh Verma,Male,33,suresh.verma4234@example.com,Pune,Maharashtra,Tier 1,2023-08-31
CUST04235,Divya Patel,Female,50,divya.patel4235@example.com,Rohtak,Haryana,Tier 3,2024-08-02
CUST04236,Karan Kumar,Male,44,karan.kumar4236@example.com,Rewa,Madhya Pradesh,Tier 3,2022-01-29
CUST04237,Karan Kumar,Male,25,karan.kumar4237@example.com,Bhopal,Madhya Pradesh,Tier 2,2024-04-05
CUST04238,Rohan Verma,Male,39,rohan.verma4238@example.com,Bhopal,Madhya Pradesh,Tier 2,2023-04-03
CUST04239,Manoj Patel,Male,30,manoj.patel4239@example.com,Bilaspur,Chhattisgarh,Tier 3,2023-04-27
CUST04240,Ritu Patel,Female,30,ritu.patel4240@example.com,Vadodara,Gujarat,Tier 2,2023-01-26
CUST04241,Rohan Joshi,Male,36,rohan.joshi4241@example.com,Sagar,Madhya Pradesh,Tier 3,2024-07-01
CUST04242,Amit Verma,Male,43,amit.verma4242@example.com,Pune,Maharashtra,Tier 1,2023-10-28
CUST04243,Deepak Verma,Male,45,deepak.verma4243@example.com,Vadodara,Gujarat,Tier 2,2022-10-22
CUST04244,Meera Singh,Female,32,meera.singh4244@example.com,Kolkata,West Bengal,Tier 1,2022-03-29
CUST04245,Vikram Nair,Male,42,vikram.nair4245@example.com,Shillong,Meghalaya,Tier 3,2022-04-21
CUST04246,Rahul Singh,Male,31,rahul.singh4246@example.com,Delhi,Delhi,Tier 1,2022-08-26
CUST04247,Meera Sharma,Female,23,meera.sharma4247@example.com,Bhopal,Madhya Pradesh,Tier 2,2023-01-17
CUST04248,Karan Patel,Male,25,karan.patel4248@example.com,Chennai,Tamil Nadu,Tier 1,2024-03-30
CUST04249,Sanjay Patel,Male,31,sanjay.patel4249@example.com,Delhi,Delhi,Tier 1,2023-04-21
CUST04250,Manoj Singh,Male,47,manoj.singh4250@example.com,Bhopal,Madhya Pradesh,Tier 2,2023-07-29
CUST04251,Divya Gupta,Female,28,divya.gupta4251@example.com,Chennai,Tamil Nadu,Tier 1,2023-04-08
CUST04252,Amit Gupta,Male,43,amit.gupta4252@example.com,Hyderabad,Telangana,Tier 1,2023-11-01
CUST04253,Amit Reddy,Male,34,amit.reddy4253@example.com,Delhi,Delhi,Tier 1,2022-02-28
CUST04254,Suresh Iyer,Male,19,suresh.iyer4254@example.com,Bhavnagar,Gujarat,Tier 3,2022-05-26
CUST04255,Ritu Nair,Female,25,ritu.nair4255@example.com,Rohtak,Haryana,Tier 3,2022-09-02
CUST04256,Meera Iyer,Female,25,meera.iyer4256@example.com,Rohtak,Haryana,Tier 3,2024-03-24
CUST04257,Shreya Joshi,Female,27,shreya.joshi4257@example.com,Pune,Maharashtra,Tier 1,2022-06-14
CUST04258,Sneha Nair,Female,36,sneha.nair4258@example.com,Pune,Maharashtra,Tier 1,2022-03-29
CUST04259,Deepak Iyer,Male,24,deepak.iyer4259@example.com,Karimnagar,Telangana,Tier 3,2024-03-24
CUST04260,Rohan Verma,Male,37,rohan.verma4260@example.com,Bhavnagar,Gujarat,Tier 3,2022-02-16
CUST04261,Sneha Verma,Female,28,sneha.verma4261@example.com,Chennai,Tamil Nadu,Tier 1,2023-02-12
CUST04262,Ritu Reddy,Female,37,ritu.reddy4262@example.com,Chennai,Tamil Nadu,Tier 1,2023-02-25
CUST04263,Priya Singh,Female,42,priya.singh4263@example.com,Vadodara,Gujarat,Tier 2,2022-09-20
CUST04264,Rahul Gupta,Male,40,rahul.gupta4264@example.com,Hyderabad,Telangana,Tier 1,2022-04-08
CUST04265,Sanjay Joshi,Male,34,sanjay.joshi4265@example.com,Hyderabad,Telangana,Tier 1,2022-02-12
CUST04266,Suresh Reddy,Male,20,suresh.reddy4266@example.com,Kolkata,West Bengal,Tier 1,2023-01-20
CUST04267,Rahul Gupta,Male,19,rahul.gupta4267@example.com,Delhi,Delhi,Tier 1,2022-03-28
CUST04268,Divya Reddy,Female,24,divya.reddy4268@example.com,Hisar,Haryana,Tier 3,2022-10-23
CUST04269,Kavita Gupta,Female,37,kavita.gupta4269@example.com,Hyderabad,Telangana,Tier 1,2022-05-15
CUST04270,Karan Sharma,Male,18,karan.sharma4270@example.com,Hisar,Haryana,Tier 3,2022-09-16
CUST04271,Amit Kumar,Male,34,amit.kumar4271@example.com,Sagar,Madhya Pradesh,Tier 3,2024-11-06
CUST04272,Arjun Iyer,Male,26,arjun.iyer4272@example.com,Bangalore,Karnataka,Tier 1,2024-03-13
CUST04273,Anjali Joshi,Female,24,anjali.joshi4273@example.com,Karimnagar,Telangana,Tier 3,2022-08-22
CUST04274,Meera Nair,Female,22,meera.nair4274@example.com,Rewa,Madhya Pradesh,Tier 3,2023-05-12
CUST04275,Sanjay Verma,Male,34,sanjay.verma4275@example.com,Rajkot,Gujarat,Tier 2,2024-09-23
CUST04276,Pooja Kumar,Female,23,pooja.kumar4276@example.com,Bangalore,Karnataka,Tier 1,2024-10-08
CUST04277,Rahul Verma,Male,41,rahul.verma4277@example.com,Ranchi,Jharkhand,Tier 2,2023-03-26
CUST04278,Priya Sharma,Female,34,priya.sharma4278@example.com,Delhi,Delhi,Tier 1,2022-09-12
CUST04279,Deepak Singh,Male,39,deepak.singh4279@example.com,Ranchi,Jharkhand,Tier 2,2022-05-06
CUST04280,Ritu Singh,Female,29,ritu.singh4280@example.com,Mumbai,Maharashtra,Tier 1,2023-04-01
CUST04281,Kavita Joshi,Female,42,kavita.joshi4281@example.com,Bilaspur,Chhattisgarh,Tier 3,2024-06-30
CUST04282,Kavita Sharma,Female,29,kavita.sharma4282@example.com,Bangalore,Karnataka,Tier 1,2022-07-05
CUST04283,Sanjay Iyer,Male,28,sanjay.iyer4283@example.com,Kolkata,West Bengal,Tier 1,2023-10-12
CUST04284,Deepak Joshi,Male,41,deepak.joshi4284@example.com,Aurangabad,Maharashtra,Tier 2,2022-12-14
CUST04285,Vikram Reddy,Male,24,vikram.reddy4285@example.com,Chennai,Tamil Nadu,Tier 1,2023-03-26
CUST04286,Sneha Patel,Female,31,sneha.patel4286@example.com,Bangalore,Karnataka,Tier 1,2024-08-08
CUST04287,Amit Joshi,Male,46,amit.joshi4287@example.com,Delhi,Delhi,Tier 1,2023-12-28
CUST04288,Ritu Gupta,Female,19,ritu.gupta4288@example.com,Karimnagar,Telangana,Tier 3,2023-04-18
CUST04289,Suresh Sharma,Male,26,suresh.sharma4289@example.com,Latur,Maharashtra,Tier 3,2023-08-23
CUST04290,Karan Joshi,Male,35,karan.joshi4290@example.com,Bhopal,Madhya Pradesh,Tier 2,2024-02-14
CUST04291,Neha Reddy,Female,33,neha.reddy4291@example.com,Delhi,Delhi,Tier 1,2024-06-14
CUST04292,Pooja Sharma,Female,29,pooja.sharma4292@example.com,Rohtak,Haryana,Tier 3,2022-06-14
CUST04293,Rahul Kumar,Male,47,rahul.kumar4293@example.com,Indore,Madhya Pradesh,Tier 2,2022-11-26
CUST04294,Anjali Gupta,Female,18,anjali.gupta4294@example.com,Pune,Maharashtra,Tier 1,2024-07-04
CUST04295,Sanjay Verma,Male,57,sanjay.verma4295@example.com,Hyderabad,Telangana,Tier 1,2024-09-21
CUST04296,Kavita Joshi,Female,54,kavita.joshi4296@example.com,Akola,Maharashtra,Tier 3,2024-10-12
CUST04297,Divya Kumar,Female,31,divya.kumar4297@example.com,Shillong,Meghalaya,Tier 3,2024-02-12
CUST04298,Kavita Nair,Female,29,kavita.nair4298@example.com,Jodhpur,Rajasthan,Tier 2,2022-07-24
CUST04299,Shreya Gupta,Female,18,shreya.gupta4299@example.com,Bhopal,Madhya Pradesh,Tier 2,2024-11-27
CUST04300,Karan Iyer,Male,33,karan.iyer4300@example.com,Delhi,Delhi,Tier 1,2022-01-11
CUST04301,Meera Kumar,Female,32,meera.kumar4301@example.com,Bangalore,Karnataka,Tier 1,2024-08-13
CUST04302,Priya Joshi,Female,21,priya.joshi4302@example.com,Rajkot,Gujarat,Tier 2,2024-10-28
CUST04303,Anjali Patel,Female,30,anjali.patel4303@example.com,Bangalore,Karnataka,Tier 1,2023-11-25
CUST04304,Rohan Gupta,Male,21,rohan.gupta4304@example.com,Chennai,Tamil Nadu,Tier 1,2022-07-31
CUST04305,Amit Nair,Male,39,amit.nair4305@example.com,Rajkot,Gujarat,Tier 2,2023-10-28
CUST04306,Ritu Reddy,Female,21,ritu.reddy4306@example.com,Ranchi,Jharkhand,Tier 2,2023-02-21
CUST04307,Sneha Verma,Female,38,sneha.verma4307@example.com,Hyderabad,Telangana,Tier 1,2024-08-11
CUST04308,Manoj Iyer,Male,26,manoj.iyer4308@example.com,Coimbatore,Tamil Nadu,Tier 2,2023-02-17
CUST04309,Arjun Sharma,Male,50,arjun.sharma4309@example.com,Amritsar,Punjab,Tier 2,2022-08-20
CUST04310,Ritu Patel,Female,56,ritu.patel4310@example.com,Aurangabad,Maharashtra,Tier 2,2024-02-09
CUST04311,Priya Singh,Female,20,priya.singh4311@example.com,Hyderabad,Telangana,Tier 1,2022-07-09
CUST04312,Suresh Gupta,Male,35,suresh.gupta4312@example.com,Bangalore,Karnataka,Tier 1,2023-07-15
CUST04313,Ritu Joshi,Female,34,ritu.joshi4313@example.com,Rajkot,Gujarat,Tier 2,2023-02-05
CUST04314,Ritu Gupta,Female,33,ritu.gupta4314@example.com,Delhi,Delhi,Tier 1,2024-01-22
CUST04315,Manoj Patel,Male,26,manoj.patel4315@example.com,Bangalore,Karnataka,Tier 1,2023-02-22
CUST04316,Manoj Singh,Male,28,manoj.singh4316@example.com,Nashik,Maharashtra,Tier 2,2024-09-18
CUST04317,Anjali Verma,Female,18,anjali.verma4317@example.com,Bilaspur,Chhattisgarh,Tier 3,2023-06-27
CUST04318,Rahul Patel,Male,42,rahul.patel4318@example.com,Akola,Maharashtra,Tier 3,2022-11-18
CUST04319,Divya Verma,Female,42,divya.verma4319@example.com,Rohtak,Haryana,Tier 3,2024-06-01
CUST04320,Rahul Sharma,Male,18,rahul.sharma4320@example.com,Kolkata,West Bengal,Tier 1,2023-08-12
CUST04321,Rahul Patel,Male,41,rahul.patel4321@example.com,Hyderabad,Telangana,Tier 1,2022-10-01
CUST04322,Kavita Joshi,Female,18,kavita.joshi4322@example.com,Rewa,Madhya Pradesh,Tier 3,2024-03-29
CUST04323,Vikram Kumar,Male,27,vikram.kumar4323@example.com,Mumbai,Maharashtra,Tier 1,2023-06-29
CUST04324,Rahul Joshi,Male,34,rahul.joshi4324@example.com,Bangalore,Karnataka,Tier 1,2022-02-11
CUST04325,Manoj Sharma,Male,19,manoj.sharma4325@example.com,Indore,Madhya Pradesh,Tier 2,2022-02-02
CUST04326,Vikram Reddy,Male,51,vikram.reddy4326@example.com,Kolkata,West Bengal,Tier 1,2023-02-03
CUST04327,Suresh Joshi,Male,42,suresh.joshi4327@example.com,Hisar,Haryana,Tier 3,2023-08-04
CUST04328,Manoj Kumar,Male,24,manoj.kumar4328@example.com,Rewa,Madhya Pradesh,Tier 3,2024-07-10
CUST04329,Sanjay Joshi,Male,29,sanjay.joshi4329@example.com,Delhi,Delhi,Tier 1,2023-01-02
CUST04330,Deepak Verma,Male,30,deepak.verma4330@example.com,Rewa,Madhya Pradesh,Tier 3,2023-12-13
CUST04331,Suresh Sharma,Male,40,suresh.sharma4331@example.com,Hyderabad,Telangana,Tier 1,2024-09-11
CUST04332,Neha Iyer,Female,36,neha.iyer4332@example.com,Hyderabad,Telangana,Tier 1,2023-01-20
CUST04333,Kavita Nair,Female,26,kavita.nair4333@example.com,Kolkata,West Bengal,Tier 1,2023-08-27
CUST04334,Ritu Reddy,Female,24,ritu.reddy4334@example.com,Bangalore,Karnataka,Tier 1,2023-12-08
CUST04335,Suresh Singh,Male,36,suresh.singh4335@example.com,Kolkata,West Bengal,Tier 1,2022-01-10
CUST04336,Sanjay Patel,Male,29,sanjay.patel4336@example.com,Coimbatore,Tamil Nadu,Tier 2,2022-07-14
CUST04337,Rahul Verma,Male,30,rahul.verma4337@example.com,Raipur,Chhattisgarh,Tier 2,2022-04-07
CUST04338,Vikram Verma,Male,38,vikram.verma4338@example.com,Nagpur,Maharashtra,Tier 2,2023-10-23
CUST04339,Vikram Verma,Male,25,vikram.verma4339@example.com,Hisar,Haryana,Tier 3,2024-02-04
CUST04340,Kavita Joshi,Female,39,kavita.joshi4340@example.com,Bangalore,Karnataka,Tier 1,2023-08-06
CUST04341,Ritu Reddy,Female,34,ritu.reddy4341@example.com,Sagar,Madhya Pradesh,Tier 3,2023-06-22
CUST04342,Pooja Iyer,Female,28,pooja.iyer4342@example.com,Mumbai,Maharashtra,Tier 1,2022-07-08
CUST04343,Arjun Patel,Male,20,arjun.patel4343@example.com,Amritsar,Punjab,Tier 2,2023-07-27
CUST04344,Arjun Verma,Male,32,arjun.verma4344@example.com,Aurangabad,Maharashtra,Tier 2,2024-01-16
CUST04345,Suresh Reddy,Male,24,suresh.reddy4345@example.com,Mumbai,Maharashtra,Tier 1,2024-06-07
CUST04346,Divya Reddy,Female,18,divya.reddy4346@example.com,Bhopal,Madhya Pradesh,Tier 2,2024-04-06
CUST04347,Divya Patel,Female,18,divya.patel4347@example.com,Kolkata,West Bengal,Tier 1,2022-04-11
CUST04348,Kavita Joshi,Female,18,kavita.joshi4348@example.com,Nashik,Maharashtra,Tier 2,2022-03-14
CUST04349,Rahul Patel,Male,21,rahul.patel4349@example.com,Kolkata,West Bengal,Tier 1,2023-05-31
CUST04350,Anjali Iyer,Female,46,anjali.iyer4350@example.com,Vadodara,Gujarat,Tier 2,2022-02-02
CUST04351,Rahul Patel,Male,31,rahul.patel4351@example.com,Bangalore,Karnataka,Tier 1,2022-10-05
CUST04352,Sneha Gupta,Female,42,sneha.gupta4352@example.com,Sagar,Madhya Pradesh,Tier 3,2022-01-17
CUST04353,Karan Sharma,Male,18,karan.sharma4353@example.com,Pune,Maharashtra,Tier 1,2023-10-09
CUST04354,Kavita Joshi,Female,46,kavita.joshi4354@example.com,Latur,Maharashtra,Tier 3,2023-05-13
CUST04355,Priya Verma,Female,34,priya.verma4355@example.com,Ratlam,Madhya Pradesh,Tier 3,2023-03-25
CUST04356,Rohan Patel,Male,18,rohan.patel4356@example.com,Hyderabad,Telangana,Tier 1,2022-05-10
CUST04357,Meera Reddy,Female,26,meera.reddy4357@example.com,Nashik,Maharashtra,Tier 2,2024-03-28
CUST04358,Karan Sharma,Male,41,karan.sharma4358@example.com,Chennai,Tamil Nadu,Tier 1,2023-10-20
CUST04359,Meera Iyer,Female,26,meera.iyer4359@example.com,Rajkot,Gujarat,Tier 2,2023-07-31
CUST04360,Kavita Sharma,Female,27,kavita.sharma4360@example.com,Nagpur,Maharashtra,Tier 2,2024-07-13
CUST04361,Sanjay Reddy,Male,34,sanjay.reddy4361@example.com,Aurangabad,Maharashtra,Tier 2,2023-02-05
CUST04362,Arjun Joshi,Male,44,arjun.joshi4362@example.com,Hyderabad,Telangana,Tier 1,2024-07-24
CUST04363,Sneha Kumar,Female,41,sneha.kumar4363@example.com,Coimbatore,Tamil Nadu,Tier 2,2024-06-16
CUST04364,Rohan Joshi,Male,40,rohan.joshi4364@example.com,Pune,Maharashtra,Tier 1,2023-01-25
CUST04365,Sneha Sharma,Female,38,sneha.sharma4365@example.com,Bangalore,Karnataka,Tier 1,2024-01-24
CUST04366,Rahul Gupta,Male,26,rahul.gupta4366@example.com,Chennai,Tamil Nadu,Tier 1,2024-03-21
CUST04367,Karan Sharma,Male,18,karan.sharma4367@example.com,Rajkot,Gujarat,Tier 2,2022-10-07
CUST04368,Amit Kumar,Male,35,amit.kumar4368@example.com,Hyderabad,Telangana,Tier 1,2024-04-21
CUST04369,Priya Nair,Female,32,priya.nair4369@example.com,Chennai,Tamil Nadu,Tier 1,2022-10-21
CUST04370,Shreya Sharma,Female,30,shreya.sharma4370@example.com,Kolkata,West Bengal,Tier 1,2023-03-07
CUST04371,Deepak Nair,Male,18,deepak.nair4371@example.com,Hyderabad,Telangana,Tier 1,2024-11-12
CUST04372,Rohan Reddy,Male,30,rohan.reddy4372@example.com,Vadodara,Gujarat,Tier 2,2022-10-05
CUST04373,Neha Nair,Female,48,neha.nair4373@example.com,Chennai,Tamil Nadu,Tier 1,2024-07-01
CUST04374,Rahul Reddy,Male,29,rahul.reddy4374@example.com,Pune,Maharashtra,Tier 1,2022-12-02
CUST04375,Pooja Iyer,Female,37,pooja.iyer4375@example.com,Mumbai,Maharashtra,Tier 1,2024-11-27
CUST04376,Vikram Kumar,Male,48,vikram.kumar4376@example.com,Mumbai,Maharashtra,Tier 1,2024-09-04
CUST04377,Sneha Reddy,Female,52,sneha.reddy4377@example.com,Bhopal,Madhya Pradesh,Tier 2,2023-03-01
CUST04378,Pooja Patel,Female,33,pooja.patel4378@example.com,Bhopal,Madhya Pradesh,Tier 2,2024-08-06
CUST04379,Suresh Kumar,Male,35,suresh.kumar4379@example.com,Ratlam,Madhya Pradesh,Tier 3,2023-07-22
CUST04380,Amit Patel,Male,22,amit.patel4380@example.com,Rohtak,Haryana,Tier 3,2022-08-03
CUST04381,Rohan Verma,Male,36,rohan.verma4381@example.com,Akola,Maharashtra,Tier 3,2023-04-12
CUST04382,Amit Iyer,Male,40,amit.iyer4382@example.com,Vadodara,Gujarat,Tier 2,2023-09-17
CUST04383,Deepak Nair,Male,46,deepak.nair4383@example.com,Bangalore,Karnataka,Tier 1,2022-07-03
CUST04384,Sanjay Joshi,Male,23,sanjay.joshi4384@example.com,Hisar,Haryana,Tier 3,2022-11-18
CUST04385,Arjun Verma,Male,27,arjun.verma4385@example.com,Vadodara,Gujarat,Tier 2,2022-10-20
CUST04386,Karan Gupta,Male,22,karan.gupta4386@example.com,Ratlam,Madhya Pradesh,Tier 3,2023-02-24
CUST04387,Priya Joshi,Female,28,priya.joshi4387@example.com,Rohtak,Haryana,Tier 3,2023-07-04
CUST04388,Vikram Patel,Male,38,vikram.patel4388@example.com,Indore,Madhya Pradesh,Tier 2,2023-03-16
CUST04389,Deepak Nair,Male,38,deepak.nair4389@example.com,Bangalore,Karnataka,Tier 1,2023-05-31
CUST04390,Kavita Sharma,Female,28,kavita.sharma4390@example.com,Delhi,Delhi,Tier 1,2023-09-07
CUST04391,Ritu Verma,Female,40,ritu.verma4391@example.com,Bangalore,Karnataka,Tier 1,2023-02-24
CUST04392,Pooja Patel,Female,18,pooja.patel4392@example.com,Kolkata,West Bengal,Tier 1,2022-03-31
CUST04393,Shreya Verma,Female,36,shreya.verma4393@example.com,Coimbatore,Tamil Nadu,Tier 2,2023-09-30
CUST04394,Sanjay Nair,Male,26,sanjay.nair4394@example.com,Raipur,Chhattisgarh,Tier 2,2022-10-28
CUST04395,Ritu Singh,Female,35,ritu.singh4395@example.com,Kolkata,West Bengal,Tier 1,2023-06-13
CUST04396,Pooja Sharma,Female,32,pooja.sharma4396@example.com,Pune,Maharashtra,Tier 1,2022-04-24
CUST04397,Pooja Sharma,Female,37,pooja.sharma4397@example.com,Nagpur,Maharashtra,Tier 2,2023-11-22
CUST04398,Priya Singh,Female,28,priya.singh4398@example.com,Chennai,Tamil Nadu,Tier 1,2022-12-24
CUST04399,Ritu Sharma,Female,31,ritu.sharma4399@example.com,Pune,Maharashtra,Tier 1,2023-02-08
CUST04400,Anjali Patel,Female,18,anjali.patel4400@example.com,Nashik,Maharashtra,Tier 2,2022-05-03
CUST04401,Manoj Nair,Male,56,manoj.nair4401@example.com,Kolkata,West Bengal,Tier 1,2024-08-31
CUST04402,Manoj Patel,Male,45,manoj.patel4402@example.com,Ranchi,Jharkhand,Tier 2,2022-04-23
CUST04403,Meera Nair,Female,38,meera.nair4403@example.com,Hyderabad,Telangana,Tier 1,2022-08-18
CUST04404,Anjali Joshi,Female,18,anjali.joshi4404@example.com,Raipur,Chhattisgarh,Tier 2,2022-06-14
CUST04405,Pooja Kumar,Female,32,pooja.kumar4405@example.com,Latur,Maharashtra,Tier 3,2023-10-11
CUST04406,Sneha Sharma,Female,18,sneha.sharma4406@example.com,Chennai,Tamil Nadu,Tier 1,2023-01-26
CUST04407,Rahul Kumar,Male,29,rahul.kumar4407@example.com,Kolkata,West Bengal,Tier 1,2022-06-25
CUST04408,Suresh Reddy,Male,36,suresh.reddy4408@example.com,Pune,Maharashtra,Tier 1,2024-04-05
CUST04409,Kavita Reddy,Female,40,kavita.reddy4409@example.com,Bhopal,Madhya Pradesh,Tier 2,2022-10-08
CUST04410,Anjali Iyer,Female,30,anjali.iyer4410@example.com,Mumbai,Maharashtra,Tier 1,2023-04-22
CUST04411,Ritu Sharma,Female,22,ritu.sharma4411@example.com,Rewa,Madhya Pradesh,Tier 3,2022-08-31
CUST04412,Kavita Patel,Female,22,kavita.patel4412@example.com,Latur,Maharashtra,Tier 3,2024-06-24
CUST04413,Vikram Nair,Male,47,vikram.nair4413@example.com,Pune,Maharashtra,Tier 1,2023-12-12
CUST04414,Arjun Verma,Male,34,arjun.verma4414@example.com,Chennai,Tamil Nadu,Tier 1,2022-01-07
CUST04415,Kavita Singh,Female,27,kavita.singh4415@example.com,Mumbai,Maharashtra,Tier 1,2022-06-28
CUST04416,Manoj Gupta,Male,31,manoj.gupta4416@example.com,Mumbai,Maharashtra,Tier 1,2023-02-01
CUST04417,Rohan Sharma,Male,41,rohan.sharma4417@example.com,Chennai,Tamil Nadu,Tier 1,2024-04-18
CUST04418,Meera Nair,Female,41,meera.nair4418@example.com,Vadodara,Gujarat,Tier 2,2024-05-28
CUST04419,Meera Kumar,Female,24,meera.kumar4419@example.com,Indore,Madhya Pradesh,Tier 2,2024-01-30
CUST04420,Priya Kumar,Female,25,priya.kumar4420@example.com,Akola,Maharashtra,Tier 3,2022-01-01
CUST04421,Arjun Kumar,Male,34,arjun.kumar4421@example.com,Hyderabad,Telangana,Tier 1,2023-04-27
CUST04422,Vikram Verma,Male,47,vikram.verma4422@example.com,Pune,Maharashtra,Tier 1,2023-08-06
CUST04423,Amit Iyer,Male,26,amit.iyer4423@example.com,Indore,Madhya Pradesh,Tier 2,2024-08-07
CUST04424,Kavita Reddy,Female,20,kavita.reddy4424@example.com,Mumbai,Maharashtra,Tier 1,2024-05-29
CUST04425,Suresh Patel,Male,22,suresh.patel4425@example.com,Rohtak,Haryana,Tier 3,2023-03-09
CUST04426,Amit Singh,Male,30,amit.singh4426@example.com,Chennai,Tamil Nadu,Tier 1,2023-10-04
CUST04427,Manoj Verma,Male,32,manoj.verma4427@example.com,Bhopal,Madhya Pradesh,Tier 2,2024-07-29
CUST04428,Sanjay Gupta,Male,33,sanjay.gupta4428@example.com,Amritsar,Punjab,Tier 2,2023-10-11
CUST04429,Vikram Nair,Male,47,vikram.nair4429@example.com,Pune,Maharashtra,Tier 1,2023-07-14
CUST04430,Priya Nair,Female,33,priya.nair4430@example.com,Delhi,Delhi,Tier 1,2022-12-06
CUST04431,Sanjay Nair,Male,42,sanjay.nair4431@example.com,Rewa,Madhya Pradesh,Tier 3,2022-04-26
CUST04432,Karan Gupta,Male,48,karan.gupta4432@example.com,Sagar,Madhya Pradesh,Tier 3,2022-05-06
CUST04433,Pooja Nair,Female,24,pooja.nair4433@example.com,Chennai,Tamil Nadu,Tier 1,2023-10-26
CUST04434,Neha Reddy,Female,27,neha.reddy4434@example.com,Bangalore,Karnataka,Tier 1,2022-03-26
CUST04435,Shreya Kumar,Female,32,shreya.kumar4435@example.com,Jodhpur,Rajasthan,Tier 2,2023-09-25
CUST04436,Manoj Verma,Male,33,manoj.verma4436@example.com,Rewa,Madhya Pradesh,Tier 3,2023-07-04
CUST04437,Sneha Joshi,Female,18,sneha.joshi4437@example.com,Shillong,Meghalaya,Tier 3,2024-10-28
CUST04438,Amit Reddy,Male,27,amit.reddy4438@example.com,Hyderabad,Telangana,Tier 1,2022-10-31
CUST04439,Suresh Patel,Male,20,suresh.patel4439@example.com,Bilaspur,Chhattisgarh,Tier 3,2024-01-10
CUST04440,Manoj Verma,Male,29,manoj.verma4440@example.com,Chennai,Tamil Nadu,Tier 1,2022-01-18
CUST04441,Vikram Sharma,Male,36,vikram.sharma4441@example.com,Amritsar,Punjab,Tier 2,2024-03-21
CUST04442,Rahul Verma,Male,18,rahul.verma4442@example.com,Delhi,Delhi,Tier 1,2023-03-23
CUST04443,Neha Gupta,Female,40,neha.gupta4443@example.com,Ambala,Haryana,Tier 3,2023-03-09
CUST04444,Manoj Sharma,Male,35,manoj.sharma4444@example.com,Bangalore,Karnataka,Tier 1,2023-05-20
CUST04445,Amit Sharma,Male,27,amit.sharma4445@example.com,Pune,Maharashtra,Tier 1,2024-09-21
CUST04446,Arjun Gupta,Male,44,arjun.gupta4446@example.com,Karimnagar,Telangana,Tier 3,2024-07-21
CUST04447,Vikram Verma,Male,35,vikram.verma4447@example.com,Rajkot,Gujarat,Tier 2,2023-09-24
CUST04448,Kavita Reddy,Female,28,kavita.reddy4448@example.com,Kolkata,West Bengal,Tier 1,2022-03-07
CUST04449,Divya Gupta,Female,19,divya.gupta4449@example.com,Karimnagar,Telangana,Tier 3,2024-07-04
CUST04450,Rohan Reddy,Male,31,rohan.reddy4450@example.com,Amritsar,Punjab,Tier 2,2022-09-20
CUST04451,Rohan Iyer,Male,38,rohan.iyer4451@example.com,Bangalore,Karnataka,Tier 1,2022-12-10
CUST04452,Ritu Sharma,Female,33,ritu.sharma4452@example.com,Hisar,Haryana,Tier 3,2024-07-14
CUST04453,Karan Iyer,Male,34,karan.iyer4453@example.com,Bangalore,Karnataka,Tier 1,2024-03-18
CUST04454,Rahul Iyer,Male,25,rahul.iyer4454@example.com,Bhopal,Madhya Pradesh,Tier 2,2022-04-18
CUST04455,Pooja Reddy,Female,19,pooja.reddy4455@example.com,Rohtak,Haryana,Tier 3,2024-08-30
CUST04456,Neha Kumar,Female,41,neha.kumar4456@example.com,Akola,Maharashtra,Tier 3,2022-09-15
CUST04457,Karan Sharma,Male,27,karan.sharma4457@example.com,Rewa,Madhya Pradesh,Tier 3,2023-09-26
CUST04458,Manoj Iyer,Male,18,manoj.iyer4458@example.com,Hyderabad,Telangana,Tier 1,2022-01-28
CUST04459,Pooja Iyer,Female,44,pooja.iyer4459@example.com,Nashik,Maharashtra,Tier 2,2022-03-04
CUST04460,Divya Reddy,Female,34,divya.reddy4460@example.com,Coimbatore,Tamil Nadu,Tier 2,2024-03-01
CUST04461,Sanjay Gupta,Male,35,sanjay.gupta4461@example.com,Bangalore,Karnataka,Tier 1,2022-10-28
CUST04462,Rahul Gupta,Male,32,rahul.gupta4462@example.com,Hyderabad,Telangana,Tier 1,2023-06-11
CUST04463,Ritu Gupta,Female,21,ritu.gupta4463@example.com,Amritsar,Punjab,Tier 2,2022-06-23
CUST04464,Amit Kumar,Male,36,amit.kumar4464@example.com,Chennai,Tamil Nadu,Tier 1,2024-03-29
CUST04465,Meera Kumar,Female,43,meera.kumar4465@example.com,Raipur,Chhattisgarh,Tier 2,2022-08-04
CUST04466,Suresh Nair,Male,24,suresh.nair4466@example.com,Pune,Maharashtra,Tier 1,2022-08-30
CUST04467,Ritu Sharma,Female,25,ritu.sharma4467@example.com,Kolkata,West Bengal,Tier 1,2023-12-09
CUST04468,Rohan Kumar,Male,18,rohan.kumar4468@example.com,Mumbai,Maharashtra,Tier 1,2022-06-19
CUST04469,Deepak Joshi,Male,32,deepak.joshi4469@example.com,Bangalore,Karnataka,Tier 1,2024-05-18
CUST04470,Sanjay Nair,Male,21,sanjay.nair4470@example.com,Jodhpur,Rajasthan,Tier 2,2022-01-27
CUST04471,Rahul Singh,Male,21,rahul.singh4471@example.com,Latur,Maharashtra,Tier 3,2022-09-25
CUST04472,Shreya Singh,Female,27,shreya.singh4472@example.com,Kolkata,West Bengal,Tier 1,2022-03-23
CUST04473,Pooja Patel,Female,26,pooja.patel4473@example.com,Latur,Maharashtra,Tier 3,2024-09-08
CUST04474,Ritu Kumar,Female,30,ritu.kumar4474@example.com,Akola,Maharashtra,Tier 3,2022-07-29
CUST04475,Shreya Gupta,Female,37,shreya.gupta4475@example.com,Shillong,Meghalaya,Tier 3,2022-05-13
CUST04476,Shreya Joshi,Female,29,shreya.joshi4476@example.com,Amritsar,Punjab,Tier 2,2024-11-11
CUST04477,Anjali Reddy,Female,29,anjali.reddy4477@example.com,Bilaspur,Chhattisgarh,Tier 3,2023-08-18
CUST04478,Rohan Singh,Male,41,rohan.singh4478@example.com,Rajkot,Gujarat,Tier 2,2022-11-02
CUST04479,Kavita Iyer,Female,24,kavita.iyer4479@example.com,Latur,Maharashtra,Tier 3,2023-02-25
CUST04480,Deepak Singh,Male,25,deepak.singh4480@example.com,Kolkata,West Bengal,Tier 1,2024-09-20
CUST04481,Karan Nair,Male,25,karan.nair4481@example.com,Hyderabad,Telangana,Tier 1,2024-05-28
CUST04482,Amit Joshi,Male,30,amit.joshi4482@example.com,Mumbai,Maharashtra,Tier 1,2022-10-08
CUST04483,Karan Sharma,Male,27,karan.sharma4483@example.com,Delhi,Delhi,Tier 1,2023-07-06
CUST04484,Ritu Nair,Female,22,ritu.nair4484@example.com,Delhi,Delhi,Tier 1,2022-01-19
CUST04485,Amit Nair,Male,29,amit.nair4485@example.com,Raipur,Chhattisgarh,Tier 2,2024-09-11
CUST04486,Rohan Gupta,Male,45,rohan.gupta4486@example.com,Hyderabad,Telangana,Tier 1,2023-10-18
CUST04487,Anjali Sharma,Female,27,anjali.sharma4487@example.com,Sagar,Madhya Pradesh,Tier 3,2022-01-18
CUST04488,Manoj Reddy,Male,32,manoj.reddy4488@example.com,Vadodara,Gujarat,Tier 2,2023-06-15
CUST04489,Shreya Iyer,Female,28,shreya.iyer4489@example.com,Akola,Maharashtra,Tier 3,2023-11-20
CUST04490,Arjun Gupta,Male,34,arjun.gupta4490@example.com,Delhi,Delhi,Tier 1,2023-12-07
CUST04491,Amit Kumar,Male,18,amit.kumar4491@example.com,Bilaspur,Chhattisgarh,Tier 3,2024-05-09
CUST04492,Rahul Iyer,Male,26,rahul.iyer4492@example.com,Bilaspur,Chhattisgarh,Tier 3,2023-09-20
CUST04493,Meera Patel,Female,31,meera.patel4493@example.com,Pune,Maharashtra,Tier 1,2023-09-22
CUST04494,Sanjay Gupta,Male,18,sanjay.gupta4494@example.com,Pune,Maharashtra,Tier 1,2024-08-14
CUST04495,Anjali Verma,Female,43,anjali.verma4495@example.com,Aurangabad,Maharashtra,Tier 2,2024-02-18
CUST04496,Manoj Kumar,Male,18,manoj.kumar4496@example.com,Rohtak,Haryana,Tier 3,2023-02-02
CUST04497,Kavita Singh,Female,42,kavita.singh4497@example.com,Nagpur,Maharashtra,Tier 2,2022-04-07
CUST04498,Meera Patel,Female,48,meera.patel4498@example.com,Kolkata,West Bengal,Tier 1,2024-06-14
CUST04499,Manoj Sharma,Male,20,manoj.sharma4499@example.com,Latur,Maharashtra,Tier 3,2024-03-25
CUST04500,Pooja Patel,Female,35,pooja.patel4500@example.com,Pune,Maharashtra,Tier 1,2023-10-08
CUST04501,Rohan Sharma,Male,42,rohan.sharma4501@example.com,Kolkata,West Bengal,Tier 1,2023-09-05
CUST04502,Rohan Gupta,Male,39,rohan.gupta4502@example.com,Pune,Maharashtra,Tier 1,2023-08-02
CUST04503,Suresh Iyer,Male,32,suresh.iyer4503@example.com,Delhi,Delhi,Tier 1,2022-01-01
CUST04504,Pooja Joshi,Female,33,pooja.joshi4504@example.com,Latur,Maharashtra,Tier 3,2022-02-13
CUST04505,Amit Gupta,Male,29,amit.gupta4505@example.com,Bhopal,Madhya Pradesh,Tier 2,2024-08-01
CUST04506,Ritu Patel,Female,23,ritu.patel4506@example.com,Nashik,Maharashtra,Tier 2,2024-10-12
CUST04507,Vikram Iyer,Male,18,vikram.iyer4507@example.com,Pune,Maharashtra,Tier 1,2023-09-15
CUST04508,Vikram Singh,Male,41,vikram.singh4508@example.com,Hyderabad,Telangana,Tier 1,2022-07-29
CUST04509,Karan Verma,Male,27,karan.verma4509@example.com,Latur,Maharashtra,Tier 3,2023-05-04
CUST04510,Rohan Verma,Male,44,rohan.verma4510@example.com,Mumbai,Maharashtra,Tier 1,2023-12-01
CUST04511,Anjali Reddy,Female,28,anjali.reddy4511@example.com,Bhavnagar,Gujarat,Tier 3,2023-02-17
CUST04512,Suresh Nair,Male,40,suresh.nair4512@example.com,Delhi,Delhi,Tier 1,2023-01-27
CUST04513,Divya Patel,Female,28,divya.patel4513@example.com,Pune,Maharashtra,Tier 1,2024-09-19
CUST04514,Sanjay Reddy,Male,27,sanjay.reddy4514@example.com,Jodhpur,Rajasthan,Tier 2,2022-05-19
CUST04515,Sneha Singh,Female,35,sneha.singh4515@example.com,Bhopal,Madhya Pradesh,Tier 2,2023-04-29
CUST04516,Rahul Gupta,Male,20,rahul.gupta4516@example.com,Bangalore,Karnataka,Tier 1,2023-10-06
CUST04517,Ritu Nair,Female,35,ritu.nair4517@example.com,Aurangabad,Maharashtra,Tier 2,2023-04-03
CUST04518,Manoj Verma,Male,39,manoj.verma4518@example.com,Rajkot,Gujarat,Tier 2,2024-07-05
CUST04519,Rahul Gupta,Male,27,rahul.gupta4519@example.com,Kolkata,West Bengal,Tier 1,2024-05-21
CUST04520,Deepak Iyer,Male,26,deepak.iyer4520@example.com,Pune,Maharashtra,Tier 1,2022-03-05
CUST04521,Rahul Nair,Male,48,rahul.nair4521@example.com,Aurangabad,Maharashtra,Tier 2,2023-11-01
CUST04522,Vikram Gupta,Male,33,vikram.gupta4522@example.com,Delhi,Delhi,Tier 1,2024-10-02
CUST04523,Rohan Nair,Male,29,rohan.nair4523@example.com,Nagpur,Maharashtra,Tier 2,2023-05-15
CUST04524,Arjun Nair,Male,37,arjun.nair4524@example.com,Ranchi,Jharkhand,Tier 2,2024-11-20
CUST04525,Suresh Kumar,Male,28,suresh.kumar4525@example.com,Chennai,Tamil Nadu,Tier 1,2022-11-13
CUST04526,Vikram Sharma,Male,30,vikram.sharma4526@example.com,Ratlam,Madhya Pradesh,Tier 3,2022-10-23
CUST04527,Pooja Patel,Female,37,pooja.patel4527@example.com,Aurangabad,Maharashtra,Tier 2,2024-03-10
CUST04528,Deepak Patel,Male,22,deepak.patel4528@example.com,Coimbatore,Tamil Nadu,Tier 2,2023-08-20
CUST04529,Anjali Reddy,Female,37,anjali.reddy4529@example.com,Jodhpur,Rajasthan,Tier 2,2022-05-08
CUST04530,Arjun Iyer,Male,28,arjun.iyer4530@example.com,Pune,Maharashtra,Tier 1,2022-12-14
CUST04531,Kavita Sharma,Female,39,kavita.sharma4531@example.com,Bhopal,Madhya Pradesh,Tier 2,2024-03-02
CUST04532,Rahul Sharma,Male,29,rahul.sharma4532@example.com,Latur,Maharashtra,Tier 3,2023-02-09
CUST04533,Amit Singh,Male,18,amit.singh4533@example.com,Shillong,Meghalaya,Tier 3,2023-08-15
CUST04534,Amit Gupta,Male,25,amit.gupta4534@example.com,Bhavnagar,Gujarat,Tier 3,2024-10-11
CUST04535,Sanjay Nair,Male,36,sanjay.nair4535@example.com,Hisar,Haryana,Tier 3,2024-10-01
CUST04536,Priya Joshi,Female,40,priya.joshi4536@example.com,Amritsar,Punjab,Tier 2,2023-06-11
CUST04537,Arjun Singh,Male,18,arjun.singh4537@example.com,Latur,Maharashtra,Tier 3,2022-11-17
CUST04538,Deepak Kumar,Male,29,deepak.kumar4538@example.com,Hyderabad,Telangana,Tier 1,2024-07-17
CUST04539,Neha Verma,Female,29,neha.verma4539@example.com,Vadodara,Gujarat,Tier 2,2024-02-13
CUST04540,Manoj Joshi,Male,35,manoj.joshi4540@example.com,Rohtak,Haryana,Tier 3,2022-09-09
CUST04541,Sneha Iyer,Female,32,sneha.iyer4541@example.com,Chennai,Tamil Nadu,Tier 1,2023-03-25
CUST04542,Vikram Patel,Male,26,vikram.patel4542@example.com,Rohtak,Haryana,Tier 3,2023-01-20
CUST04543,Arjun Reddy,Male,32,arjun.reddy4543@example.com,Rewa,Madhya Pradesh,Tier 3,2024-09-12
CUST04544,Deepak Reddy,Male,30,deepak.reddy4544@example.com,Hyderabad,Telangana,Tier 1,2022-05-22
CUST04545,Rahul Joshi,Male,41,rahul.joshi4545@example.com,Hisar,Haryana,Tier 3,2023-02-10
CUST04546,Suresh Gupta,Male,28,suresh.gupta4546@example.com,Mumbai,Maharashtra,Tier 1,2024-05-28
CUST04547,Kavita Verma,Female,20,kavita.verma4547@example.com,Aurangabad,Maharashtra,Tier 2,2022-12-22
CUST04548,Meera Patel,Female,27,meera.patel4548@example.com,Nashik,Maharashtra,Tier 2,2024-02-01
CUST04549,Shreya Verma,Female,18,shreya.verma4549@example.com,Aurangabad,Maharashtra,Tier 2,2022-05-22
CUST04550,Neha Kumar,Female,20,neha.kumar4550@example.com,Coimbatore,Tamil Nadu,Tier 2,2024-08-10
CUST04551,Arjun Singh,Male,43,arjun.singh4551@example.com,Ranchi,Jharkhand,Tier 2,2023-02-14
CUST04552,Arjun Kumar,Male,37,arjun.kumar4552@example.com,Amritsar,Punjab,Tier 2,2022-07-21
CUST04553,Priya Nair,Female,25,priya.nair4553@example.com,Bhopal,Madhya Pradesh,Tier 2,2022-10-29
CUST04554,Sanjay Sharma,Male,31,sanjay.sharma4554@example.com,Shillong,Meghalaya,Tier 3,2024-02-12
CUST04555,Rohan Reddy,Male,37,rohan.reddy4555@example.com,Aurangabad,Maharashtra,Tier 2,2023-10-27
CUST04556,Shreya Singh,Female,55,shreya.singh4556@example.com,Bilaspur,Chhattisgarh,Tier 3,2023-01-08
CUST04557,Manoj Nair,Male,28,manoj.nair4557@example.com,Kolkata,West Bengal,Tier 1,2023-11-28
CUST04558,Amit Sharma,Male,32,amit.sharma4558@example.com,Delhi,Delhi,Tier 1,2022-10-01
CUST04559,Amit Reddy,Male,33,amit.reddy4559@example.com,Bangalore,Karnataka,Tier 1,2024-04-29
CUST04560,Deepak Nair,Male,40,deepak.nair4560@example.com,Rewa,Madhya Pradesh,Tier 3,2022-05-12
CUST04561,Suresh Kumar,Male,34,suresh.kumar4561@example.com,Pune,Maharashtra,Tier 1,2023-01-08
CUST04562,Deepak Iyer,Male,42,deepak.iyer4562@example.com,Kolkata,West Bengal,Tier 1,2022-02-25
CUST04563,Deepak Gupta,Male,24,deepak.gupta4563@example.com,Rajkot,Gujarat,Tier 2,2023-03-04
CUST04564,Deepak Verma,Male,27,deepak.verma4564@example.com,Hyderabad,Telangana,Tier 1,2024-04-08
CUST04565,Pooja Patel,Female,18,pooja.patel4565@example.com,Aurangabad,Maharashtra,Tier 2,2023-01-12
CUST04566,Vikram Reddy,Male,31,vikram.reddy4566@example.com,Amritsar,Punjab,Tier 2,2022-05-06
CUST04567,Neha Nair,Female,34,neha.nair4567@example.com,Chennai,Tamil Nadu,Tier 1,2024-08-05
CUST04568,Ritu Kumar,Female,31,ritu.kumar4568@example.com,Jodhpur,Rajasthan,Tier 2,2024-04-25
CUST04569,Rohan Reddy,Male,18,rohan.reddy4569@example.com,Bhavnagar,Gujarat,Tier 3,2024-05-26
CUST04570,Arjun Nair,Male,31,arjun.nair4570@example.com,Raipur,Chhattisgarh,Tier 2,2023-12-14
CUST04571,Amit Kumar,Male,36,amit.kumar4571@example.com,Aurangabad,Maharashtra,Tier 2,2024-03-06
CUST04572,Anjali Iyer,Female,38,anjali.iyer4572@example.com,Kolkata,West Bengal,Tier 1,2024-11-06
CUST04573,Sneha Reddy,Female,33,sneha.reddy4573@example.com,Nagpur,Maharashtra,Tier 2,2022-03-18
CUST04574,Kavita Kumar,Female,40,kavita.kumar4574@example.com,Delhi,Delhi,Tier 1,2024-05-03
CUST04575,Karan Gupta,Male,27,karan.gupta4575@example.com,Latur,Maharashtra,Tier 3,2023-12-10
CUST04576,Kavita Nair,Female,18,kavita.nair4576@example.com,Raipur,Chhattisgarh,Tier 2,2024-03-30
CUST04577,Suresh Gupta,Male,31,suresh.gupta4577@example.com,Amritsar,Punjab,Tier 2,2022-10-26
CUST04578,Amit Iyer,Male,34,amit.iyer4578@example.com,Shillong,Meghalaya,Tier 3,2022-01-31
CUST04579,Ritu Kumar,Female,32,ritu.kumar4579@example.com,Karimnagar,Telangana,Tier 3,2024-06-01
CUST04580,Meera Joshi,Female,25,meera.joshi4580@example.com,Kolkata,West Bengal,Tier 1,2022-10-20
CUST04581,Rohan Verma,Male,34,rohan.verma4581@example.com,Kolkata,West Bengal,Tier 1,2022-03-27
CUST04582,Deepak Nair,Male,18,deepak.nair4582@example.com,Bangalore,Karnataka,Tier 1,2022-06-16
CUST04583,Suresh Singh,Male,32,suresh.singh4583@example.com,Rohtak,Haryana,Tier 3,2023-07-16
CUST04584,Sanjay Joshi,Male,28,sanjay.joshi4584@example.com,Pune,Maharashtra,Tier 1,2023-10-14
CUST04585,Arjun Sharma,Male,23,arjun.sharma4585@example.com,Kolkata,West Bengal,Tier 1,2023-07-15
CUST04586,Suresh Gupta,Male,29,suresh.gupta4586@example.com,Vadodara,Gujarat,Tier 2,2022-05-30
CUST04587,Rohan Singh,Male,31,rohan.singh4587@example.com,Coimbatore,Tamil Nadu,Tier 2,2023-08-04
CUST04588,Shreya Singh,Female,38,shreya.singh4588@example.com,Coimbatore,Tamil Nadu,Tier 2,2024-02-06
CUST04589,Karan Gupta,Male,18,karan.gupta4589@example.com,Pune,Maharashtra,Tier 1,2024-07-04
CUST04590,Amit Verma,Male,18,amit.verma4590@example.com,Bhavnagar,Gujarat,Tier 3,2023-05-11
CUST04591,Meera Iyer,Female,20,meera.iyer4591@example.com,Shillong,Meghalaya,Tier 3,2022-09-30
CUST04592,Deepak Sharma,Male,38,deepak.sharma4592@example.com,Pune,Maharashtra,Tier 1,2022-11-06
CUST04593,Rohan Joshi,Male,32,rohan.joshi4593@example.com,Bilaspur,Chhattisgarh,Tier 3,2022-01-16
CUST04594,Sanjay Gupta,Male,33,sanjay.gupta4594@example.com,Mumbai,Maharashtra,Tier 1,2024-04-11
CUST04595,Kavita Gupta,Female,32,kavita.gupta4595@example.com,Bhopal,Madhya Pradesh,Tier 2,2022-02-10
CUST04596,Priya Verma,Female,40,priya.verma4596@example.com,Nagpur,Maharashtra,Tier 2,2023-08-13
CUST04597,Kavita Reddy,Female,27,kavita.reddy4597@example.com,Mumbai,Maharashtra,Tier 1,2023-04-24
CUST04598,Meera Reddy,Female,20,meera.reddy4598@example.com,Mumbai,Maharashtra,Tier 1,2022-02-22
CUST04599,Rahul Patel,Male,33,rahul.patel4599@example.com,Ranchi,Jharkhand,Tier 2,2024-01-18
CUST04600,Rahul Joshi,Male,34,rahul.joshi4600@example.com,Delhi,Delhi,Tier 1,2022-02-24
CUST04601,Ritu Verma,Female,18,ritu.verma4601@example.com,Mumbai,Maharashtra,Tier 1,2023-12-22
CUST04602,Manoj Nair,Male,20,manoj.nair4602@example.com,Ranchi,Jharkhand,Tier 2,2024-03-18
CUST04603,Karan Singh,Male,18,karan.singh4603@example.com,Nagpur,Maharashtra,Tier 2,2023-05-26
CUST04604,Sneha Kumar,Female,41,sneha.kumar4604@example.com,Hyderabad,Telangana,Tier 1,2023-01-28
CUST04605,Karan Sharma,Male,30,karan.sharma4605@example.com,Bilaspur,Chhattisgarh,Tier 3,2024-03-04
CUST04606,Karan Singh,Male,40,karan.singh4606@example.com,Chennai,Tamil Nadu,Tier 1,2023-09-03
CUST04607,Neha Sharma,Female,28,neha.sharma4607@example.com,Chennai,Tamil Nadu,Tier 1,2024-11-21
CUST04608,Shreya Verma,Female,49,shreya.verma4608@example.com,Mumbai,Maharashtra,Tier 1,2022-12-18
CUST04609,Deepak Joshi,Male,20,deepak.joshi4609@example.com,Kolkata,West Bengal,Tier 1,2023-01-31
CUST04610,Deepak Kumar,Male,33,deepak.kumar4610@example.com,Bangalore,Karnataka,Tier 1,2022-12-24
CUST04611,Karan Nair,Male,37,karan.nair4611@example.com,Delhi,Delhi,Tier 1,2022-03-01
CUST04612,Priya Joshi,Female,23,priya.joshi4612@example.com,Hisar,Haryana,Tier 3,2023-12-09
CUST04613,Pooja Patel,Female,34,pooja.patel4613@example.com,Delhi,Delhi,Tier 1,2023-01-01
CUST04614,Rohan Joshi,Male,18,rohan.joshi4614@example.com,Raipur,Chhattisgarh,Tier 2,2024-03-07
CUST04615,Amit Gupta,Male,26,amit.gupta4615@example.com,Chennai,Tamil Nadu,Tier 1,2023-09-01
CUST04616,Kavita Singh,Female,43,kavita.singh4616@example.com,Rajkot,Gujarat,Tier 2,2022-09-03
CUST04617,Amit Kumar,Male,35,amit.kumar4617@example.com,Karimnagar,Telangana,Tier 3,2023-06-04
CUST04618,Neha Nair,Female,18,neha.nair4618@example.com,Mumbai,Maharashtra,Tier 1,2022-07-21
CUST04619,Priya Singh,Female,34,priya.singh4619@example.com,Ranchi,Jharkhand,Tier 2,2023-04-23
CUST04620,Arjun Gupta,Male,18,arjun.gupta4620@example.com,Amritsar,Punjab,Tier 2,2022-05-22
CUST04621,Ritu Reddy,Female,38,ritu.reddy4621@example.com,Hyderabad,Telangana,Tier 1,2023-04-06
CUST04622,Deepak Verma,Male,34,deepak.verma4622@example.com,Shillong,Meghalaya,Tier 3,2023-02-04
CUST04623,Karan Sharma,Male,28,karan.sharma4623@example.com,Akola,Maharashtra,Tier 3,2023-07-30
CUST04624,Rahul Nair,Male,24,rahul.nair4624@example.com,Mumbai,Maharashtra,Tier 1,2022-07-16
CUST04625,Ritu Reddy,Female,31,ritu.reddy4625@example.com,Delhi,Delhi,Tier 1,2022-06-13
CUST04626,Rahul Reddy,Male,27,rahul.reddy4626@example.com,Jodhpur,Rajasthan,Tier 2,2023-08-20
CUST04627,Anjali Singh,Female,18,anjali.singh4627@example.com,Bhavnagar,Gujarat,Tier 3,2022-04-21
CUST04628,Amit Patel,Male,45,amit.patel4628@example.com,Raipur,Chhattisgarh,Tier 2,2024-06-06
CUST04629,Kavita Singh,Female,22,kavita.singh4629@example.com,Sagar,Madhya Pradesh,Tier 3,2024-09-14
CUST04630,Meera Nair,Female,35,meera.nair4630@example.com,Nagpur,Maharashtra,Tier 2,2022-08-17
CUST04631,Shreya Verma,Female,18,shreya.verma4631@example.com,Bhopal,Madhya Pradesh,Tier 2,2022-05-02
CUST04632,Ritu Nair,Female,31,ritu.nair4632@example.com,Hyderabad,Telangana,Tier 1,2024-06-27
CUST04633,Manoj Gupta,Male,41,manoj.gupta4633@example.com,Ambala,Haryana,Tier 3,2022-01-13
CUST04634,Sneha Sharma,Female,39,sneha.sharma4634@example.com,Chennai,Tamil Nadu,Tier 1,2024-11-10
CUST04635,Suresh Nair,Male,42,suresh.nair4635@example.com,Indore,Madhya Pradesh,Tier 2,2024-08-28
CUST04636,Pooja Singh,Female,33,pooja.singh4636@example.com,Mumbai,Maharashtra,Tier 1,2022-06-01
CUST04637,Sanjay Nair,Male,25,sanjay.nair4637@example.com,Vadodara,Gujarat,Tier 2,2022-08-13
CUST04638,Karan Sharma,Male,55,karan.sharma4638@example.com,Raipur,Chhattisgarh,Tier 2,2023-09-01
CUST04639,Arjun Joshi,Male,22,arjun.joshi4639@example.com,Delhi,Delhi,Tier 1,2023-11-09
CUST04640,Rahul Verma,Male,29,rahul.verma4640@example.com,Shillong,Meghalaya,Tier 3,2022-01-16
CUST04641,Divya Sharma,Female,46,divya.sharma4641@example.com,Amritsar,Punjab,Tier 2,2022-12-22
CUST04642,Deepak Singh,Male,28,deepak.singh4642@example.com,Jodhpur,Rajasthan,Tier 2,2024-05-08
CUST04643,Suresh Kumar,Male,41,suresh.kumar4643@example.com,Jodhpur,Rajasthan,Tier 2,2023-03-25
CUST04644,Rahul Iyer,Male,31,rahul.iyer4644@example.com,Bilaspur,Chhattisgarh,Tier 3,2023-06-23
CUST04645,Karan Joshi,Male,37,karan.joshi4645@example.com,Rewa,Madhya Pradesh,Tier 3,2024-01-23
CUST04646,Shreya Joshi,Female,23,shreya.joshi4646@example.com,Pune,Maharashtra,Tier 1,2023-02-19
CUST04647,Sneha Nair,Female,32,sneha.nair4647@example.com,Kolkata,West Bengal,Tier 1,2023-10-20
CUST04648,Anjali Nair,Female,23,anjali.nair4648@example.com,Pune,Maharashtra,Tier 1,2024-01-04
CUST04649,Deepak Singh,Male,44,deepak.singh4649@example.com,Vadodara,Gujarat,Tier 2,2022-01-10
CUST04650,Shreya Gupta,Female,20,shreya.gupta4650@example.com,Bilaspur,Chhattisgarh,Tier 3,2024-01-01
CUST04651,Shreya Verma,Female,41,shreya.verma4651@example.com,Bhavnagar,Gujarat,Tier 3,2022-09-21
CUST04652,Deepak Kumar,Male,22,deepak.kumar4652@example.com,Bangalore,Karnataka,Tier 1,2022-10-18
CUST04653,Vikram Gupta,Male,51,vikram.gupta4653@example.com,Jodhpur,Rajasthan,Tier 2,2023-01-10
CUST04654,Rohan Kumar,Male,25,rohan.kumar4654@example.com,Indore,Madhya Pradesh,Tier 2,2022-11-03
CUST04655,Ritu Joshi,Female,41,ritu.joshi4655@example.com,Bhavnagar,Gujarat,Tier 3,2024-05-17
CUST04656,Karan Joshi,Male,30,karan.joshi4656@example.com,Chennai,Tamil Nadu,Tier 1,2023-03-18
CUST04657,Deepak Iyer,Male,30,deepak.iyer4657@example.com,Pune,Maharashtra,Tier 1,2024-06-21
CUST04658,Anjali Iyer,Female,29,anjali.iyer4658@example.com,Delhi,Delhi,Tier 1,2024-10-14
CUST04659,Sanjay Patel,Male,29,sanjay.patel4659@example.com,Karimnagar,Telangana,Tier 3,2023-08-08
CUST04660,Suresh Nair,Male,32,suresh.nair4660@example.com,Shillong,Meghalaya,Tier 3,2022-12-25
CUST04661,Deepak Joshi,Male,30,deepak.joshi4661@example.com,Pune,Maharashtra,Tier 1,2023-10-20
CUST04662,Shreya Singh,Female,25,shreya.singh4662@example.com,Coimbatore,Tamil Nadu,Tier 2,2024-10-28
CUST04663,Deepak Patel,Male,22,deepak.patel4663@example.com,Pune,Maharashtra,Tier 1,2024-05-29
CUST04664,Suresh Sharma,Male,33,suresh.sharma4664@example.com,Pune,Maharashtra,Tier 1,2022-01-18
CUST04665,Anjali Patel,Female,33,anjali.patel4665@example.com,Bangalore,Karnataka,Tier 1,2024-11-24
CUST04666,Kavita Sharma,Female,26,kavita.sharma4666@example.com,Raipur,Chhattisgarh,Tier 2,2022-12-13
CUST04667,Karan Joshi,Male,33,karan.joshi4667@example.com,Chennai,Tamil Nadu,Tier 1,2024-10-20
CUST04668,Meera Patel,Female,33,meera.patel4668@example.com,Kolkata,West Bengal,Tier 1,2022-10-28
CUST04669,Anjali Nair,Female,26,anjali.nair4669@example.com,Hyderabad,Telangana,Tier 1,2022-01-26
CUST04670,Kavita Reddy,Female,37,kavita.reddy4670@example.com,Aurangabad,Maharashtra,Tier 2,2022-11-16
CUST04671,Rohan Sharma,Male,18,rohan.sharma4671@example.com,Pune,Maharashtra,Tier 1,2023-02-24
CUST04672,Ritu Verma,Female,49,ritu.verma4672@example.com,Chennai,Tamil Nadu,Tier 1,2024-04-14
CUST04673,Rohan Nair,Male,37,rohan.nair4673@example.com,Amritsar,Punjab,Tier 2,2024-09-20
CUST04674,Anjali Kumar,Female,27,anjali.kumar4674@example.com,Nashik,Maharashtra,Tier 2,2024-08-27
CUST04675,Suresh Reddy,Male,44,suresh.reddy4675@example.com,Kolkata,West Bengal,Tier 1,2022-09-22
CUST04676,Rohan Joshi,Male,49,rohan.joshi4676@example.com,Chennai,Tamil Nadu,Tier 1,2022-02-27
CUST04677,Priya Sharma,Female,38,priya.sharma4677@example.com,Vadodara,Gujarat,Tier 2,2023-07-01
CUST04678,Pooja Sharma,Female,23,pooja.sharma4678@example.com,Bhopal,Madhya Pradesh,Tier 2,2024-05-14
CUST04679,Shreya Reddy,Female,31,shreya.reddy4679@example.com,Latur,Maharashtra,Tier 3,2023-02-02
CUST04680,Rahul Verma,Male,34,rahul.verma4680@example.com,Aurangabad,Maharashtra,Tier 2,2022-04-21
CUST04681,Meera Gupta,Female,22,meera.gupta4681@example.com,Kolkata,West Bengal,Tier 1,2023-05-21
CUST04682,Rohan Joshi,Male,38,rohan.joshi4682@example.com,Mumbai,Maharashtra,Tier 1,2022-05-26
CUST04683,Rahul Verma,Male,32,rahul.verma4683@example.com,Bangalore,Karnataka,Tier 1,2022-06-18
CUST04684,Manoj Kumar,Male,18,manoj.kumar4684@example.com,Aurangabad,Maharashtra,Tier 2,2024-06-15
CUST04685,Shreya Verma,Female,21,shreya.verma4685@example.com,Mumbai,Maharashtra,Tier 1,2022-04-28
CUST04686,Priya Iyer,Female,42,priya.iyer4686@example.com,Raipur,Chhattisgarh,Tier 2,2023-07-11
CUST04687,Deepak Gupta,Male,44,deepak.gupta4687@example.com,Hyderabad,Telangana,Tier 1,2023-02-07
CUST04688,Ritu Patel,Female,35,ritu.patel4688@example.com,Kolkata,West Bengal,Tier 1,2022-06-13
CUST04689,Pooja Kumar,Female,34,pooja.kumar4689@example.com,Nagpur,Maharashtra,Tier 2,2023-07-05
CUST04690,Sanjay Iyer,Male,31,sanjay.iyer4690@example.com,Vadodara,Gujarat,Tier 2,2022-07-27
CUST04691,Ritu Patel,Female,24,ritu.patel4691@example.com,Hyderabad,Telangana,Tier 1,2024-06-19
CUST04692,Neha Reddy,Female,32,neha.reddy4692@example.com,Mumbai,Maharashtra,Tier 1,2022-10-02
CUST04693,Manoj Patel,Male,35,manoj.patel4693@example.com,Aurangabad,Maharashtra,Tier 2,2024-08-11
CUST04694,Deepak Verma,Male,18,deepak.verma4694@example.com,Bangalore,Karnataka,Tier 1,2023-03-23
CUST04695,Divya Reddy,Female,23,divya.reddy4695@example.com,Pune,Maharashtra,Tier 1,2022-05-04
CUST04696,Manoj Joshi,Male,24,manoj.joshi4696@example.com,Mumbai,Maharashtra,Tier 1,2023-12-29
CUST04697,Priya Reddy,Female,35,priya.reddy4697@example.com,Akola,Maharashtra,Tier 3,2022-11-24
CUST04698,Anjali Gupta,Female,52,anjali.gupta4698@example.com,Chennai,Tamil Nadu,Tier 1,2024-03-07
CUST04699,Sanjay Gupta,Male,33,sanjay.gupta4699@example.com,Coimbatore,Tamil Nadu,Tier 2,2024-08-30
CUST04700,Arjun Singh,Male,20,arjun.singh4700@example.com,Mumbai,Maharashtra,Tier 1,2024-10-20
CUST04701,Rohan Singh,Male,32,rohan.singh4701@example.com,Pune,Maharashtra,Tier 1,2022-08-29
CUST04702,Sanjay Nair,Male,25,sanjay.nair4702@example.com,Aurangabad,Maharashtra,Tier 2,2022-01-31
CUST04703,Priya Gupta,Female,41,priya.gupta4703@example.com,Mumbai,Maharashtra,Tier 1,2022-09-23
CUST04704,Amit Joshi,Male,29,amit.joshi4704@example.com,Bhavnagar,Gujarat,Tier 3,2024-04-26
CUST04705,Karan Verma,Male,28,karan.verma4705@example.com,Bhavnagar,Gujarat,Tier 3,2023-08-25
CUST04706,Pooja Nair,Female,23,pooja.nair4706@example.com,Sagar,Madhya Pradesh,Tier 3,2023-01-10
CUST04707,Neha Iyer,Female,18,neha.iyer4707@example.com,Pune,Maharashtra,Tier 1,2022-01-08
CUST04708,Ritu Verma,Female,25,ritu.verma4708@example.com,Rajkot,Gujarat,Tier 2,2024-11-05
CUST04709,Sanjay Verma,Male,44,sanjay.verma4709@example.com,Delhi,Delhi,Tier 1,2023-11-16
CUST04710,Sneha Kumar,Female,28,sneha.kumar4710@example.com,Ambala,Haryana,Tier 3,2023-06-11
CUST04711,Vikram Joshi,Male,30,vikram.joshi4711@example.com,Chennai,Tamil Nadu,Tier 1,2022-03-04
CUST04712,Vikram Reddy,Male,36,vikram.reddy4712@example.com,Bangalore,Karnataka,Tier 1,2022-12-21
CUST04713,Amit Reddy,Male,40,amit.reddy4713@example.com,Vadodara,Gujarat,Tier 2,2023-12-28
CUST04714,Priya Gupta,Female,18,priya.gupta4714@example.com,Rewa,Madhya Pradesh,Tier 3,2022-12-20
CUST04715,Suresh Verma,Male,36,suresh.verma4715@example.com,Hisar,Haryana,Tier 3,2023-03-10
CUST04716,Meera Verma,Female,42,meera.verma4716@example.com,Aurangabad,Maharashtra,Tier 2,2023-08-19
CUST04717,Divya Nair,Female,19,divya.nair4717@example.com,Bhavnagar,Gujarat,Tier 3,2022-12-02
CUST04718,Amit Sharma,Male,40,amit.sharma4718@example.com,Delhi,Delhi,Tier 1,2024-05-03
CUST04719,Sanjay Joshi,Male,18,sanjay.joshi4719@example.com,Bhopal,Madhya Pradesh,Tier 2,2022-10-02
CUST04720,Amit Gupta,Male,18,amit.gupta4720@example.com,Rohtak,Haryana,Tier 3,2022-05-19
CUST04721,Neha Joshi,Female,18,neha.joshi4721@example.com,Rewa,Madhya Pradesh,Tier 3,2023-10-26
CUST04722,Divya Joshi,Female,28,divya.joshi4722@example.com,Ranchi,Jharkhand,Tier 2,2023-06-06
CUST04723,Karan Gupta,Male,47,karan.gupta4723@example.com,Hyderabad,Telangana,Tier 1,2022-06-11
CUST04724,Amit Nair,Male,18,amit.nair4724@example.com,Ranchi,Jharkhand,Tier 2,2024-04-09
CUST04725,Ritu Sharma,Female,41,ritu.sharma4725@example.com,Bhopal,Madhya Pradesh,Tier 2,2023-03-14
CUST04726,Manoj Iyer,Male,41,manoj.iyer4726@example.com,Bangalore,Karnataka,Tier 1,2024-01-26
CUST04727,Sanjay Joshi,Male,31,sanjay.joshi4727@example.com,Raipur,Chhattisgarh,Tier 2,2023-11-17
CUST04728,Ritu Verma,Female,34,ritu.verma4728@example.com,Rohtak,Haryana,Tier 3,2023-02-04
CUST04729,Priya Reddy,Female,45,priya.reddy4729@example.com,Rajkot,Gujarat,Tier 2,2024-03-19
CUST04730,Pooja Reddy,Female,21,pooja.reddy4730@example.com,Kolkata,West Bengal,Tier 1,2022-08-28
CUST04731,Rahul Singh,Male,20,rahul.singh4731@example.com,Rohtak,Haryana,Tier 3,2022-02-17
CUST04732,Meera Patel,Female,20,meera.patel4732@example.com,Nagpur,Maharashtra,Tier 2,2024-05-24
CUST04733,Vikram Gupta,Male,38,vikram.gupta4733@example.com,Mumbai,Maharashtra,Tier 1,2022-05-12
CUST04734,Kavita Patel,Female,24,kavita.patel4734@example.com,Amritsar,Punjab,Tier 2,2022-02-05
CUST04735,Kavita Sharma,Female,32,kavita.sharma4735@example.com,Mumbai,Maharashtra,Tier 1,2022-08-11
CUST04736,Meera Iyer,Female,28,meera.iyer4736@example.com,Kolkata,West Bengal,Tier 1,2023-05-13
CUST04737,Ritu Joshi,Female,21,ritu.joshi4737@example.com,Indore,Madhya Pradesh,Tier 2,2024-09-20
CUST04738,Deepak Patel,Male,36,deepak.patel4738@example.com,Bhavnagar,Gujarat,Tier 3,2022-01-06
CUST04739,Arjun Joshi,Male,18,arjun.joshi4739@example.com,Indore,Madhya Pradesh,Tier 2,2024-01-12
CUST04740,Shreya Sharma,Female,23,shreya.sharma4740@example.com,Hyderabad,Telangana,Tier 1,2022-02-07
CUST04741,Pooja Reddy,Female,28,pooja.reddy4741@example.com,Chennai,Tamil Nadu,Tier 1,2023-03-28
CUST04742,Meera Sharma,Female,42,meera.sharma4742@example.com,Jodhpur,Rajasthan,Tier 2,2024-08-04
CUST04743,Rahul Singh,Male,31,rahul.singh4743@example.com,Bhopal,Madhya Pradesh,Tier 2,2024-07-31
CUST04744,Deepak Reddy,Male,29,deepak.reddy4744@example.com,Nagpur,Maharashtra,Tier 2,2023-10-26
CUST04745,Meera Kumar,Female,18,meera.kumar4745@example.com,Pune,Maharashtra,Tier 1,2022-11-22
CUST04746,Suresh Joshi,Male,33,suresh.joshi4746@example.com,Amritsar,Punjab,Tier 2,2024-05-27
CUST04747,Amit Kumar,Male,30,amit.kumar4747@example.com,Nashik,Maharashtra,Tier 2,2024-03-14
CUST04748,Meera Nair,Female,42,meera.nair4748@example.com,Bangalore,Karnataka,Tier 1,2024-01-09
CUST04749,Sanjay Verma,Male,35,sanjay.verma4749@example.com,Rajkot,Gujarat,Tier 2,2024-04-26
CUST04750,Rohan Nair,Male,41,rohan.nair4750@example.com,Bangalore,Karnataka,Tier 1,2023-02-07
CUST04751,Ritu Iyer,Female,35,ritu.iyer4751@example.com,Aurangabad,Maharashtra,Tier 2,2022-08-21
CUST04752,Rahul Joshi,Male,33,rahul.joshi4752@example.com,Coimbatore,Tamil Nadu,Tier 2,2022-01-09
CUST04753,Ritu Verma,Female,36,ritu.verma4753@example.com,Hisar,Haryana,Tier 3,2023-01-14
CUST04754,Sanjay Iyer,Male,39,sanjay.iyer4754@example.com,Chennai,Tamil Nadu,Tier 1,2022-06-25
CUST04755,Ritu Nair,Female,18,ritu.nair4755@example.com,Bilaspur,Chhattisgarh,Tier 3,2022-02-02
CUST04756,Meera Iyer,Female,34,meera.iyer4756@example.com,Delhi,Delhi,Tier 1,2024-07-11
CUST04757,Vikram Singh,Male,31,vikram.singh4757@example.com,Pune,Maharashtra,Tier 1,2022-04-06
CUST04758,Sanjay Sharma,Male,45,sanjay.sharma4758@example.com,Chennai,Tamil Nadu,Tier 1,2022-10-16
CUST04759,Meera Sharma,Female,39,meera.sharma4759@example.com,Amritsar,Punjab,Tier 2,2022-06-23
CUST04760,Rohan Singh,Male,23,rohan.singh4760@example.com,Hyderabad,Telangana,Tier 1,2023-10-02
CUST04761,Priya Singh,Female,28,priya.singh4761@example.com,Nagpur,Maharashtra,Tier 2,2022-07-21
CUST04762,Shreya Singh,Female,38,shreya.singh4762@example.com,Aurangabad,Maharashtra,Tier 2,2022-09-16
CUST04763,Shreya Sharma,Female,18,shreya.sharma4763@example.com,Pune,Maharashtra,Tier 1,2024-10-26
CUST04764,Vikram Kumar,Male,29,vikram.kumar4764@example.com,Mumbai,Maharashtra,Tier 1,2023-05-12
CUST04765,Arjun Singh,Male,34,arjun.singh4765@example.com,Chennai,Tamil Nadu,Tier 1,2023-04-06
CUST04766,Neha Nair,Female,25,neha.nair4766@example.com,Bangalore,Karnataka,Tier 1,2023-03-04
CUST04767,Shreya Reddy,Female,31,shreya.reddy4767@example.com,Hyderabad,Telangana,Tier 1,2024-07-20
CUST04768,Arjun Joshi,Male,39,arjun.joshi4768@example.com,Delhi,Delhi,Tier 1,2022-08-18
CUST04769,Rohan Patel,Male,25,rohan.patel4769@example.com,Vadodara,Gujarat,Tier 2,2022-10-04
CUST04770,Ritu Gupta,Female,31,ritu.gupta4770@example.com,Ambala,Haryana,Tier 3,2023-11-22
CUST04771,Arjun Reddy,Male,49,arjun.reddy4771@example.com,Coimbatore,Tamil Nadu,Tier 2,2022-02-26
CUST04772,Anjali Singh,Female,29,anjali.singh4772@example.com,Bhopal,Madhya Pradesh,Tier 2,2023-11-09
CUST04773,Divya Patel,Female,31,divya.patel4773@example.com,Bhopal,Madhya Pradesh,Tier 2,2023-07-14
CUST04774,Neha Joshi,Female,30,neha.joshi4774@example.com,Ratlam,Madhya Pradesh,Tier 3,2022-11-26
CUST04775,Shreya Gupta,Female,56,shreya.gupta4775@example.com,Delhi,Delhi,Tier 1,2022-09-23
CUST04776,Arjun Nair,Male,29,arjun.nair4776@example.com,Kolkata,West Bengal,Tier 1,2024-10-03
CUST04777,Anjali Gupta,Female,32,anjali.gupta4777@example.com,Chennai,Tamil Nadu,Tier 1,2022-12-11
CUST04778,Deepak Reddy,Male,31,deepak.reddy4778@example.com,Ranchi,Jharkhand,Tier 2,2024-07-24
CUST04779,Priya Iyer,Female,43,priya.iyer4779@example.com,Ratlam,Madhya Pradesh,Tier 3,2022-09-04
CUST04780,Ritu Nair,Female,18,ritu.nair4780@example.com,Rohtak,Haryana,Tier 3,2023-11-08
CUST04781,Manoj Singh,Male,32,manoj.singh4781@example.com,Bangalore,Karnataka,Tier 1,2023-07-10
CUST04782,Sneha Kumar,Female,25,sneha.kumar4782@example.com,Kolkata,West Bengal,Tier 1,2022-11-04
CUST04783,Rohan Kumar,Male,20,rohan.kumar4783@example.com,Delhi,Delhi,Tier 1,2023-04-21
CUST04784,Deepak Joshi,Male,36,deepak.joshi4784@example.com,Amritsar,Punjab,Tier 2,2023-07-23
CUST04785,Sanjay Joshi,Male,27,sanjay.joshi4785@example.com,Mumbai,Maharashtra,Tier 1,2022-04-16
CUST04786,Rahul Gupta,Male,22,rahul.gupta4786@example.com,Rajkot,Gujarat,Tier 2,2022-03-13
CUST04787,Shreya Gupta,Female,23,shreya.gupta4787@example.com,Ranchi,Jharkhand,Tier 2,2023-04-02
CUST04788,Amit Singh,Male,44,amit.singh4788@example.com,Rewa,Madhya Pradesh,Tier 3,2023-07-28
CUST04789,Sneha Verma,Female,22,sneha.verma4789@example.com,Delhi,Delhi,Tier 1,2024-06-11
CUST04790,Divya Verma,Female,44,divya.verma4790@example.com,Ratlam,Madhya Pradesh,Tier 3,2023-01-04
CUST04791,Pooja Verma,Female,28,pooja.verma4791@example.com,Ratlam,Madhya Pradesh,Tier 3,2024-06-26
CUST04792,Arjun Joshi,Male,18,arjun.joshi4792@example.com,Delhi,Delhi,Tier 1,2022-09-25
CUST04793,Divya Nair,Female,18,divya.nair4793@example.com,Coimbatore,Tamil Nadu,Tier 2,2022-06-15
CUST04794,Karan Iyer,Male,34,karan.iyer4794@example.com,Akola,Maharashtra,Tier 3,2024-06-11
CUST04795,Rahul Joshi,Male,37,rahul.joshi4795@example.com,Nashik,Maharashtra,Tier 2,2024-10-29
CUST04796,Amit Kumar,Male,39,amit.kumar4796@example.com,Bangalore,Karnataka,Tier 1,2023-09-14
CUST04797,Arjun Patel,Male,27,arjun.patel4797@example.com,Indore,Madhya Pradesh,Tier 2,2024-01-10
CUST04798,Shreya Nair,Female,19,shreya.nair4798@example.com,Hyderabad,Telangana,Tier 1,2022-05-04
CUST04799,Meera Sharma,Female,19,meera.sharma4799@example.com,Indore,Madhya Pradesh,Tier 2,2022-02-16
CUST04800,Sanjay Sharma,Male,30,sanjay.sharma4800@example.com,Chennai,Tamil Nadu,Tier 1,2024-03-14
CUST04801,Neha Gupta,Female,18,neha.gupta4801@example.com,Vadodara,Gujarat,Tier 2,2023-09-24
CUST04802,Ritu Patel,Female,47,ritu.patel4802@example.com,Kolkata,West Bengal,Tier 1,2022-02-15
CUST04803,Meera Reddy,Female,39,meera.reddy4803@example.com,Bhopal,Madhya Pradesh,Tier 2,2022-03-28
CUST04804,Arjun Joshi,Male,42,arjun.joshi4804@example.com,Aurangabad,Maharashtra,Tier 2,2023-12-04
CUST04805,Divya Nair,Female,28,divya.nair4805@example.com,Chennai,Tamil Nadu,Tier 1,2022-08-20
CUST04806,Sneha Patel,Female,21,sneha.patel4806@example.com,Hisar,Haryana,Tier 3,2024-08-13
CUST04807,Kavita Nair,Female,41,kavita.nair4807@example.com,Bhavnagar,Gujarat,Tier 3,2024-01-03
CUST04808,Meera Singh,Female,24,meera.singh4808@example.com,Ratlam,Madhya Pradesh,Tier 3,2024-06-19
CUST04809,Kavita Singh,Female,26,kavita.singh4809@example.com,Pune,Maharashtra,Tier 1,2023-04-27
CUST04810,Neha Nair,Female,37,neha.nair4810@example.com,Kolkata,West Bengal,Tier 1,2024-02-11
CUST04811,Shreya Verma,Female,30,shreya.verma4811@example.com,Delhi,Delhi,Tier 1,2023-04-16
CUST04812,Kavita Sharma,Female,21,kavita.sharma4812@example.com,Akola,Maharashtra,Tier 3,2022-04-21
CUST04813,Rahul Sharma,Male,27,rahul.sharma4813@example.com,Bhavnagar,Gujarat,Tier 3,2024-10-23
CUST04814,Kavita Gupta,Female,28,kavita.gupta4814@example.com,Bhopal,Madhya Pradesh,Tier 2,2022-09-21
CUST04815,Amit Gupta,Male,37,amit.gupta4815@example.com,Jodhpur,Rajasthan,Tier 2,2024-07-12
CUST04816,Arjun Singh,Male,38,arjun.singh4816@example.com,Bhavnagar,Gujarat,Tier 3,2023-03-30
CUST04817,Rahul Singh,Male,29,rahul.singh4817@example.com,Mumbai,Maharashtra,Tier 1,2022-11-29
CUST04818,Priya Nair,Female,26,priya.nair4818@example.com,Bangalore,Karnataka,Tier 1,2024-04-03
CUST04819,Meera Patel,Female,32,meera.patel4819@example.com,Delhi,Delhi,Tier 1,2024-10-30
CUST04820,Suresh Kumar,Male,30,suresh.kumar4820@example.com,Amritsar,Punjab,Tier 2,2024-01-31
CUST04821,Ritu Joshi,Female,22,ritu.joshi4821@example.com,Bangalore,Karnataka,Tier 1,2023-10-04
CUST04822,Neha Iyer,Female,30,neha.iyer4822@example.com,Chennai,Tamil Nadu,Tier 1,2022-05-10
CUST04823,Karan Iyer,Male,30,karan.iyer4823@example.com,Raipur,Chhattisgarh,Tier 2,2024-01-04
CUST04824,Sneha Reddy,Female,33,sneha.reddy4824@example.com,Pune,Maharashtra,Tier 1,2024-05-31
CUST04825,Vikram Singh,Male,42,vikram.singh4825@example.com,Delhi,Delhi,Tier 1,2023-03-10
CUST04826,Arjun Kumar,Male,42,arjun.kumar4826@example.com,Ranchi,Jharkhand,Tier 2,2024-07-05
CUST04827,Deepak Gupta,Male,32,deepak.gupta4827@example.com,Coimbatore,Tamil Nadu,Tier 2,2023-05-13
CUST04828,Vikram Gupta,Male,35,vikram.gupta4828@example.com,Bhopal,Madhya Pradesh,Tier 2,2023-03-31
CUST04829,Rohan Joshi,Male,18,rohan.joshi4829@example.com,Akola,Maharashtra,Tier 3,2022-06-28
CUST04830,Suresh Joshi,Male,34,suresh.joshi4830@example.com,Bhavnagar,Gujarat,Tier 3,2023-05-16
CUST04831,Karan Sharma,Male,40,karan.sharma4831@example.com,Akola,Maharashtra,Tier 3,2022-04-22
CUST04832,Karan Kumar,Male,18,karan.kumar4832@example.com,Akola,Maharashtra,Tier 3,2024-03-23
CUST04833,Rohan Nair,Male,19,rohan.nair4833@example.com,Hyderabad,Telangana,Tier 1,2022-02-06
CUST04834,Priya Nair,Female,31,priya.nair4834@example.com,Hisar,Haryana,Tier 3,2024-03-20
CUST04835,Ritu Nair,Female,40,ritu.nair4835@example.com,Delhi,Delhi,Tier 1,2024-03-06
CUST04836,Sanjay Patel,Male,30,sanjay.patel4836@example.com,Pune,Maharashtra,Tier 1,2023-09-19
CUST04837,Divya Iyer,Female,26,divya.iyer4837@example.com,Bhavnagar,Gujarat,Tier 3,2022-07-30
CUST04838,Kavita Nair,Female,18,kavita.nair4838@example.com,Bangalore,Karnataka,Tier 1,2023-03-25
CUST04839,Divya Patel,Female,26,divya.patel4839@example.com,Ambala,Haryana,Tier 3,2022-04-21
CUST04840,Manoj Sharma,Male,26,manoj.sharma4840@example.com,Hyderabad,Telangana,Tier 1,2024-01-29
CUST04841,Manoj Verma,Male,29,manoj.verma4841@example.com,Ratlam,Madhya Pradesh,Tier 3,2024-05-10
CUST04842,Ritu Nair,Female,18,ritu.nair4842@example.com,Chennai,Tamil Nadu,Tier 1,2024-02-29
CUST04843,Karan Sharma,Male,21,karan.sharma4843@example.com,Coimbatore,Tamil Nadu,Tier 2,2022-03-25
CUST04844,Sanjay Verma,Male,32,sanjay.verma4844@example.com,Ranchi,Jharkhand,Tier 2,2022-08-22
CUST04845,Neha Verma,Female,18,neha.verma4845@example.com,Amritsar,Punjab,Tier 2,2024-04-28
CUST04846,Rohan Iyer,Male,36,rohan.iyer4846@example.com,Hisar,Haryana,Tier 3,2022-04-20
CUST04847,Manoj Joshi,Male,39,manoj.joshi4847@example.com,Shillong,Meghalaya,Tier 3,2024-09-02
CUST04848,Arjun Patel,Male,39,arjun.patel4848@example.com,Bhavnagar,Gujarat,Tier 3,2024-08-09
CUST04849,Manoj Joshi,Male,45,manoj.joshi4849@example.com,Delhi,Delhi,Tier 1,2024-11-24
CUST04850,Karan Patel,Male,34,karan.patel4850@example.com,Chennai,Tamil Nadu,Tier 1,2023-04-17
CUST04851,Kavita Joshi,Female,47,kavita.joshi4851@example.com,Mumbai,Maharashtra,Tier 1,2023-06-07
CUST04852,Pooja Nair,Female,45,pooja.nair4852@example.com,Mumbai,Maharashtra,Tier 1,2022-02-23
CUST04853,Rohan Patel,Male,49,rohan.patel4853@example.com,Ranchi,Jharkhand,Tier 2,2024-01-15
CUST04854,Pooja Joshi,Female,32,pooja.joshi4854@example.com,Bangalore,Karnataka,Tier 1,2023-07-24
CUST04855,Arjun Nair,Male,38,arjun.nair4855@example.com,Kolkata,West Bengal,Tier 1,2023-07-20
CUST04856,Ritu Verma,Female,31,ritu.verma4856@example.com,Bangalore,Karnataka,Tier 1,2024-03-25
CUST04857,Divya Gupta,Female,35,divya.gupta4857@example.com,Hyderabad,Telangana,Tier 1,2022-10-29
CUST04858,Sneha Gupta,Female,54,sneha.gupta4858@example.com,Delhi,Delhi,Tier 1,2023-06-13
CUST04859,Sneha Kumar,Female,48,sneha.kumar4859@example.com,Latur,Maharashtra,Tier 3,2023-01-06
CUST04860,Shreya Verma,Female,30,shreya.verma4860@example.com,Chennai,Tamil Nadu,Tier 1,2024-07-20
CUST04861,Shreya Joshi,Female,20,shreya.joshi4861@example.com,Bhavnagar,Gujarat,Tier 3,2023-02-22
CUST04862,Vikram Joshi,Male,18,vikram.joshi4862@example.com,Rajkot,Gujarat,Tier 2,2023-09-18
CUST04863,Anjali Patel,Female,22,anjali.patel4863@example.com,Delhi,Delhi,Tier 1,2023-07-16
CUST04864,Pooja Joshi,Female,27,pooja.joshi4864@example.com,Nagpur,Maharashtra,Tier 2,2024-02-21
CUST04865,Anjali Gupta,Female,27,anjali.gupta4865@example.com,Rajkot,Gujarat,Tier 2,2023-06-23
CUST04866,Neha Joshi,Female,33,neha.joshi4866@example.com,Hyderabad,Telangana,Tier 1,2023-03-09
CUST04867,Vikram Patel,Male,45,vikram.patel4867@example.com,Ranchi,Jharkhand,Tier 2,2022-12-22
CUST04868,Vikram Singh,Male,41,vikram.singh4868@example.com,Latur,Maharashtra,Tier 3,2023-02-24
CUST04869,Deepak Gupta,Male,40,deepak.gupta4869@example.com,Aurangabad,Maharashtra,Tier 2,2022-06-13
CUST04870,Rahul Kumar,Male,30,rahul.kumar4870@example.com,Bhopal,Madhya Pradesh,Tier 2,2022-01-17
CUST04871,Shreya Iyer,Female,29,shreya.iyer4871@example.com,Kolkata,West Bengal,Tier 1,2022-12-06
CUST04872,Kavita Gupta,Female,29,kavita.gupta4872@example.com,Ranchi,Jharkhand,Tier 2,2022-05-13
CUST04873,Meera Singh,Female,36,meera.singh4873@example.com,Raipur,Chhattisgarh,Tier 2,2024-04-02
CUST04874,Deepak Reddy,Male,34,deepak.reddy4874@example.com,Delhi,Delhi,Tier 1,2022-05-11
CUST04875,Rohan Sharma,Male,37,rohan.sharma4875@example.com,Latur,Maharashtra,Tier 3,2024-08-01
CUST04876,Pooja Reddy,Female,32,pooja.reddy4876@example.com,Vadodara,Gujarat,Tier 2,2023-04-09
CUST04877,Manoj Joshi,Male,46,manoj.joshi4877@example.com,Amritsar,Punjab,Tier 2,2023-03-31
CUST04878,Sanjay Verma,Male,21,sanjay.verma4878@example.com,Bangalore,Karnataka,Tier 1,2022-11-23
CUST04879,Rohan Joshi,Male,34,rohan.joshi4879@example.com,Ratlam,Madhya Pradesh,Tier 3,2022-12-02
CUST04880,Vikram Joshi,Male,31,vikram.joshi4880@example.com,Akola,Maharashtra,Tier 3,2024-09-17
CUST04881,Priya Verma,Female,28,priya.verma4881@example.com,Delhi,Delhi,Tier 1,2023-11-29
CUST04882,Sanjay Kumar,Male,35,sanjay.kumar4882@example.com,Bangalore,Karnataka,Tier 1,2022-11-01
CUST04883,Rahul Joshi,Male,36,rahul.joshi4883@example.com,Pune,Maharashtra,Tier 1,2023-10-19
CUST04884,Manoj Reddy,Male,18,manoj.reddy4884@example.com,Coimbatore,Tamil Nadu,Tier 2,2024-01-08
CUST04885,Rohan Joshi,Male,34,rohan.joshi4885@example.com,Hyderabad,Telangana,Tier 1,2024-06-05
CUST04886,Manoj Verma,Male,29,manoj.verma4886@example.com,Hisar,Haryana,Tier 3,2022-04-01
CUST04887,Priya Patel,Female,45,priya.patel4887@example.com,Bhopal,Madhya Pradesh,Tier 2,2022-10-28
CUST04888,Amit Gupta,Male,38,amit.gupta4888@example.com,Pune,Maharashtra,Tier 1,2022-01-18
CUST04889,Sanjay Reddy,Male,34,sanjay.reddy4889@example.com,Delhi,Delhi,Tier 1,2024-01-16
CUST04890,Rahul Verma,Male,35,rahul.verma4890@example.com,Rajkot,Gujarat,Tier 2,2023-02-24
CUST04891,Amit Verma,Male,29,amit.verma4891@example.com,Chennai,Tamil Nadu,Tier 1,2023-12-10
CUST04892,Anjali Patel,Female,30,anjali.patel4892@example.com,Aurangabad,Maharashtra,Tier 2,2024-04-12
CUST04893,Amit Joshi,Male,34,amit.joshi4893@example.com,Delhi,Delhi,Tier 1,2023-05-02
CUST04894,Sanjay Patel,Male,44,sanjay.patel4894@example.com,Shillong,Meghalaya,Tier 3,2023-01-16
CUST04895,Meera Iyer,Female,33,meera.iyer4895@example.com,Raipur,Chhattisgarh,Tier 2,2024-03-25
CUST04896,Manoj Gupta,Male,40,manoj.gupta4896@example.com,Sagar,Madhya Pradesh,Tier 3,2023-03-23
CUST04897,Shreya Gupta,Female,54,shreya.gupta4897@example.com,Nagpur,Maharashtra,Tier 2,2023-01-10
CUST04898,Kavita Gupta,Female,44,kavita.gupta4898@example.com,Aurangabad,Maharashtra,Tier 2,2022-07-13
CUST04899,Vikram Iyer,Male,25,vikram.iyer4899@example.com,Chennai,Tamil Nadu,Tier 1,2022-10-14
CUST04900,Meera Verma,Female,23,meera.verma4900@example.com,Ambala,Haryana,Tier 3,2023-06-20
CUST04901,Neha Verma,Female,18,neha.verma4901@example.com,Bhavnagar,Gujarat,Tier 3,2024-03-19
CUST04902,Priya Nair,Female,36,priya.nair4902@example.com,Indore,Madhya Pradesh,Tier 2,2022-04-18
CUST04903,Meera Patel,Female,28,meera.patel4903@example.com,Ambala,Haryana,Tier 3,2022-09-18
CUST04904,Manoj Singh,Male,39,manoj.singh4904@example.com,Bangalore,Karnataka,Tier 1,2022-05-06
CUST04905,Manoj Kumar,Male,39,manoj.kumar4905@example.com,Bhopal,Madhya Pradesh,Tier 2,2022-02-23
CUST04906,Rahul Joshi,Male,31,rahul.joshi4906@example.com,Hyderabad,Telangana,Tier 1,2022-05-16
CUST04907,Kavita Reddy,Female,32,kavita.reddy4907@example.com,Delhi,Delhi,Tier 1,2024-05-01
CUST04908,Rahul Gupta,Male,27,rahul.gupta4908@example.com,Kolkata,West Bengal,Tier 1,2023-09-27
CUST04909,Neha Joshi,Female,18,neha.joshi4909@example.com,Pune,Maharashtra,Tier 1,2024-11-06
CUST04910,Amit Gupta,Male,30,amit.gupta4910@example.com,Hyderabad,Telangana,Tier 1,2022-10-12
CUST04911,Vikram Kumar,Male,34,vikram.kumar4911@example.com,Hyderabad,Telangana,Tier 1,2024-03-02
CUST04912,Kavita Nair,Female,41,kavita.nair4912@example.com,Delhi,Delhi,Tier 1,2024-05-31
CUST04913,Ritu Kumar,Female,21,ritu.kumar4913@example.com,Bangalore,Karnataka,Tier 1,2022-07-07
CUST04914,Rohan Sharma,Male,25,rohan.sharma4914@example.com,Kolkata,West Bengal,Tier 1,2023-11-03
CUST04915,Vikram Sharma,Male,24,vikram.sharma4915@example.com,Bangalore,Karnataka,Tier 1,2023-04-11
CUST04916,Priya Reddy,Female,24,priya.reddy4916@example.com,Bhavnagar,Gujarat,Tier 3,2024-05-01
CUST04917,Shreya Patel,Female,43,shreya.patel4917@example.com,Mumbai,Maharashtra,Tier 1,2023-06-19
CUST04918,Deepak Iyer,Male,34,deepak.iyer4918@example.com,Hisar,Haryana,Tier 3,2022-01-24
CUST04919,Vikram Joshi,Male,28,vikram.joshi4919@example.com,Bangalore,Karnataka,Tier 1,2023-11-22
CUST04920,Sanjay Verma,Male,18,sanjay.verma4920@example.com,Chennai,Tamil Nadu,Tier 1,2022-12-23
CUST04921,Shreya Sharma,Female,28,shreya.sharma4921@example.com,Hyderabad,Telangana,Tier 1,2023-02-13
CUST04922,Vikram Patel,Male,39,vikram.patel4922@example.com,Hyderabad,Telangana,Tier 1,2023-08-31
CUST04923,Meera Verma,Female,31,meera.verma4923@example.com,Kolkata,West Bengal,Tier 1,2024-05-07
CUST04924,Sneha Patel,Female,28,sneha.patel4924@example.com,Bangalore,Karnataka,Tier 1,2023-03-17
CUST04925,Rohan Kumar,Male,39,rohan.kumar4925@example.com,Kolkata,West Bengal,Tier 1,2023-01-06
CUST04926,Rahul Verma,Male,41,rahul.verma4926@example.com,Mumbai,Maharashtra,Tier 1,2023-04-28
CUST04927,Ritu Iyer,Female,18,ritu.iyer4927@example.com,Mumbai,Maharashtra,Tier 1,2022-04-24
CUST04928,Kavita Reddy,Female,34,kavita.reddy4928@example.com,Jodhpur,Rajasthan,Tier 2,2022-07-24
CUST04929,Arjun Iyer,Male,28,arjun.iyer4929@example.com,Rewa,Madhya Pradesh,Tier 3,2024-07-31
CUST04930,Kavita Kumar,Female,25,kavita.kumar4930@example.com,Chennai,Tamil Nadu,Tier 1,2023-02-14
CUST04931,Rohan Kumar,Male,25,rohan.kumar4931@example.com,Karimnagar,Telangana,Tier 3,2022-03-09
CUST04932,Vikram Kumar,Male,32,vikram.kumar4932@example.com,Rajkot,Gujarat,Tier 2,2024-07-31
CUST04933,Priya Verma,Female,39,priya.verma4933@example.com,Hyderabad,Telangana,Tier 1,2024-07-18
CUST04934,Amit Nair,Male,21,amit.nair4934@example.com,Mumbai,Maharashtra,Tier 1,2022-08-03
CUST04935,Rohan Sharma,Male,37,rohan.sharma4935@example.com,Mumbai,Maharashtra,Tier 1,2024-01-22
CUST04936,Meera Gupta,Female,35,meera.gupta4936@example.com,Kolkata,West Bengal,Tier 1,2023-12-11
CUST04937,Ritu Kumar,Female,29,ritu.kumar4937@example.com,Indore,Madhya Pradesh,Tier 2,2023-06-19
CUST04938,Sanjay Patel,Male,36,sanjay.patel4938@example.com,Kolkata,West Bengal,Tier 1,2022-05-30
CUST04939,Deepak Sharma,Male,28,deepak.sharma4939@example.com,Hyderabad,Telangana,Tier 1,2024-11-21
CUST04940,Arjun Iyer,Male,40,arjun.iyer4940@example.com,Chennai,Tamil Nadu,Tier 1,2024-08-14
CUST04941,Manoj Sharma,Male,42,manoj.sharma4941@example.com,Indore,Madhya Pradesh,Tier 2,2023-02-20
CUST04942,Arjun Sharma,Male,24,arjun.sharma4942@example.com,Raipur,Chhattisgarh,Tier 2,2023-08-29
CUST04943,Rohan Nair,Male,34,rohan.nair4943@example.com,Rajkot,Gujarat,Tier 2,2023-03-02
CUST04944,Divya Verma,Female,24,divya.verma4944@example.com,Nagpur,Maharashtra,Tier 2,2024-01-11
CUST04945,Sanjay Gupta,Male,30,sanjay.gupta4945@example.com,Sagar,Madhya Pradesh,Tier 3,2022-11-19
CUST04946,Rahul Kumar,Male,18,rahul.kumar4946@example.com,Bangalore,Karnataka,Tier 1,2023-01-10
CUST04947,Divya Kumar,Female,18,divya.kumar4947@example.com,Ratlam,Madhya Pradesh,Tier 3,2023-07-12
CUST04948,Neha Verma,Female,27,neha.verma4948@example.com,Sagar,Madhya Pradesh,Tier 3,2023-08-01
CUST04949,Rahul Sharma,Male,30,rahul.sharma4949@example.com,Raipur,Chhattisgarh,Tier 2,2022-02-27
CUST04950,Neha Singh,Female,32,neha.singh4950@example.com,Jodhpur,Rajasthan,Tier 2,2023-11-21
CUST04951,Divya Reddy,Female,36,divya.reddy4951@example.com,Ranchi,Jharkhand,Tier 2,2022-08-23
CUST04952,Shreya Kumar,Female,28,shreya.kumar4952@example.com,Raipur,Chhattisgarh,Tier 2,2022-08-27
CUST04953,Rohan Verma,Male,45,rohan.verma4953@example.com,Hyderabad,Telangana,Tier 1,2022-04-22
CUST04954,Arjun Gupta,Male,27,arjun.gupta4954@example.com,Ranchi,Jharkhand,Tier 2,2022-07-27
CUST04955,Manoj Reddy,Male,33,manoj.reddy4955@example.com,Ambala,Haryana,Tier 3,2023-08-05
CUST04956,Sneha Reddy,Female,21,sneha.reddy4956@example.com,Delhi,Delhi,Tier 1,2022-03-30
CUST04957,Neha Verma,Female,45,neha.verma4957@example.com,Hyderabad,Telangana,Tier 1,2023-06-07
CUST04958,Deepak Gupta,Male,35,deepak.gupta4958@example.com,Ratlam,Madhya Pradesh,Tier 3,2022-02-07
CUST04959,Sanjay Sharma,Male,37,sanjay.sharma4959@example.com,Kolkata,West Bengal,Tier 1,2022-07-29
CUST04960,Suresh Reddy,Male,36,suresh.reddy4960@example.com,Latur,Maharashtra,Tier 3,2023-01-16
CUST04961,Anjali Kumar,Female,28,anjali.kumar4961@example.com,Hyderabad,Telangana,Tier 1,2024-05-08
CUST04962,Amit Verma,Male,31,amit.verma4962@example.com,Bangalore,Karnataka,Tier 1,2023-06-29
CUST04963,Shreya Iyer,Female,30,shreya.iyer4963@example.com,Latur,Maharashtra,Tier 3,2024-11-15
CUST04964,Anjali Kumar,Female,31,anjali.kumar4964@example.com,Amritsar,Punjab,Tier 2,2022-07-17
CUST04965,Suresh Joshi,Male,22,suresh.joshi4965@example.com,Mumbai,Maharashtra,Tier 1,2023-11-25
CUST04966,Manoj Kumar,Male,25,manoj.kumar4966@example.com,Delhi,Delhi,Tier 1,2022-02-17
CUST04967,Arjun Gupta,Male,27,arjun.gupta4967@example.com,Bilaspur,Chhattisgarh,Tier 3,2023-09-05
CUST04968,Arjun Patel,Male,25,arjun.patel4968@example.com,Pune,Maharashtra,Tier 1,2024-05-24
CUST04969,Shreya Joshi,Female,25,shreya.joshi4969@example.com,Latur,Maharashtra,Tier 3,2024-06-23
CUST04970,Manoj Kumar,Male,28,manoj.kumar4970@example.com,Ranchi,Jharkhand,Tier 2,2023-01-25
CUST04971,Ritu Joshi,Female,33,ritu.joshi4971@example.com,Amritsar,Punjab,Tier 2,2022-06-09
CUST04972,Pooja Verma,Female,41,pooja.verma4972@example.com,Chennai,Tamil Nadu,Tier 1,2022-06-04
CUST04973,Shreya Iyer,Female,26,shreya.iyer4973@example.com,Sagar,Madhya Pradesh,Tier 3,2024-03-05
CUST04974,Karan Reddy,Male,18,karan.reddy4974@example.com,Ambala,Haryana,Tier 3,2024-03-22
CUST04975,Anjali Reddy,Female,29,anjali.reddy4975@example.com,Jodhpur,Rajasthan,Tier 2,2022-04-29
CUST04976,Vikram Gupta,Male,18,vikram.gupta4976@example.com,Karimnagar,Telangana,Tier 3,2023-04-20
CUST04977,Priya Iyer,Female,19,priya.iyer4977@example.com,Rajkot,Gujarat,Tier 2,2023-03-11
CUST04978,Pooja Gupta,Female,27,pooja.gupta4978@example.com,Hyderabad,Telangana,Tier 1,2022-11-08
CUST04979,Ritu Patel,Female,37,ritu.patel4979@example.com,Bhopal,Madhya Pradesh,Tier 2,2024-08-14
CUST04980,Shreya Joshi,Female,30,shreya.joshi4980@example.com,Delhi,Delhi,Tier 1,2023-12-01
CUST04981,Priya Verma,Female,26,priya.verma4981@example.com,Akola,Maharashtra,Tier 3,2024-01-05
CUST04982,Neha Reddy,Female,20,neha.reddy4982@example.com,Raipur,Chhattisgarh,Tier 2,2024-01-14
CUST04983,Rahul Gupta,Male,23,rahul.gupta4983@example.com,Ambala,Haryana,Tier 3,2022-02-23
CUST04984,Deepak Iyer,Male,38,deepak.iyer4984@example.com,Hyderabad,Telangana,Tier 1,2023-02-12
CUST04985,Amit Verma,Male,35,amit.verma4985@example.com,Rohtak,Haryana,Tier 3,2023-01-01
CUST04986,Vikram Sharma,Male,25,vikram.sharma4986@example.com,Hyderabad,Telangana,Tier 1,2024-04-21
CUST04987,Anjali Nair,Female,18,anjali.nair4987@example.com,Ambala,Haryana,Tier 3,2023-09-13
CUST04988,Rohan Singh,Male,22,rohan.singh4988@example.com,Kolkata,West Bengal,Tier 1,2024-09-01
CUST04989,Neha Verma,Female,33,neha.verma4989@example.com,Amritsar,Punjab,Tier 2,2024-03-16
CUST04990,Priya Nair,Female,21,priya.nair4990@example.com,Akola,Maharashtra,Tier 3,2023-10-21
CUST04991,Meera Sharma,Female,24,meera.sharma4991@example.com,Chennai,Tamil Nadu,Tier 1,2022-03-23
CUST04992,Deepak Reddy,Male,36,deepak.reddy4992@example.com,Kolkata,West Bengal,Tier 1,2023-07-22
CUST04993,Meera Patel,Female,23,meera.patel4993@example.com,Vadodara,Gujarat,Tier 2,2024-10-08
CUST04994,Sanjay Singh,Male,27,sanjay.singh4994@example.com,Delhi,Delhi,Tier 1,2024-02-18
CUST04995,Manoj Iyer,Male,33,manoj.iyer4995@example.com,Ranchi,Jharkhand,Tier 2,2022-11-10
CUST04996,Divya Sharma,Female,44,divya.sharma4996@example.com,Chennai,Tamil Nadu,Tier 1,2023-11-29
CUST04997,Rahul Sharma,Male,38,rahul.sharma4997@example.com,Rohtak,Haryana,Tier 3,2024-10-26
CUST04998,Karan Iyer,Male,35,karan.iyer4998@example.com,Rewa,Madhya Pradesh,Tier 3,2022-01-17
CUST04999,Anjali Patel,Female,35,anjali.patel4999@example.com,Bangalore,Karnataka,Tier 1,2023-11-23
CUST05000,Karan Joshi,Male,38,karan.joshi5000@example.com,Kolkata,West Bengal,Tier 1,2024-06-24
